order_id,customer_id,order_date,channel,payment_method,region,items_ordered,primary_category,gross_revenue,discount_pct,discount_amount,shipping_cost,product_cost,platform_fee,transaction_fee,returned,refund_amount,net_revenue,total_costs,profit,calculated_total_costs,costs_match,order_year,order_month,order_month_name,profit_margin
ORD-000001,C-0617,2025-06-24,Mobile App,Gift Card,Northeast,2,Electronics,261.39,0,0.0,22.28,92.3,0.0,7.88,No,0.0,261.39,122.46,138.93,122.46,True,2025,2025-06-01,June,0.5315046482267876
ORD-000002,C-0720,2025-08-23,Website,Credit Card,Midwest,1,Beauty,24.02,0,0.0,3.98,10.75,0.0,1.0,No,0.0,24.02,15.73,8.29,15.73,True,2025,2025-08-01,August,0.34512905911740216
ORD-000003,C-0189,2025-07-20,Website,Credit Card,Southeast,2,Toys,52.6,0,0.0,14.6,31.41,0.0,1.83,No,0.0,52.6,47.84,4.76,47.839999999999996,True,2025,2025-07-01,July,0.09049429657794676
ORD-000004,C-0058,2025-07-17,Mobile App,Debit Card,Southeast,2,Sports,30.63,5,1.53,30.98,16.27,0.0,1.14,No,0.0,29.1,48.39,-19.29,48.39,True,2025,2025-07-01,July,-0.6628865979381443
ORD-000005,C-0580,2025-10-11,Marketplace,Credit Card,Northeast,1,Sports,11.99,25,3.0,10.3,6.88,1.35,0.56,No,0.0,8.99,19.09,-10.1,19.09,True,2025,2025-10-01,October,-1.1234705228031145
ORD-000006,C-0678,2024-09-24,Mobile App,Debit Card,Northeast,4,Toys,126.99,15,19.05,61.56,57.74,0.0,3.43,No,0.0,107.94,122.73,-14.79,122.73000000000002,True,2024,2024-09-01,September,-0.13702056698165646
ORD-000007,C-0484,2025-03-30,Marketplace,Credit Card,Southeast,2,Clothing,298.36,0,0.0,20.84,105.76,44.75,8.95,No,0.0,298.36,180.3,118.06,180.3,True,2025,2025-03-01,March,0.39569647405818476
ORD-000008,C-0715,2025-11-11,Website,Buy Now Pay Later,Southeast,3,Sports,71.03,10,7.1,29.3,40.99,0.0,2.15,Yes,63.93,0.0,72.44,-72.44,72.44000000000001,True,2025,2025-11-01,November,
ORD-000009,C-0221,2025-01-25,Website,PayPal,Midwest,1,Sports,23.98,15,3.6,20.6,13.76,0.0,0.89,No,0.0,20.38,35.25,-14.87,35.25,True,2025,2025-01-01,January,-0.7296368989205103
ORD-000010,C-0726,2025-02-03,Website,Buy Now Pay Later,Northeast,1,Food & Beverage,345.27,25,86.32,24.66,101.85,0.0,7.81,No,0.0,258.95,134.32,124.63,134.32,True,2025,2025-02-01,February,0.48128982429040357
ORD-000011,C-0413,2024-11-29,Marketplace,Credit Card,Midwest,1,Books,26.5,5,1.32,5.5,8.06,3.78,1.03,No,0.0,25.18,18.37,6.81,18.37,True,2024,2024-11-01,November,0.2704527402700556
ORD-000012,C-0759,2024-05-20,Social Commerce,Credit Card,Northeast,1,Clothing,62.7,0,0.0,7.5,20.79,5.02,2.12,No,0.0,62.7,35.43,27.27,35.43,True,2024,2024-05-01,May,0.4349282296650717
ORD-000013,C-0090,2025-06-02,Social Commerce,PayPal,Midwest,3,Beauty,136.77,10,13.68,31.86,56.88,9.85,3.87,No,0.0,123.09,102.46,20.63,102.46000000000001,True,2025,2025-06-01,June,0.16760094239987
ORD-000014,C-0632,2025-12-27,Mobile App,Credit Card,West Coast,2,Sports,160.31,0,0.0,15.24,75.89,0.0,4.95,No,0.0,160.31,96.08,64.23,96.08,True,2025,2025-12-01,December,0.4006612188884037
ORD-000015,C-0777,2024-06-21,Marketplace,Credit Card,Southeast,5,Clothing,254.7,10,25.47,59.06,106.5,34.38,6.95,No,0.0,229.23,206.89,22.34,206.89,True,2024,2024-06-01,June,0.09745670287484187
ORD-000016,C-0559,2025-06-28,Website,PayPal,Midwest,3,Food & Beverage,165.86,0,0.0,28.66,52.32,0.0,5.11,No,0.0,165.86,86.09,79.77,86.09,True,2025,2025-06-01,June,0.4809477872904859
ORD-000017,C-0608,2025-01-06,Website,Credit Card,Midwest,1,Toys,114.58,0,0.0,26.36,41.44,0.0,3.62,No,0.0,114.58,71.42,43.16,71.42,True,2025,2025-01-01,January,0.376680048874149
ORD-000018,C-0639,2025-02-23,Mobile App,Buy Now Pay Later,Southwest,2,Beauty,43.21,0,0.0,23.8,27.23,0.0,1.55,No,0.0,43.21,52.58,-9.37,52.58,True,2025,2025-02-01,February,-0.21684795186299466
ORD-000019,C-0600,2024-03-16,Marketplace,PayPal,Northeast,2,Books,29.95,0,0.0,33.06,13.54,4.49,1.17,No,0.0,29.95,52.26,-22.31,52.260000000000005,True,2024,2024-03-01,March,-0.7449081803005008
ORD-000020,C-0309,2025-07-08,Marketplace,PayPal,Northeast,1,Sports,91.38,0,0.0,23.16,56.42,13.71,2.95,No,0.0,91.38,96.24,-4.86,96.24,True,2025,2025-07-01,July,-0.05318450426789233
ORD-000021,C-0392,2025-01-15,Website,Gift Card,Midwest,2,Beauty,56.46,0,0.0,19.88,19.09,0.0,1.94,No,0.0,56.46,40.91,15.55,40.91,True,2025,2025-01-01,January,0.27541622387530995
ORD-000022,C-0208,2025-01-14,Social Commerce,Credit Card,West Coast,1,Sports,77.62,0,0.0,22.84,33.1,6.21,2.55,No,0.0,77.62,64.7,12.92,64.7,True,2025,2025-01-01,January,0.16645194537490338
ORD-000023,C-0162,2025-12-03,Website,Credit Card,Southwest,1,Electronics,192.38,0,0.0,10.06,72.59,0.0,5.88,Yes,192.38,0.0,88.53,-88.53,88.53,True,2025,2025-12-01,December,
ORD-000024,C-0634,2025-05-31,Mobile App,Gift Card,Northeast,3,Beauty,233.9,15,35.09,36.82,87.78,0.0,6.07,No,0.0,198.81,130.67,68.14,130.67,True,2025,2025-05-01,May,0.3427392988280268
ORD-000025,C-0334,2024-07-17,Mobile App,PayPal,West Coast,2,Sports,129.38,10,12.94,16.9,49.49,0.0,3.68,No,0.0,116.44,70.07,46.37,70.07000000000001,True,2024,2024-07-01,July,0.39823084850566814
ORD-000026,C-0569,2025-09-12,Social Commerce,Credit Card,Midwest,2,Home & Kitchen,58.12,0,0.0,23.56,21.32,4.65,1.99,Yes,58.12,0.0,51.52,-51.52,51.519999999999996,True,2025,2025-09-01,September,
ORD-000027,C-0095,2025-09-14,Website,Credit Card,Southwest,1,Food & Beverage,136.04,10,13.6,6.3,39.68,0.0,3.85,Yes,122.44,0.0,49.83,-49.83,49.83,True,2025,2025-09-01,September,
ORD-000028,C-0085,2025-09-29,Website,Credit Card,Southwest,1,Toys,46.8,5,2.34,9.9,19.21,0.0,1.59,No,0.0,44.46,30.7,13.76,30.7,True,2025,2025-09-01,September,0.3094916779127305
ORD-000029,C-0436,2025-08-25,Marketplace,Credit Card,Midwest,1,Toys,69.12,0,0.0,9.1,20.88,10.37,2.3,No,0.0,69.12,42.65,26.47,42.64999999999999,True,2025,2025-08-01,August,0.3829571759259259
ORD-000030,C-0053,2025-02-04,Marketplace,Credit Card,Southeast,1,Clothing,193.68,5,9.68,14.58,98.01,27.6,5.64,No,0.0,184.0,145.83,38.17,145.82999999999998,True,2025,2025-02-01,February,0.20744565217391306
ORD-000031,C-0605,2025-02-12,Marketplace,Gift Card,Midwest,2,Home & Kitchen,56.58,0,0.0,24.44,20.88,8.49,1.94,No,0.0,56.58,55.75,0.83,55.75,True,2025,2025-02-01,February,0.014669494521032167
ORD-000032,C-0535,2024-12-26,Website,Buy Now Pay Later,Southwest,1,Home & Kitchen,66.44,5,3.32,17.88,38.92,0.0,2.13,No,0.0,63.12,58.93,4.19,58.93,True,2024,2024-12-01,December,0.06638149556400508
ORD-000033,C-0667,2025-03-29,Mobile App,Credit Card,Midwest,1,Food & Beverage,115.09,25,28.77,8.22,33.95,0.0,2.8,No,0.0,86.32,44.97,41.35,44.97,True,2025,2025-03-01,March,0.47903151065801675
ORD-000034,C-0342,2025-07-01,Website,Buy Now Pay Later,Southwest,4,Sports,304.16,10,30.42,84.1,130.48,0.0,8.24,No,0.0,273.74,222.82,50.92,222.82,True,2025,2025-07-01,July,0.18601592752246657
ORD-000035,C-0021,2025-06-20,Marketplace,PayPal,Southwest,1,Beauty,174.69,0,0.0,40.26,67.26,26.2,5.37,No,0.0,174.69,139.09,35.6,139.09,True,2025,2025-06-01,June,0.20378957009559792
ORD-000036,C-0479,2024-08-30,Mobile App,PayPal,Southwest,4,Food & Beverage,655.67,0,0.0,86.02,244.67,0.0,19.31,No,0.0,655.67,350.0,305.67,350.0,True,2024,2024-08-01,August,0.4661948846218373
ORD-000037,C-0711,2025-11-08,Website,Credit Card,Southeast,1,Clothing,25.84,0,0.0,14.78,9.89,0.0,1.05,No,0.0,25.84,25.72,0.12,25.720000000000002,True,2025,2025-11-01,November,0.0046439628482972135
ORD-000038,C-0678,2025-02-02,Website,Credit Card,Northeast,3,Beauty,647.14,25,161.78,51.56,245.48,0.0,14.38,No,0.0,485.36,311.42,173.94,311.41999999999996,True,2025,2025-02-01,February,0.3583731663095434
ORD-000039,C-0150,2025-05-04,Mobile App,PayPal,Southeast,1,Clothing,50.13,5,2.51,4.22,31.64,0.0,1.68,No,0.0,47.62,37.54,10.08,37.54,True,2025,2025-05-01,May,0.21167576648467032
ORD-000040,C-0471,2024-09-15,Social Commerce,Credit Card,Midwest,2,Books,69.55,15,10.43,21.64,32.89,4.73,2.01,No,0.0,59.12,61.27,-2.15,61.27,True,2024,2024-09-01,September,-0.03636671177266577
ORD-000041,C-0006,2025-07-15,Marketplace,Credit Card,Southwest,1,Electronics,24.38,10,2.44,13.9,16.19,3.29,0.94,No,0.0,21.94,34.32,-12.38,34.32,True,2025,2025-07-01,July,-0.5642661804922516
ORD-000042,C-0600,2025-09-01,Website,PayPal,West Coast,2,Sports,117.38,0,0.0,19.0,55.87,0.0,3.7,No,0.0,117.38,78.57,38.81,78.57000000000001,True,2025,2025-09-01,September,0.33063554268188794
ORD-000043,C-0633,2025-10-25,Mobile App,Credit Card,Southwest,1,Toys,69.12,20,13.82,9.1,20.88,0.0,1.9,No,0.0,55.3,31.88,23.42,31.879999999999995,True,2025,2025-10-01,October,0.4235081374321881
ORD-000044,C-0483,2025-11-23,Website,Credit Card,Northeast,2,Food & Beverage,88.35,20,17.67,30.98,33.97,0.0,2.35,No,0.0,70.68,67.3,3.38,67.3,True,2025,2025-11-01,November,0.047821165817770225
ORD-000045,C-0746,2024-11-17,Marketplace,Credit Card,Southeast,1,Books,20.16,25,5.04,5.98,7.08,2.27,0.74,No,0.0,15.12,16.07,-0.95,16.07,True,2024,2024-11-01,November,-0.06283068783068783
ORD-000046,C-0204,2024-09-25,Website,Credit Card,Southwest,5,Electronics,863.29,0,0.0,102.66,341.09,0.0,25.34,Yes,863.29,0.0,469.09,-469.09,469.09,True,2024,2024-09-01,September,
ORD-000047,C-0734,2025-07-23,Marketplace,PayPal,West Coast,1,Beauty,11.82,5,0.59,11.9,5.81,1.68,0.63,No,0.0,11.23,20.02,-8.79,20.02,True,2025,2025-07-01,July,-0.7827248441674086
ORD-000048,C-0202,2024-11-20,Marketplace,Gift Card,Midwest,1,Food & Beverage,85.06,20,17.01,11.82,36.72,10.21,2.27,No,0.0,68.05,61.02,7.03,61.02,True,2024,2024-11-01,November,0.10330639235855989
ORD-000049,C-0229,2025-06-09,Marketplace,Credit Card,West Coast,2,Food & Beverage,203.21,10,20.32,29.72,64.76,27.43,5.6,No,0.0,182.89,127.51,55.38,127.50999999999999,True,2025,2025-06-01,June,0.3028049647328996
ORD-000050,C-0169,2025-01-27,Social Commerce,Debit Card,West Coast,5,Home & Kitchen,294.17,15,44.13,73.0,116.48,20.0,7.55,No,0.0,250.04,217.03,33.01,217.03000000000003,True,2025,2025-01-01,January,0.13201887697968326
ORD-000051,C-0550,2025-01-10,Website,Credit Card,Southwest,1,Food & Beverage,66.05,15,9.91,14.86,23.44,0.0,1.93,No,0.0,56.14,40.23,15.91,40.23,True,2025,2025-01-01,January,0.283398646241539
ORD-000052,C-0207,2025-11-22,Mobile App,PayPal,West Coast,2,Home & Kitchen,202.12,15,30.32,23.48,79.94,0.0,5.28,No,0.0,171.8,108.7,63.1,108.7,True,2025,2025-11-01,November,0.3672875436554133
ORD-000053,C-0247,2025-07-01,Mobile App,PayPal,Southwest,1,Beauty,61.44,15,9.22,12.06,19.8,0.0,1.81,No,0.0,52.22,33.67,18.55,33.67,True,2025,2025-07-01,July,0.3552278820375335
ORD-000054,C-0378,2025-07-29,Website,Buy Now Pay Later,Northeast,4,Toys,274.53,10,27.45,26.96,111.46,0.0,7.47,No,0.0,247.08,145.89,101.19,145.89,True,2025,2025-07-01,July,0.4095434677027683
ORD-000055,C-0734,2025-08-01,Marketplace,Credit Card,Northeast,2,Electronics,374.98,5,18.75,18.84,133.53,53.43,10.63,Yes,356.23,0.0,216.43,-216.43,216.43,True,2025,2025-08-01,August,
ORD-000056,C-0583,2024-05-20,Website,Gift Card,West Coast,3,Books,69.88,20,13.98,25.28,26.93,0.0,1.92,No,0.0,55.9,54.13,1.77,54.13,True,2024,2024-05-01,May,0.031663685152057246
ORD-000057,C-0246,2025-07-01,Website,Credit Card,Southwest,1,Beauty,72.06,10,7.21,11.94,32.25,0.0,2.18,No,0.0,64.85,46.37,18.48,46.37,True,2025,2025-07-01,July,0.2849653045489592
ORD-000058,C-0282,2025-06-03,Mobile App,PayPal,Midwest,1,Books,3.49,0,0.0,10.38,2.17,0.0,0.4,Yes,3.49,0.0,12.95,-12.95,12.950000000000001,True,2025,2025-06-01,June,
ORD-000059,C-0123,2024-10-08,Website,Gift Card,Midwest,2,Food & Beverage,26.95,15,4.04,20.84,16.07,0.0,0.96,No,0.0,22.91,37.87,-14.96,37.87,True,2024,2024-10-01,October,-0.6529899607158447
ORD-000060,C-0168,2024-05-16,Mobile App,PayPal,West Coast,1,Toys,90.54,20,18.11,25.56,47.98,0.0,2.4,No,0.0,72.43,75.94,-3.51,75.94,True,2024,2024-05-01,May,-0.04846058263150627
ORD-000061,C-0123,2025-11-21,Marketplace,PayPal,West Coast,2,Food & Beverage,54.47,15,8.17,23.08,21.48,6.94,1.64,No,0.0,46.3,53.14,-6.84,53.14,True,2025,2025-11-01,November,-0.14773218142548597
ORD-000062,C-0090,2025-04-29,Website,Credit Card,Midwest,2,Beauty,220.38,5,11.02,24.76,65.57,0.0,6.37,No,0.0,209.36,96.7,112.66,96.7,True,2025,2025-04-01,April,0.5381161635460451
ORD-000063,C-0584,2025-05-10,Mobile App,Buy Now Pay Later,Southeast,1,Home & Kitchen,15.69,10,1.57,9.34,4.67,0.0,0.71,No,0.0,14.12,14.72,-0.6,14.719999999999999,True,2025,2025-05-01,May,-0.042492917847025496
ORD-000064,C-0697,2025-11-22,Mobile App,Credit Card,Southwest,4,Home & Kitchen,176.25,0,0.0,43.68,79.67,0.0,5.41,No,0.0,176.25,128.76,47.49,128.76,True,2025,2025-11-01,November,0.2694468085106383
ORD-000065,C-0326,2025-03-11,Mobile App,Debit Card,Northeast,3,Sports,401.01,0,0.0,28.3,180.89,0.0,11.93,No,0.0,401.01,221.12,179.89,221.12,True,2025,2025-03-01,March,0.44859230443131093
ORD-000066,C-0118,2025-06-08,Website,PayPal,Southwest,1,Books,30.61,5,1.53,9.9,9.18,0.0,1.14,No,0.0,29.08,20.22,8.86,20.22,True,2025,2025-06-01,June,0.3046767537826685
ORD-000067,C-0273,2024-08-25,Website,Debit Card,Southeast,1,Food & Beverage,127.92,15,19.19,22.84,74.56,0.0,3.45,No,0.0,108.73,100.85,7.88,100.85000000000001,True,2024,2024-08-01,August,0.07247309850087372
ORD-000068,C-0633,2025-04-26,Website,Buy Now Pay Later,Midwest,3,Clothing,209.71,15,31.46,36.7,76.77,0.0,5.47,No,0.0,178.25,118.94,59.31,118.94,True,2025,2025-04-01,April,0.3327349228611501
ORD-000069,C-0188,2025-11-17,Mobile App,Buy Now Pay Later,Southwest,1,Beauty,5.22,10,0.52,14.3,2.85,0.0,0.44,No,0.0,4.7,17.59,-12.89,17.590000000000003,True,2025,2025-11-01,November,-2.7425531914893617
ORD-000070,C-0635,2025-01-11,Marketplace,Buy Now Pay Later,Northeast,4,Home & Kitchen,233.97,20,46.79,71.32,122.29,28.08,5.73,No,0.0,187.18,227.42,-40.24,227.42,True,2025,2025-01-01,January,-0.21498023293086868
ORD-000071,C-0774,2025-02-13,Social Commerce,Credit Card,Southeast,1,Clothing,40.89,20,8.18,15.1,16.21,2.62,1.25,No,0.0,32.71,35.18,-2.47,35.18,True,2025,2025-02-01,February,-0.07551207581779273
ORD-000072,C-0321,2024-11-24,Mobile App,Credit Card,West Coast,1,Electronics,24.38,20,4.88,13.9,16.19,0.0,0.87,No,0.0,19.5,30.96,-11.46,30.960000000000004,True,2024,2024-11-01,November,-0.5876923076923077
ORD-000073,C-0507,2025-05-25,Website,PayPal,West Coast,2,Sports,209.53,15,31.43,20.02,75.75,0.0,5.46,No,0.0,178.1,101.23,76.87,101.22999999999999,True,2025,2025-05-01,May,0.4316114542391915
ORD-000074,C-0341,2024-12-08,Marketplace,Debit Card,Southwest,1,Food & Beverage,28.96,0,0.0,9.02,8.3,4.34,1.14,No,0.0,28.96,22.8,6.16,22.8,True,2024,2024-12-01,December,0.212707182320442
ORD-000075,C-0223,2025-08-31,Mobile App,Debit Card,Southwest,1,Beauty,48.04,0,0.0,7.96,21.5,0.0,1.69,No,0.0,48.04,31.15,16.89,31.150000000000002,True,2025,2025-08-01,August,0.3515820149875104
ORD-000076,C-0071,2025-11-07,Marketplace,Debit Card,Midwest,2,Books,26.51,0,0.0,22.2,9.98,3.98,1.07,No,0.0,26.51,37.23,-10.72,37.23,True,2025,2025-11-01,November,-0.4043757072802716
ORD-000077,C-0022,2025-04-04,Website,Credit Card,Southeast,2,Clothing,167.59,0,0.0,28.1,57.4,0.0,5.16,Yes,167.59,0.0,90.66,-90.66,90.66,True,2025,2025-04-01,April,
ORD-000078,C-0664,2025-01-24,Website,PayPal,West Coast,3,Toys,180.3,0,0.0,46.88,89.4,0.0,5.53,No,0.0,180.3,141.81,38.49,141.81,True,2025,2025-01-01,January,0.213477537437604
ORD-000079,C-0661,2025-06-05,Marketplace,Debit Card,Southeast,1,Beauty,24.02,0,0.0,3.98,10.75,3.6,1.0,No,0.0,24.02,19.33,4.69,19.330000000000002,True,2025,2025-06-01,June,0.19525395503746878
ORD-000080,C-0506,2025-08-08,Website,Buy Now Pay Later,West Coast,1,Electronics,24.38,0,0.0,13.9,16.19,0.0,1.01,No,0.0,24.38,31.1,-6.72,31.100000000000005,True,2025,2025-08-01,August,-0.2756357670221493
ORD-000081,C-0008,2025-07-20,Website,PayPal,Midwest,1,Clothing,100.26,10,10.03,8.44,63.28,0.0,2.92,No,0.0,90.23,74.64,15.59,74.64,True,2025,2025-07-01,July,0.17278067161697883
ORD-000082,C-0329,2025-07-25,Website,Credit Card,Northeast,1,Sports,208.28,0,0.0,29.08,66.08,0.0,6.34,No,0.0,208.28,101.5,106.78,101.5,True,2025,2025-07-01,July,0.5126752448626849
ORD-000083,C-0721,2025-02-07,Website,Debit Card,West Coast,4,Toys,197.71,15,29.66,28.88,92.29,0.0,5.17,No,0.0,168.05,126.34,41.71,126.34,True,2025,2025-02-01,February,0.24819994049390062
ORD-000084,C-0130,2025-06-29,Mobile App,Credit Card,Northeast,1,Home & Kitchen,67.09,15,10.06,10.54,26.96,0.0,1.95,No,0.0,57.03,39.45,17.58,39.45,True,2025,2025-06-01,June,0.3082588111520252
ORD-000085,C-0114,2025-07-03,Mobile App,PayPal,Northeast,3,Toys,139.45,5,6.97,40.56,44.49,0.0,4.14,No,0.0,132.48,89.19,43.29,89.19000000000001,True,2025,2025-07-01,July,0.3267663043478261
ORD-000086,C-0117,2025-12-02,Marketplace,PayPal,Southwest,3,Food & Beverage,231.74,10,23.17,58.78,80.36,31.29,6.35,No,0.0,208.57,176.78,31.79,176.77999999999997,True,2025,2025-12-01,December,0.15241885218391907
ORD-000087,C-0271,2024-12-02,Mobile App,Credit Card,Southwest,2,Toys,139.54,0,0.0,20.76,61.19,0.0,4.35,No,0.0,139.54,86.3,53.24,86.3,True,2024,2024-12-01,December,0.38153934355740293
ORD-000088,C-0623,2024-10-08,Website,Debit Card,West Coast,4,Toys,716.16,0,0.0,69.12,241.86,0.0,21.07,No,0.0,716.16,332.05,384.11,332.05,True,2024,2024-10-01,October,0.5363466264521894
ORD-000089,C-0730,2025-02-28,Mobile App,Debit Card,Northeast,2,Electronics,153.75,15,23.06,21.56,53.88,0.0,4.09,No,0.0,130.69,79.53,51.16,79.53,True,2025,2025-02-01,February,0.39146070854694315
ORD-000090,C-0720,2024-06-17,Mobile App,Credit Card,Midwest,3,Beauty,40.86,0,0.0,45.44,19.24,0.0,1.48,No,0.0,40.86,66.16,-25.3,66.16,True,2024,2024-06-01,June,-0.6191874694077337
ORD-000091,C-0715,2025-09-27,Mobile App,Credit Card,Southwest,3,Sports,228.68,0,0.0,57.9,96.2,0.0,6.93,No,0.0,228.68,161.03,67.65,161.03,True,2025,2025-09-01,September,0.2958282315899948
ORD-000092,C-0301,2025-01-06,Website,Credit Card,West Coast,3,Electronics,297.24,15,44.59,42.48,141.35,0.0,7.63,No,0.0,252.65,191.46,61.19,191.45999999999998,True,2025,2025-01-01,January,0.24219275677815158
ORD-000093,C-0646,2025-10-25,Marketplace,PayPal,West Coast,2,Books,27.72,10,2.77,17.08,15.14,3.74,1.02,Yes,24.95,0.0,36.98,-36.98,36.980000000000004,True,2025,2025-10-01,October,
ORD-000094,C-0740,2025-09-04,Marketplace,Gift Card,Northeast,2,Toys,384.27,20,76.85,44.4,147.09,46.11,9.22,No,0.0,307.42,246.82,60.6,246.82000000000002,True,2025,2025-09-01,September,0.19712445514280139
ORD-000095,C-0680,2025-08-10,Mobile App,Debit Card,Southwest,1,Beauty,39.11,10,3.91,9.82,15.9,0.0,1.32,No,0.0,35.2,27.04,8.16,27.04,True,2025,2025-08-01,August,0.2318181818181818
ORD-000096,C-0410,2024-09-03,Website,Credit Card,Southeast,2,Sports,207.66,0,0.0,43.44,85.38,0.0,6.32,Yes,207.66,0.0,135.14,-135.14,135.14,True,2024,2024-09-01,September,
ORD-000097,C-0039,2025-07-30,Website,PayPal,Midwest,3,Food & Beverage,55.6,20,11.12,39.76,23.15,0.0,1.59,No,0.0,44.48,64.5,-20.02,64.5,True,2025,2025-07-01,July,-0.450089928057554
ORD-000098,C-0342,2025-11-06,Mobile App,PayPal,Northeast,1,Home & Kitchen,58.8,25,14.7,12.44,22.82,0.0,1.58,No,0.0,44.1,36.84,7.26,36.839999999999996,True,2025,2025-11-01,November,0.16462585034013605
ORD-000099,C-0583,2024-05-16,Website,Credit Card,West Coast,3,Sports,486.49,10,48.65,61.06,267.26,0.0,13.0,No,0.0,437.84,341.32,96.52,341.32,True,2024,2024-05-01,May,0.2204458249588891
ORD-000100,C-0368,2025-09-26,Website,Debit Card,West Coast,1,Clothing,56.0,0,0.0,12.86,19.82,0.0,1.92,No,0.0,56.0,34.6,21.4,34.6,True,2025,2025-09-01,September,0.3821428571428571
ORD-000101,C-0598,2025-02-25,Website,PayPal,Southeast,1,Home & Kitchen,105.44,10,10.54,8.94,42.07,0.0,3.05,No,0.0,94.9,54.06,40.84,54.059999999999995,True,2025,2025-02-01,February,0.4303477344573235
ORD-000102,C-0742,2024-11-26,Website,Debit Card,Midwest,1,Sports,104.14,0,0.0,14.54,33.04,0.0,3.32,No,0.0,104.14,50.9,53.24,50.9,True,2024,2024-11-01,November,0.5112348761282889
ORD-000103,C-0478,2024-10-29,Marketplace,PayPal,Midwest,1,Beauty,77.53,5,3.88,4.78,24.83,11.05,2.44,No,0.0,73.65,43.1,30.55,43.099999999999994,True,2024,2024-10-01,October,0.4147997284453496
ORD-000104,C-0731,2025-08-12,Marketplace,Credit Card,Southeast,2,Food & Beverage,200.98,5,10.05,42.32,82.4,28.64,5.84,No,0.0,190.93,159.2,31.73,159.20000000000002,True,2025,2025-08-01,August,0.16618656051956213
ORD-000105,C-0224,2025-01-05,Marketplace,Credit Card,Northeast,1,Books,8.92,10,0.89,10.22,5.33,1.2,0.53,No,0.0,8.03,17.28,-9.25,17.28,True,2025,2025-01-01,January,-1.1519302615193028
ORD-000106,C-0715,2025-06-15,Marketplace,PayPal,Northeast,2,Clothing,91.92,5,4.6,20.36,56.68,13.1,2.83,No,0.0,87.32,92.97,-5.65,92.96999999999998,True,2025,2025-06-01,June,-0.0647045350435181
ORD-000107,C-0200,2024-12-23,Mobile App,Credit Card,Southeast,3,Toys,190.03,20,38.01,33.06,70.27,0.0,4.71,No,0.0,152.02,108.04,43.98,108.03999999999999,True,2024,2024-12-01,December,0.2893040389422444
ORD-000108,C-0044,2025-02-09,Website,PayPal,Southwest,1,Books,9.03,0,0.0,13.98,6.37,0.0,0.56,No,0.0,9.03,20.91,-11.88,20.91,True,2025,2025-02-01,February,-1.3156146179401995
ORD-000109,C-0661,2025-09-03,Mobile App,Credit Card,Southeast,2,Electronics,89.14,0,0.0,20.52,32.47,0.0,2.89,No,0.0,89.14,55.88,33.26,55.879999999999995,True,2025,2025-09-01,September,0.3731209333632488
ORD-000110,C-0442,2025-04-23,Mobile App,Debit Card,Southeast,2,Clothing,123.67,25,30.92,25.64,48.97,0.0,2.99,No,0.0,92.75,77.6,15.15,77.6,True,2025,2025-04-01,April,0.1633423180592992
ORD-000111,C-0784,2025-05-19,Website,Credit Card,Southwest,4,Sports,666.72,25,166.68,56.42,243.25,0.0,14.8,No,0.0,500.04,314.47,185.57,314.47,True,2025,2025-05-01,May,0.37111031117510596
ORD-000112,C-0665,2025-08-25,Mobile App,Debit Card,Midwest,1,Sports,36.49,10,3.65,12.38,15.2,0.0,1.25,Yes,32.84,0.0,28.83,-28.83,28.83,True,2025,2025-08-01,August,
ORD-000113,C-0664,2024-12-02,Mobile App,Gift Card,Northeast,1,Clothing,187.78,0,0.0,12.28,65.62,0.0,5.75,No,0.0,187.78,83.65,104.13,83.65,True,2024,2024-12-01,December,0.5545318990307807
ORD-000114,C-0489,2025-02-02,Website,PayPal,Midwest,1,Electronics,271.64,0,0.0,11.64,86.1,0.0,8.18,No,0.0,271.64,105.92,165.72,105.91999999999999,True,2025,2025-02-01,February,0.6100721543218967
ORD-000115,C-0513,2025-10-08,Marketplace,PayPal,Midwest,1,Clothing,59.15,15,8.87,9.98,19.36,7.54,1.76,No,0.0,50.28,38.64,11.64,38.64,True,2025,2025-10-01,October,0.2315035799522673
ORD-000116,C-0511,2024-04-23,Mobile App,Debit Card,Southwest,1,Home & Kitchen,67.09,10,6.71,10.54,26.96,0.0,2.05,No,0.0,60.38,39.55,20.83,39.55,True,2024,2024-04-01,April,0.3449817820470354
ORD-000117,C-0482,2025-07-29,Marketplace,Credit Card,Southwest,5,Clothing,283.01,15,42.45,97.5,110.54,36.08,7.28,No,0.0,240.56,251.4,-10.84,251.4,True,2025,2025-07-01,July,-0.045061523112736944
ORD-000118,C-0633,2025-05-24,Social Commerce,Buy Now Pay Later,Southwest,2,Electronics,99.76,25,24.94,26.0,42.47,5.99,2.47,No,0.0,74.82,76.93,-2.11,76.92999999999999,True,2025,2025-05-01,May,-0.028201015771184175
ORD-000119,C-0438,2025-09-04,Website,Credit Card,Northeast,1,Clothing,95.89,0,0.0,9.34,27.4,0.0,3.08,No,0.0,95.89,39.82,56.07,39.81999999999999,True,2025,2025-09-01,September,0.5847325059964543
ORD-000120,C-0075,2024-11-06,Website,PayPal,West Coast,1,Books,16.8,20,3.36,4.14,8.25,0.0,0.69,No,0.0,13.44,13.08,0.36,13.08,True,2024,2024-11-01,November,0.026785714285714284
ORD-000121,C-0243,2025-09-17,Website,Buy Now Pay Later,Southwest,1,Home & Kitchen,54.48,20,10.9,10.94,21.25,0.0,1.56,No,0.0,43.58,33.75,9.83,33.75,True,2025,2025-09-01,September,0.2255621844882974
ORD-000122,C-0115,2025-01-10,Website,Debit Card,West Coast,2,Home & Kitchen,217.24,0,0.0,15.62,76.62,0.0,6.6,No,0.0,217.24,98.84,118.4,98.84,True,2025,2025-01-01,January,0.5450193334560854
ORD-000123,C-0676,2025-03-25,Website,PayPal,West Coast,2,Home & Kitchen,109.58,20,21.92,18.04,59.35,0.0,2.84,No,0.0,87.66,80.23,7.43,80.23,True,2025,2025-03-01,March,0.08475929728496463
ORD-000124,C-0519,2024-12-27,Website,Buy Now Pay Later,Northeast,1,Books,10.41,0,0.0,9.58,4.56,0.0,0.6,No,0.0,10.41,14.74,-4.33,14.74,True,2024,2024-12-01,December,-0.4159462055715658
ORD-000125,C-0350,2025-02-20,Website,Credit Card,Midwest,3,Clothing,125.28,0,0.0,34.96,49.27,0.0,3.93,No,0.0,125.28,88.16,37.12,88.16000000000001,True,2025,2025-02-01,February,0.2962962962962963
ORD-000126,C-0148,2024-06-04,Mobile App,PayPal,Midwest,1,Food & Beverage,29.57,10,2.96,12.14,20.66,0.0,1.07,No,0.0,26.61,33.87,-7.26,33.87,True,2024,2024-06-01,June,-0.27282976324689967
ORD-000127,C-0266,2024-11-20,Mobile App,Buy Now Pay Later,Northeast,2,Electronics,123.73,10,12.37,47.6,63.87,0.0,3.53,No,0.0,111.36,115.0,-3.64,115.0,True,2024,2024-11-01,November,-0.0326867816091954
ORD-000128,C-0467,2025-08-03,Website,Credit Card,Southeast,2,Sports,211.74,0,0.0,53.36,84.46,0.0,6.44,Yes,211.74,0.0,144.26,-144.26,144.26,True,2025,2025-08-01,August,
ORD-000129,C-0594,2024-10-14,Mobile App,Buy Now Pay Later,Northeast,1,Home & Kitchen,74.83,0,0.0,4.78,26.15,0.0,2.47,No,0.0,74.83,33.4,41.43,33.4,True,2024,2024-10-01,October,0.5536549512227716
ORD-000130,C-0315,2025-11-24,Website,Gift Card,Midwest,1,Clothing,63.51,5,3.18,7.9,31.27,0.0,2.05,No,0.0,60.33,41.22,19.11,41.22,True,2025,2025-11-01,November,0.3167578319244157
ORD-000131,C-0348,2025-11-03,Marketplace,Credit Card,Southwest,2,Food & Beverage,350.49,0,0.0,38.96,104.7,52.57,10.46,No,0.0,350.49,206.69,143.8,206.69,True,2025,2025-11-01,November,0.410282747011327
ORD-000132,C-0590,2025-05-23,Marketplace,Credit Card,Southeast,2,Books,58.02,10,5.8,15.0,33.92,7.83,1.81,No,0.0,52.22,58.56,-6.34,58.56,True,2025,2025-05-01,May,-0.1214094216775182
ORD-000133,C-0368,2025-05-25,Website,Debit Card,Midwest,1,Food & Beverage,54.32,10,5.43,22.68,27.28,0.0,1.72,No,0.0,48.89,51.68,-2.79,51.68,True,2025,2025-05-01,May,-0.05706688484352628
ORD-000134,C-0252,2024-07-14,Website,PayPal,Midwest,3,Home & Kitchen,141.63,10,14.16,30.26,69.34,0.0,4.0,No,0.0,127.47,103.6,23.87,103.60000000000001,True,2024,2024-07-01,July,0.1872597473915431
ORD-000135,C-0567,2025-01-03,Website,Buy Now Pay Later,Southeast,1,Books,26.5,20,5.3,5.5,8.06,0.0,0.91,No,0.0,21.2,14.47,6.73,14.47,True,2025,2025-01-01,January,0.31745283018867926
ORD-000136,C-0716,2025-03-18,Website,Buy Now Pay Later,Southwest,2,Beauty,38.24,10,3.82,22.6,19.51,0.0,1.3,No,0.0,34.42,43.41,-8.99,43.41,True,2025,2025-03-01,March,-0.2611853573503777
ORD-000137,C-0280,2025-07-22,Mobile App,PayPal,Southwest,5,Books,177.3,5,8.87,93.06,89.78,0.0,5.18,No,0.0,168.43,188.02,-19.59,188.02,True,2025,2025-07-01,July,-0.11630944606067802
ORD-000138,C-0621,2025-08-17,Website,Debit Card,Southwest,1,Toys,75.84,0,0.0,12.3,34.48,0.0,2.5,No,0.0,75.84,49.28,26.56,49.28,True,2025,2025-08-01,August,0.35021097046413496
ORD-000139,C-0767,2025-06-08,Website,Credit Card,Southwest,2,Food & Beverage,261.09,0,0.0,34.18,87.23,0.0,7.87,No,0.0,261.09,129.28,131.81,129.28,True,2025,2025-06-01,June,0.5048450725803363
ORD-000140,C-0527,2024-09-16,Website,Credit Card,West Coast,1,Electronics,73.73,5,3.69,9.34,48.17,0.0,2.33,No,0.0,70.04,59.84,10.2,59.84,True,2024,2024-09-01,September,0.145631067961165
ORD-000141,C-0327,2025-05-24,Website,Credit Card,Midwest,2,Toys,118.09,5,5.9,25.88,57.43,0.0,3.55,No,0.0,112.19,86.86,25.33,86.86,True,2025,2025-05-01,May,0.22577769854710758
ORD-000142,C-0301,2025-12-25,Mobile App,Gift Card,Northeast,1,Beauty,116.46,10,11.65,26.84,44.84,0.0,3.34,No,0.0,104.81,75.02,29.79,75.02000000000001,True,2025,2025-12-01,December,0.28422860414082624
ORD-000143,C-0247,2025-05-10,Website,Credit Card,Northeast,2,Electronics,278.71,0,0.0,16.0,109.1,0.0,8.38,No,0.0,278.71,133.48,145.23,133.48,True,2025,2025-05-01,May,0.521079258010118
ORD-000144,C-0178,2024-12-03,Mobile App,Credit Card,West Coast,1,Food & Beverage,18.44,10,1.84,4.62,5.64,0.0,0.78,No,0.0,16.6,11.04,5.56,11.04,True,2024,2024-12-01,December,0.33493975903614454
ORD-000145,C-0437,2025-12-06,Marketplace,Credit Card,Midwest,2,Food & Beverage,136.86,0,0.0,10.6,45.91,20.53,4.27,No,0.0,136.86,81.31,55.55,81.30999999999999,True,2025,2025-12-01,December,0.40588922986994
ORD-000146,C-0597,2025-07-05,Website,Credit Card,West Coast,3,Home & Kitchen,199.45,0,0.0,36.32,86.85,0.0,6.08,No,0.0,199.45,129.25,70.2,129.25,True,2025,2025-07-01,July,0.3519679117573327
ORD-000147,C-0444,2025-03-17,Marketplace,PayPal,Northeast,2,Beauty,90.7,10,9.07,38.96,51.2,12.24,2.67,No,0.0,81.63,105.07,-23.44,105.07,True,2025,2025-03-01,March,-0.28714933235330153
ORD-000148,C-0668,2024-03-15,Social Commerce,Credit Card,Midwest,1,Toys,63.63,5,3.18,8.38,31.76,4.84,2.05,No,0.0,60.45,47.03,13.42,47.03,True,2024,2024-03-01,March,0.22200165425971877
ORD-000149,C-0374,2025-09-21,Mobile App,PayPal,Northeast,1,Food & Beverage,129.8,15,19.47,3.82,38.64,0.0,3.5,No,0.0,110.33,45.96,64.37,45.96,True,2025,2025-09-01,September,0.5834315236109853
ORD-000150,C-0769,2024-10-27,Website,PayPal,Northeast,1,Books,69.54,0,0.0,27.78,28.65,0.0,2.32,Yes,69.54,-0.0,58.75,-58.75,58.75,True,2024,2024-10-01,October,
ORD-000151,C-0721,2024-09-29,Website,Credit Card,West Coast,1,Toys,94.27,25,23.57,7.98,37.2,0.0,2.35,No,0.0,70.7,47.53,23.17,47.53000000000001,True,2024,2024-09-01,September,0.32772277227722774
ORD-000152,C-0740,2025-07-26,Mobile App,Credit Card,Southwest,1,Electronics,521.0,0,0.0,23.64,157.84,0.0,15.41,No,0.0,521.0,196.89,324.11,196.89000000000001,True,2025,2025-07-01,July,0.6220921305182342
ORD-000153,C-0735,2025-06-29,Website,Buy Now Pay Later,Southwest,1,Books,5.52,10,0.55,7.82,3.38,0.0,0.44,No,0.0,4.97,11.64,-6.67,11.639999999999999,True,2025,2025-06-01,June,-1.3420523138832998
ORD-000154,C-0220,2025-10-02,Website,Credit Card,West Coast,2,Toys,99.89,10,9.99,30.66,45.02,0.0,2.91,No,0.0,89.9,78.59,11.31,78.59,True,2025,2025-10-01,October,0.12580645161290321
ORD-000155,C-0742,2025-09-11,Website,PayPal,West Coast,3,Clothing,339.72,10,33.97,55.56,109.36,0.0,9.17,Yes,305.75,0.0,174.09,-174.09,174.09,True,2025,2025-09-01,September,
ORD-000156,C-0655,2025-07-02,Website,Credit Card,Midwest,1,Sports,83.94,20,16.79,26.84,24.48,0.0,2.25,No,0.0,67.15,53.57,13.58,53.57,True,2025,2025-07-01,July,0.2022338049143708
ORD-000157,C-0681,2025-04-12,Mobile App,Debit Card,Southwest,5,Food & Beverage,323.66,0,0.0,85.12,126.87,0.0,9.69,No,0.0,323.66,221.68,101.98,221.68,True,2025,2025-04-01,April,0.3150837298399555
ORD-000158,C-0546,2025-05-31,Social Commerce,Credit Card,Northeast,4,Books,209.1,5,10.46,48.86,91.38,15.89,6.06,No,0.0,198.64,162.19,36.45,162.19,True,2025,2025-05-01,May,0.18349778493757554
ORD-000159,C-0577,2025-08-11,Marketplace,Credit Card,West Coast,1,Sports,242.06,0,0.0,9.56,75.52,36.31,7.32,No,0.0,242.06,128.71,113.35,128.71,True,2025,2025-08-01,August,0.4682723291745848
ORD-000160,C-0112,2025-06-14,Mobile App,Credit Card,Northeast,5,Sports,506.76,20,101.35,60.32,159.98,0.0,12.06,No,0.0,405.41,232.36,173.05,232.35999999999999,True,2025,2025-06-01,June,0.42685182901260454
ORD-000161,C-0091,2025-02-03,Social Commerce,Credit Card,Southeast,1,Clothing,63.94,0,0.0,8.46,20.51,5.12,2.15,Yes,63.94,0.0,36.24,-36.24,36.24,True,2025,2025-02-01,February,
ORD-000162,C-0429,2024-10-15,Mobile App,Debit Card,Southeast,2,Books,75.96,15,11.39,25.14,24.6,0.0,2.17,Yes,64.57,0.0,51.91,-51.91,51.910000000000004,True,2024,2024-10-01,October,
ORD-000163,C-0182,2024-12-31,Marketplace,Credit Card,West Coast,1,Toys,14.74,5,0.74,5.58,4.57,2.1,0.71,No,0.0,14.0,12.96,1.04,12.96,True,2024,2024-12-01,December,0.07428571428571429
ORD-000164,C-0305,2024-06-07,Mobile App,Credit Card,Midwest,3,Toys,143.13,5,7.16,30.26,79.48,0.0,4.24,No,0.0,135.97,113.98,21.99,113.98,True,2024,2024-06-01,June,0.1617268515113628
ORD-000165,C-0321,2024-10-14,Social Commerce,Credit Card,Southeast,1,Books,91.83,20,18.37,29.7,27.54,5.88,2.43,No,0.0,73.46,65.55,7.91,65.55,True,2024,2024-10-01,October,0.10767764769942827
ORD-000166,C-0270,2025-10-19,Website,Credit Card,Northeast,1,Clothing,13.66,10,1.37,10.62,4.69,0.0,0.66,No,0.0,12.29,15.97,-3.68,15.969999999999999,True,2025,2025-10-01,October,-0.2994304312449146
ORD-000167,C-0708,2024-09-27,Mobile App,Buy Now Pay Later,Midwest,2,Home & Kitchen,330.03,10,33.0,22.16,113.12,0.0,8.91,No,0.0,297.03,144.19,152.84,144.19,True,2024,2024-09-01,September,0.5145608187725146
ORD-000168,C-0551,2025-02-12,Social Commerce,Buy Now Pay Later,Northeast,1,Home & Kitchen,52.9,5,2.65,9.26,18.47,4.02,1.76,No,0.0,50.25,33.51,16.74,33.51,True,2025,2025-02-01,February,0.33313432835820894
ORD-000169,C-0705,2025-05-05,Website,PayPal,Midwest,2,Clothing,73.88,10,7.39,15.8,27.22,0.0,2.23,No,0.0,66.49,45.25,21.24,45.24999999999999,True,2025,2025-05-01,May,0.3194465333132802
ORD-000170,C-0104,2025-03-22,Marketplace,PayPal,West Coast,1,Beauty,106.23,0,0.0,36.42,56.67,15.93,3.38,No,0.0,106.23,112.4,-6.17,112.4,True,2025,2025-03-01,March,-0.058081521227525176
ORD-000171,C-0283,2025-03-06,Marketplace,Credit Card,Northeast,1,Home & Kitchen,494.55,0,0.0,14.1,149.64,74.18,14.64,No,0.0,494.55,252.56,241.99,252.56,True,2025,2025-03-01,March,0.48931351733899503
ORD-000172,C-0028,2024-04-01,Mobile App,Debit Card,Southwest,2,Food & Beverage,91.9,10,9.19,15.64,34.78,0.0,2.7,No,0.0,82.71,53.12,29.59,53.120000000000005,True,2024,2024-04-01,April,0.35775601499214127
ORD-000173,C-0054,2025-01-04,Mobile App,Buy Now Pay Later,Midwest,1,Home & Kitchen,78.75,0,0.0,21.54,32.34,0.0,2.58,No,0.0,78.75,56.46,22.29,56.46,True,2025,2025-01-01,January,0.28304761904761905
ORD-000174,C-0651,2024-08-31,Website,PayPal,Southwest,2,Sports,62.13,20,12.43,19.4,19.32,0.0,1.74,No,0.0,49.7,40.46,9.24,40.46,True,2024,2024-08-01,August,0.18591549295774648
ORD-000175,C-0074,2025-08-03,Website,Credit Card,Southeast,1,Toys,63.63,10,6.36,8.38,31.76,0.0,1.96,Yes,57.27,0.0,42.1,-42.1,42.1,True,2025,2025-08-01,August,
ORD-000176,C-0320,2025-03-28,Mobile App,PayPal,Southwest,2,Electronics,96.55,5,4.83,25.16,45.43,0.0,2.96,Yes,91.72,0.0,73.55,-73.55,73.55,True,2025,2025-03-01,March,
ORD-000177,C-0555,2024-06-01,Website,PayPal,West Coast,3,Clothing,176.01,10,17.6,38.5,63.58,0.0,4.89,No,0.0,158.41,106.97,51.44,106.97,True,2024,2024-06-01,June,0.32472697430717756
ORD-000178,C-0261,2025-01-06,Marketplace,Credit Card,Northeast,1,Electronics,192.38,20,38.48,10.06,72.59,23.09,4.76,Yes,153.9,0.0,110.5,-110.5,110.50000000000001,True,2025,2025-01-01,January,
ORD-000179,C-0334,2025-01-25,Website,Credit Card,West Coast,1,Sports,47.4,10,4.74,11.98,32.39,0.0,1.54,No,0.0,42.66,45.91,-3.25,45.910000000000004,True,2025,2025-01-01,January,-0.0761837787154243
ORD-000180,C-0690,2025-08-21,Mobile App,Credit Card,Southeast,2,Toys,247.82,10,24.78,43.34,112.68,0.0,6.77,No,0.0,223.04,162.79,60.25,162.79000000000002,True,2025,2025-08-01,August,0.2701309182209469
ORD-000181,C-0150,2025-12-11,Mobile App,Buy Now Pay Later,West Coast,1,Beauty,39.11,0,0.0,9.82,15.9,0.0,1.43,No,0.0,39.11,27.15,11.96,27.15,True,2025,2025-12-01,December,0.3058041421631297
ORD-000182,C-0650,2024-10-23,Website,Buy Now Pay Later,Midwest,4,Food & Beverage,426.79,0,0.0,40.68,147.14,0.0,12.68,No,0.0,426.79,200.5,226.29,200.5,True,2024,2024-10-01,October,0.5302139225380164
ORD-000183,C-0540,2025-08-10,Website,Debit Card,Southeast,2,Sports,20.65,10,2.06,22.04,8.5,0.0,0.84,Yes,18.59,0.0,31.38,-31.38,31.38,True,2025,2025-08-01,August,
ORD-000184,C-0164,2025-02-09,Website,PayPal,West Coast,1,Toys,40.89,10,4.09,7.18,11.78,0.0,1.37,No,0.0,36.8,20.33,16.47,20.330000000000002,True,2025,2025-02-01,February,0.44755434782608694
ORD-000185,C-0602,2025-04-09,Social Commerce,Debit Card,West Coast,3,Beauty,206.44,0,0.0,34.5,68.8,16.52,6.29,No,0.0,206.44,126.11,80.33,126.11,True,2025,2025-04-01,April,0.3891203255183104
ORD-000186,C-0177,2025-06-30,Mobile App,PayPal,Southeast,1,Books,61.22,10,6.12,19.8,18.36,0.0,1.9,No,0.0,55.1,40.06,15.04,40.059999999999995,True,2025,2025-06-01,June,0.2729582577132486
ORD-000187,C-0185,2025-09-18,Marketplace,Credit Card,Midwest,3,Sports,161.63,15,24.24,42.48,74.92,20.61,4.28,Yes,137.39,0.0,142.29,-142.29,142.29,True,2025,2025-09-01,September,
ORD-000188,C-0441,2024-10-22,Website,Credit Card,Northeast,1,Food & Beverage,41.34,10,4.13,11.18,21.84,0.0,1.38,No,0.0,37.21,34.4,2.81,34.4,True,2024,2024-10-01,October,0.07551733404998656
ORD-000189,C-0339,2025-08-10,Mobile App,Credit Card,Northeast,2,Electronics,227.32,15,34.1,18.2,92.03,0.0,5.9,No,0.0,193.22,116.13,77.09,116.13000000000001,True,2025,2025-08-01,August,0.3989752613601077
ORD-000190,C-0254,2025-02-27,Mobile App,Buy Now Pay Later,Southwest,3,Books,54.72,0,0.0,20.42,20.09,0.0,1.89,No,0.0,54.72,42.4,12.32,42.400000000000006,True,2025,2025-02-01,February,0.22514619883040937
ORD-000191,C-0673,2024-05-21,Marketplace,Credit Card,Northeast,3,Sports,284.23,0,0.0,64.76,124.51,42.63,8.54,No,0.0,284.23,240.44,43.79,240.44,True,2024,2024-05-01,May,0.15406536959504624
ORD-000192,C-0619,2025-09-11,Website,PayPal,Midwest,3,Books,187.36,10,18.74,27.46,58.43,0.0,5.19,No,0.0,168.62,91.08,77.54,91.08,True,2025,2025-09-01,September,0.45985055153599813
ORD-000193,C-0482,2025-08-11,Marketplace,Credit Card,Southeast,2,Clothing,171.09,0,0.0,21.08,53.77,25.66,5.26,No,0.0,171.09,105.77,65.32,105.77,True,2025,2025-08-01,August,0.3817873633760009
ORD-000194,C-0406,2024-07-17,Mobile App,Credit Card,Midwest,1,Sports,62.94,10,6.29,6.62,26.48,0.0,1.94,No,0.0,56.65,35.04,21.61,35.04,True,2024,2024-07-01,July,0.38146513680494265
ORD-000195,C-0136,2025-12-12,Website,PayPal,West Coast,1,Clothing,50.16,10,5.02,15.1,23.95,0.0,1.61,No,0.0,45.14,40.66,4.48,40.66,True,2025,2025-12-01,December,0.09924678777137794
ORD-000196,C-0674,2025-07-14,Website,Buy Now Pay Later,Midwest,2,Food & Beverage,190.43,10,19.04,27.72,69.2,0.0,5.27,No,0.0,171.39,102.19,69.2,102.19,True,2025,2025-07-01,July,0.40375751210689076
ORD-000197,C-0314,2025-05-23,Marketplace,Credit Card,Northeast,3,Sports,191.13,20,38.23,27.86,80.55,22.93,4.73,No,0.0,152.9,136.07,16.83,136.07,True,2025,2025-05-01,May,0.11007194244604315
ORD-000198,C-0404,2024-09-19,Website,Credit Card,Southwest,1,Food & Beverage,127.92,10,12.79,22.84,74.56,0.0,3.64,No,0.0,115.13,101.04,14.09,101.04,True,2024,2024-09-01,September,0.12238339268652827
ORD-000199,C-0308,2024-11-13,Website,Credit Card,Southeast,2,Sports,89.15,0,0.0,25.0,31.24,0.0,2.89,No,0.0,89.15,59.13,30.02,59.129999999999995,True,2024,2024-11-01,November,0.3367358384744812
ORD-000200,C-0311,2025-06-22,Marketplace,Credit Card,Southeast,1,Electronics,24.31,15,3.65,5.74,7.13,3.1,0.9,No,0.0,20.66,16.87,3.79,16.87,True,2025,2025-06-01,June,0.18344627299128752
ORD-000201,C-0234,2025-03-04,Mobile App,Debit Card,West Coast,3,Toys,435.11,10,43.51,63.72,197.13,0.0,11.66,No,0.0,391.6,272.51,119.09,272.51000000000005,True,2025,2025-03-01,March,0.30411133810010216
ORD-000202,C-0239,2024-10-25,Mobile App,Debit Card,Midwest,1,Home & Kitchen,29.4,20,5.88,6.22,11.41,0.0,0.98,No,0.0,23.52,18.61,4.91,18.61,True,2024,2024-10-01,October,0.20875850340136057
ORD-000203,C-0118,2024-10-14,Mobile App,Buy Now Pay Later,Southeast,2,Toys,161.57,0,0.0,9.0,50.8,0.0,4.99,No,0.0,161.57,64.79,96.78,64.78999999999999,True,2024,2024-10-01,October,0.598997338614842
ORD-000204,C-0334,2025-04-29,Website,Credit Card,Southwest,1,Sports,38.52,15,5.78,10.52,14.66,0.0,1.25,Yes,32.74,0.0,26.43,-26.43,26.43,True,2025,2025-04-01,April,
ORD-000205,C-0695,2025-08-30,Website,Credit Card,Northeast,1,Sports,109.47,20,21.89,37.14,45.6,0.0,2.84,No,0.0,87.58,85.58,2.0,85.58000000000001,True,2025,2025-08-01,August,0.022836263987211693
ORD-000206,C-0111,2025-05-13,Website,PayPal,Southeast,3,Beauty,279.11,0,0.0,33.12,94.32,0.0,8.39,No,0.0,279.11,135.83,143.28,135.82999999999998,True,2025,2025-05-01,May,0.5133459926193974
ORD-000207,C-0330,2025-09-07,Mobile App,PayPal,Southwest,3,Toys,295.77,10,29.58,61.1,122.06,0.0,8.02,No,0.0,266.19,191.18,75.01,191.18,True,2025,2025-09-01,September,0.2817912017731696
ORD-000208,C-0073,2024-10-15,Mobile App,PayPal,Southwest,2,Food & Beverage,191.14,20,38.23,19.68,59.97,0.0,4.73,No,0.0,152.91,84.38,68.53,84.38000000000001,True,2024,2024-10-01,October,0.4481721273951998
ORD-000209,C-0066,2024-04-21,Website,Credit Card,Northeast,2,Clothing,158.58,15,23.79,26.66,62.39,0.0,4.21,No,0.0,134.79,93.26,41.53,93.25999999999999,True,2024,2024-04-01,April,0.30810891015653985
ORD-000210,C-0037,2025-11-09,Mobile App,Credit Card,Midwest,1,Beauty,61.44,10,6.14,12.06,19.8,0.0,1.9,No,0.0,55.3,33.76,21.54,33.76,True,2025,2025-11-01,November,0.3895117540687161
ORD-000211,C-0007,2025-08-05,Mobile App,Debit Card,Midwest,1,Sports,69.38,0,0.0,14.3,27.03,0.0,2.31,No,0.0,69.38,43.64,25.74,43.64,True,2025,2025-08-01,August,0.37100028826751225
ORD-000212,C-0244,2025-04-02,Mobile App,Credit Card,Northeast,3,Toys,204.86,0,0.0,46.62,76.01,0.0,6.24,No,0.0,204.86,128.87,75.99,128.87,True,2025,2025-04-01,April,0.370936249145758
ORD-000213,C-0125,2024-11-15,Website,Debit Card,Southeast,3,Sports,109.0,25,27.25,43.44,54.64,0.0,2.67,No,0.0,81.75,100.75,-19.0,100.75,True,2024,2024-11-01,November,-0.2324159021406728
ORD-000214,C-0572,2025-12-29,Marketplace,Gift Card,Southeast,3,Clothing,183.24,25,45.81,47.44,67.04,20.61,4.29,No,0.0,137.43,139.38,-1.95,139.38,True,2025,2025-12-01,December,-0.014189041693953285
ORD-000215,C-0679,2025-05-14,Website,PayPal,Midwest,3,Home & Kitchen,60.69,10,6.07,23.54,28.36,0.0,1.88,No,0.0,54.62,53.78,0.84,53.78,True,2025,2025-05-01,May,0.015378982057854266
ORD-000216,C-0260,2024-05-16,Website,Credit Card,Northeast,1,Electronics,577.14,0,0.0,30.18,217.77,0.0,17.04,No,0.0,577.14,264.99,312.15,264.99,True,2024,2024-05-01,May,0.5408566379041481
ORD-000217,C-0292,2024-08-27,Marketplace,Gift Card,Southeast,1,Toys,40.89,0,0.0,7.18,11.78,6.13,1.49,No,0.0,40.89,26.58,14.31,26.58,True,2024,2024-08-01,August,0.3499633162142333
ORD-000218,C-0389,2025-01-29,Website,Debit Card,Southeast,1,Electronics,222.97,0,0.0,12.94,67.05,0.0,6.77,No,0.0,222.97,86.76,136.21,86.75999999999999,True,2025,2025-01-01,January,0.610889357312643
ORD-000219,C-0618,2025-08-01,Website,Debit Card,Southeast,1,Beauty,8.3,10,0.83,13.18,3.65,0.0,0.52,No,0.0,7.47,17.35,-9.88,17.349999999999998,True,2025,2025-08-01,August,-1.3226238286479253
ORD-000220,C-0513,2024-09-26,Website,Debit Card,West Coast,3,Books,40.29,0,0.0,28.88,19.7,0.0,1.47,No,0.0,40.29,50.05,-9.76,50.05,True,2024,2024-09-01,September,-0.24224373293621246
ORD-000221,C-0224,2025-11-29,Marketplace,PayPal,Midwest,1,Books,31.86,0,0.0,27.54,16.14,4.78,1.22,No,0.0,31.86,49.68,-17.82,49.68,True,2025,2025-11-01,November,-0.5593220338983051
ORD-000222,C-0072,2025-05-29,Website,Credit Card,Midwest,3,Clothing,366.09,10,36.61,71.64,137.02,0.0,9.85,No,0.0,329.48,218.51,110.97,218.51000000000002,True,2025,2025-05-01,May,0.33680344785722954
ORD-000223,C-0707,2024-08-11,Website,Buy Now Pay Later,Midwest,1,Food & Beverage,105.38,5,5.27,11.64,46.28,0.0,3.2,No,0.0,100.11,61.12,38.99,61.120000000000005,True,2024,2024-08-01,August,0.3894715812606133
ORD-000224,C-0026,2025-07-28,Website,PayPal,Southeast,2,Toys,232.21,5,11.61,21.38,99.09,0.0,6.7,No,0.0,220.6,127.17,93.43,127.17,True,2025,2025-07-01,July,0.4235267452402539
ORD-000225,C-0794,2025-02-21,Website,PayPal,Northeast,1,Clothing,62.7,0,0.0,7.5,20.79,0.0,2.12,No,0.0,62.7,30.41,32.29,30.41,True,2025,2025-02-01,February,0.5149920255183412
ORD-000226,C-0764,2025-03-07,Marketplace,PayPal,Southeast,1,Electronics,365.2,0,0.0,17.56,121.88,54.78,10.89,No,0.0,365.2,205.11,160.09,205.11,True,2025,2025-03-01,March,0.43836254107338446
ORD-000227,C-0086,2025-01-22,Website,Credit Card,West Coast,2,Beauty,135.38,5,6.77,27.3,56.24,0.0,4.03,No,0.0,128.61,87.57,41.04,87.57000000000001,True,2025,2025-01-01,January,0.31910426871938413
ORD-000228,C-0467,2025-08-01,Website,Credit Card,West Coast,2,Sports,152.95,20,30.59,49.04,60.53,0.0,3.85,No,0.0,122.36,113.42,8.94,113.41999999999999,True,2025,2025-08-01,August,0.07306309251389342
ORD-000229,C-0454,2024-09-18,Website,PayPal,Midwest,1,Clothing,40.98,0,0.0,31.86,14.07,0.0,1.49,No,0.0,40.98,47.42,-6.44,47.42,True,2024,2024-09-01,September,-0.1571498291849683
ORD-000230,C-0303,2025-04-28,Mobile App,PayPal,Northeast,5,Books,188.78,10,18.88,56.92,78.51,0.0,5.23,No,0.0,169.9,140.66,29.24,140.66,True,2025,2025-04-01,April,0.17210123602118893
ORD-000231,C-0292,2024-12-22,Social Commerce,Credit Card,Northeast,2,Beauty,77.49,25,19.37,25.72,30.85,4.65,1.99,No,0.0,58.12,63.21,-5.09,63.21,True,2024,2024-12-01,December,-0.08757742601514108
ORD-000232,C-0147,2025-03-04,Website,PayPal,Southwest,1,Toys,10.05,10,1.0,9.18,6.91,0.0,0.56,No,0.0,9.05,16.65,-7.6,16.65,True,2025,2025-03-01,March,-0.8397790055248617
ORD-000233,C-0506,2025-07-22,Website,Credit Card,Midwest,1,Books,18.27,0,0.0,9.26,11.45,0.0,0.83,No,0.0,18.27,21.54,-3.27,21.54,True,2025,2025-07-01,July,-0.17898193760262726
ORD-000234,C-0558,2025-06-19,Marketplace,Gift Card,West Coast,3,Sports,305.85,15,45.88,38.56,98.55,39.0,7.84,No,0.0,259.97,183.95,76.02,183.95000000000002,True,2025,2025-06-01,June,0.29241835596414967
ORD-000235,C-0553,2025-10-25,Website,Buy Now Pay Later,West Coast,5,Electronics,235.3,25,58.83,58.7,99.37,0.0,5.42,No,0.0,176.47,163.49,12.98,163.48999999999998,True,2025,2025-10-01,October,0.07355357851192837
ORD-000236,C-0192,2025-03-06,Website,PayPal,Southeast,1,Sports,62.94,15,9.44,6.62,26.48,0.0,1.85,No,0.0,53.5,34.95,18.55,34.95,True,2025,2025-03-01,March,0.3467289719626168
ORD-000237,C-0787,2025-07-03,Website,Credit Card,Southeast,2,Books,54.76,10,5.48,21.64,26.65,0.0,1.73,No,0.0,49.28,50.02,-0.74,50.019999999999996,True,2025,2025-07-01,July,-0.015016233766233766
ORD-000238,C-0150,2024-09-10,Mobile App,Buy Now Pay Later,West Coast,3,Clothing,100.51,0,0.0,21.7,55.48,0.0,3.21,No,0.0,100.51,80.39,20.12,80.38999999999999,True,2024,2024-09-01,September,0.200179086658044
ORD-000239,C-0002,2024-09-27,Marketplace,Credit Card,Southwest,2,Sports,126.25,25,31.56,19.08,40.61,14.2,3.05,No,0.0,94.69,76.94,17.75,76.94,True,2024,2024-09-01,September,0.18745379659942973
ORD-000240,C-0400,2024-10-12,Mobile App,Credit Card,Midwest,1,Toys,84.04,0,0.0,4.22,25.97,0.0,2.74,No,0.0,84.04,32.93,51.11,32.93,True,2024,2024-10-01,October,0.6081627796287482
ORD-000241,C-0629,2025-04-05,Website,Credit Card,Midwest,2,Toys,93.21,10,9.32,25.24,49.1,0.0,2.73,No,0.0,83.89,77.07,6.82,77.07000000000001,True,2025,2025-04-01,April,0.0812969364644177
ORD-000242,C-0300,2025-06-18,Marketplace,Debit Card,Northeast,3,Home & Kitchen,184.37,20,36.87,24.66,75.46,22.12,4.58,No,0.0,147.5,126.82,20.68,126.82,True,2025,2025-06-01,June,0.14020338983050848
ORD-000243,C-0597,2024-09-07,Website,PayPal,Northeast,2,Beauty,25.1,10,2.51,17.32,11.9,0.0,0.96,No,0.0,22.59,30.18,-7.59,30.18,True,2024,2024-09-01,September,-0.33598937583001326
ORD-000244,C-0022,2024-09-16,Mobile App,Gift Card,Midwest,1,Electronics,68.98,0,0.0,14.54,25.39,0.0,2.3,No,0.0,68.98,42.23,26.75,42.23,True,2024,2024-09-01,September,0.3877935633516961
ORD-000245,C-0251,2025-11-25,Website,Buy Now Pay Later,Southwest,1,Food & Beverage,331.08,10,33.11,15.3,113.55,0.0,8.94,No,0.0,297.97,137.79,160.18,137.79,True,2025,2025-11-01,November,0.5375708963989663
ORD-000246,C-0800,2025-05-24,Website,Credit Card,Midwest,3,Sports,115.07,0,0.0,48.16,57.3,0.0,3.64,No,0.0,115.07,109.1,5.97,109.1,True,2025,2025-05-01,May,0.051881463457026156
ORD-000247,C-0178,2025-06-30,Website,Debit Card,Southwest,2,Clothing,97.72,10,9.77,27.8,31.0,0.0,2.85,No,0.0,87.95,61.65,26.3,61.65,True,2025,2025-06-01,June,0.29903354178510516
ORD-000248,C-0183,2024-10-11,Marketplace,Gift Card,Northeast,2,Electronics,80.66,0,0.0,25.7,34.25,12.1,2.64,No,0.0,80.66,74.69,5.97,74.69,True,2024,2024-10-01,October,0.0740143813538309
ORD-000249,C-0541,2024-09-19,Mobile App,Credit Card,Northeast,1,Beauty,36.6,0,0.0,10.62,14.64,0.0,1.36,No,0.0,36.6,26.62,9.98,26.619999999999997,True,2024,2024-09-01,September,0.2726775956284153
ORD-000250,C-0799,2024-08-14,Website,Credit Card,Southeast,3,Electronics,223.53,5,11.18,61.74,103.72,0.0,6.46,No,0.0,212.35,171.92,40.43,171.92000000000002,True,2024,2024-08-01,August,0.19039321874264187
ORD-000251,C-0257,2025-02-07,Website,PayPal,West Coast,1,Food & Beverage,106.92,0,0.0,39.54,31.32,0.0,3.4,No,0.0,106.92,74.26,32.66,74.26,True,2025,2025-02-01,February,0.30546202768424985
ORD-000252,C-0419,2024-07-11,Website,Debit Card,Southeast,4,Books,248.2,0,0.0,61.26,105.38,0.0,7.5,No,0.0,248.2,174.14,74.06,174.14,True,2024,2024-07-01,July,0.29838839645447224
ORD-000253,C-0433,2025-07-01,Mobile App,Credit Card,Southwest,2,Toys,216.14,0,0.0,33.94,72.85,0.0,6.57,No,0.0,216.14,113.36,102.78,113.35999999999999,True,2025,2025-07-01,July,0.47552512260571855
ORD-000254,C-0240,2025-10-26,Website,PayPal,Southeast,2,Books,211.04,10,21.1,43.36,85.37,0.0,5.81,No,0.0,189.94,134.54,55.4,134.54000000000002,True,2025,2025-10-01,October,0.291671054017058
ORD-000255,C-0137,2025-11-05,Mobile App,PayPal,Southwest,1,Clothing,40.89,5,2.04,15.1,16.21,0.0,1.43,No,0.0,38.85,32.74,6.11,32.74,True,2025,2025-11-01,November,0.15727155727155728
ORD-000256,C-0388,2025-07-25,Website,Credit Card,West Coast,1,Toys,72.56,10,7.26,8.7,35.81,0.0,2.19,No,0.0,65.3,46.7,18.6,46.7,True,2025,2025-07-01,July,0.2848392036753446
ORD-000257,C-0332,2025-05-29,Website,PayPal,Northeast,1,Toys,272.49,5,13.62,46.26,80.04,0.0,7.81,No,0.0,258.87,134.11,124.76,134.11,True,2025,2025-05-01,May,0.4819407424576042
ORD-000258,C-0565,2025-10-30,Website,Credit Card,Southwest,4,Sports,404.63,0,0.0,43.56,159.63,0.0,12.03,No,0.0,404.63,215.22,189.41,215.22,True,2025,2025-10-01,October,0.4681066653485901
ORD-000259,C-0115,2025-03-05,Website,Credit Card,Southeast,3,Electronics,135.87,20,27.17,34.02,52.84,0.0,3.45,No,0.0,108.7,90.31,18.39,90.31000000000002,True,2025,2025-03-01,March,0.16918123275068997
ORD-000260,C-0156,2025-09-22,Mobile App,Credit Card,Southeast,1,Sports,36.01,0,0.0,9.66,11.64,0.0,1.34,No,0.0,36.01,22.64,13.37,22.64,True,2025,2025-09-01,September,0.3712857539572341
ORD-000261,C-0204,2025-08-31,Mobile App,Debit Card,Southeast,1,Clothing,62.28,0,0.0,10.54,23.32,0.0,2.11,No,0.0,62.28,35.97,26.31,35.97,True,2025,2025-08-01,August,0.4224470134874759
ORD-000262,C-0246,2025-03-04,Website,Credit Card,Midwest,1,Clothing,13.66,0,0.0,10.62,4.69,0.0,0.7,No,0.0,13.66,16.01,-2.35,16.009999999999998,True,2025,2025-03-01,March,-0.1720351390922401
ORD-000263,C-0215,2025-03-10,Website,Credit Card,Northeast,1,Beauty,37.66,5,1.88,19.8,22.08,0.0,1.34,No,0.0,35.78,43.22,-7.44,43.22,True,2025,2025-03-01,March,-0.20793739519284518
ORD-000264,C-0313,2025-09-15,Website,Credit Card,Midwest,1,Sports,62.32,0,0.0,13.18,34.79,0.0,2.11,No,0.0,62.32,50.08,12.24,50.08,True,2025,2025-09-01,September,0.196405648267009
ORD-000265,C-0695,2025-08-31,Website,Debit Card,West Coast,2,Electronics,52.19,0,0.0,20.92,29.66,0.0,1.81,No,0.0,52.19,52.39,-0.2,52.39,True,2025,2025-08-01,August,-0.0038321517532094273
ORD-000266,C-0289,2025-08-12,Website,Credit Card,Northeast,3,Home & Kitchen,176.91,25,44.23,54.56,59.99,0.0,4.15,Yes,132.68,0.0,118.7,-118.7,118.70000000000002,True,2025,2025-08-01,August,
ORD-000267,C-0203,2025-03-19,Mobile App,PayPal,Northeast,3,Clothing,263.28,0,0.0,27.12,111.79,0.0,7.94,No,0.0,263.28,146.85,116.43,146.85,True,2025,2025-03-01,March,0.4422288058340931
ORD-000268,C-0661,2024-08-23,Marketplace,Credit Card,Northeast,2,Home & Kitchen,238.27,10,23.83,37.6,89.9,32.17,6.52,No,0.0,214.44,166.19,48.25,166.19000000000003,True,2024,2024-08-01,August,0.22500466330908414
ORD-000269,C-0294,2025-09-29,Marketplace,Debit Card,West Coast,4,Beauty,444.78,10,44.48,65.6,198.38,60.05,11.91,No,0.0,400.3,335.94,64.36,335.94000000000005,True,2025,2025-09-01,September,0.16077941543842117
ORD-000270,C-0220,2025-03-24,Website,Debit Card,Southwest,1,Electronics,135.82,0,0.0,5.82,43.05,0.0,4.24,Yes,135.82,0.0,53.11,-53.11,53.11,True,2025,2025-03-01,March,
ORD-000271,C-0638,2025-04-22,Marketplace,Credit Card,West Coast,2,Electronics,227.41,0,0.0,20.04,84.13,34.11,6.89,No,0.0,227.41,145.17,82.24,145.16999999999996,True,2025,2025-04-01,April,0.361637570907172
ORD-000272,C-0771,2025-07-29,Website,Credit Card,Southwest,5,Food & Beverage,380.79,10,38.08,43.02,134.94,0.0,10.24,No,0.0,342.71,188.2,154.51,188.20000000000002,True,2025,2025-07-01,July,0.4508476554521315
ORD-000273,C-0514,2025-09-28,Website,Gift Card,Southeast,1,Beauty,35.41,10,3.54,12.14,18.89,0.0,1.22,No,0.0,31.87,32.25,-0.38,32.25,True,2025,2025-09-01,September,-0.011923438970818951
ORD-000274,C-0749,2025-05-16,Social Commerce,Credit Card,Midwest,2,Books,66.0,0,0.0,21.48,31.98,5.28,2.21,No,0.0,66.0,60.95,5.05,60.95,True,2025,2025-05-01,May,0.07651515151515151
ORD-000275,C-0663,2025-06-02,Mobile App,Credit Card,West Coast,4,Books,301.87,0,0.0,72.52,122.66,0.0,9.05,No,0.0,301.87,204.23,97.64,204.23000000000002,True,2025,2025-06-01,June,0.3234504919336138
ORD-000276,C-0359,2025-07-31,Mobile App,Credit Card,Midwest,2,Sports,129.9,15,19.48,15.8,44.45,0.0,3.5,Yes,110.42,0.0,63.75,-63.75,63.75,True,2025,2025-07-01,July,
ORD-000277,C-0217,2025-09-12,Marketplace,Credit Card,Midwest,1,Sports,48.46,0,0.0,13.4,25.94,7.27,1.71,No,0.0,48.46,48.32,0.14,48.32,True,2025,2025-09-01,September,0.0028889806025588116
ORD-000278,C-0109,2025-01-07,Website,Credit Card,Southeast,1,Books,52.77,0,0.0,44.34,18.93,0.0,1.83,No,0.0,52.77,65.1,-12.33,65.10000000000001,True,2025,2025-01-01,January,-0.23365548607163159
ORD-000279,C-0574,2024-10-20,Website,PayPal,Northeast,1,Books,26.5,15,3.98,5.5,8.06,0.0,0.95,No,0.0,22.52,14.51,8.01,14.51,True,2024,2024-10-01,October,0.35568383658969804
ORD-000280,C-0077,2024-12-13,Marketplace,Debit Card,Northeast,3,Home & Kitchen,109.44,5,5.47,44.08,40.44,15.6,3.32,No,0.0,103.97,103.44,0.53,103.43999999999998,True,2024,2024-12-01,December,0.005097624314706166
ORD-000281,C-0213,2025-07-31,Mobile App,Credit Card,Midwest,2,Sports,72.76,0,0.0,17.62,29.88,0.0,2.41,Yes,72.76,-0.0,49.91,-49.91,49.91,True,2025,2025-07-01,July,
ORD-000282,C-0305,2025-05-21,Mobile App,Credit Card,Northeast,2,Toys,116.3,10,11.63,8.28,45.44,0.0,3.34,No,0.0,104.67,57.06,47.61,57.06,True,2025,2025-05-01,May,0.45485812553740324
ORD-000283,C-0443,2025-06-11,Social Commerce,Credit Card,Southeast,1,Home & Kitchen,36.86,5,1.84,5.5,19.67,2.8,1.32,No,0.0,35.02,29.29,5.73,29.290000000000003,True,2025,2025-06-01,June,0.16362078812107367
ORD-000284,C-0041,2024-05-20,Social Commerce,Credit Card,Southwest,5,Electronics,876.75,10,87.67,79.14,288.27,63.13,23.18,No,0.0,789.08,453.72,335.36,453.71999999999997,True,2024,2024-05-01,May,0.42500126729862625
ORD-000285,C-0440,2025-03-18,Social Commerce,Credit Card,Northeast,3,Beauty,68.22,0,0.0,30.1,34.82,5.46,2.28,No,0.0,68.22,72.66,-4.44,72.66,True,2025,2025-03-01,March,-0.06508355321020229
ORD-000286,C-0290,2025-06-05,Mobile App,Gift Card,Southwest,1,Electronics,91.57,0,0.0,15.5,26.92,0.0,2.96,No,0.0,91.57,45.38,46.19,45.38,True,2025,2025-06-01,June,0.5044228459102327
ORD-000287,C-0258,2025-05-05,Mobile App,Gift Card,Midwest,4,Food & Beverage,121.12,5,6.06,49.42,59.64,0.0,3.64,No,0.0,115.06,112.7,2.36,112.7,True,2025,2025-05-01,May,0.02051103771945072
ORD-000288,C-0190,2025-03-06,Social Commerce,Debit Card,West Coast,2,Electronics,145.65,0,0.0,46.44,54.27,11.65,4.52,No,0.0,145.65,116.88,28.77,116.88000000000001,True,2025,2025-03-01,March,0.19752832131822862
ORD-000289,C-0624,2025-04-20,Website,PayPal,Southeast,1,Clothing,147.02,10,14.7,21.08,50.04,0.0,4.14,No,0.0,132.32,75.26,57.06,75.26,True,2025,2025-04-01,April,0.4312273276904474
ORD-000290,C-0433,2025-07-11,Social Commerce,Debit Card,West Coast,1,Electronics,24.38,25,6.09,13.9,16.19,1.46,0.83,Yes,18.29,0.0,32.38,-32.38,32.38,True,2025,2025-07-01,July,
ORD-000291,C-0533,2025-07-10,Marketplace,Debit Card,Southeast,1,Sports,36.01,25,9.0,9.66,11.64,4.05,1.08,No,0.0,27.01,26.43,0.58,26.43,True,2025,2025-07-01,July,0.02147352832284339
ORD-000292,C-0308,2025-11-05,Mobile App,Credit Card,Southeast,2,Beauty,63.92,20,12.78,31.86,24.02,0.0,1.78,No,0.0,51.14,57.66,-6.52,57.66,True,2025,2025-11-01,November,-0.127493156042237
ORD-000293,C-0213,2025-08-26,Mobile App,Gift Card,Midwest,2,Beauty,76.59,15,11.49,17.88,32.04,0.0,2.19,No,0.0,65.1,52.11,12.99,52.11,True,2025,2025-08-01,August,0.19953917050691247
ORD-000294,C-0572,2024-11-20,Website,Credit Card,Northeast,1,Clothing,63.51,15,9.53,7.9,31.27,0.0,1.87,No,0.0,53.98,41.04,12.94,41.04,True,2024,2024-11-01,November,0.23971841422749166
ORD-000295,C-0614,2025-02-18,Website,Credit Card,Northeast,1,Electronics,20.67,20,4.13,4.3,5.96,0.0,0.78,No,0.0,16.54,11.04,5.5,11.04,True,2025,2025-02-01,February,0.33252720677146314
ORD-000296,C-0439,2024-06-28,Mobile App,PayPal,Midwest,3,Food & Beverage,364.34,15,54.65,50.36,129.55,0.0,9.28,Yes,309.69,0.0,189.19,-189.19,189.19000000000003,True,2024,2024-06-01,June,
ORD-000297,C-0164,2025-05-09,Mobile App,Debit Card,Northeast,1,Electronics,645.48,0,0.0,31.38,188.16,0.0,19.02,No,0.0,645.48,238.56,406.92,238.56,True,2025,2025-05-01,May,0.6304145751998513
ORD-000298,C-0668,2024-11-09,Mobile App,Credit Card,Southeast,1,Food & Beverage,86.62,0,0.0,7.58,37.79,0.0,2.81,No,0.0,86.62,48.18,38.44,48.18,True,2024,2024-11-01,November,0.44377741861002074
ORD-000299,C-0494,2024-05-24,Mobile App,Gift Card,Midwest,1,Electronics,215.16,0,0.0,10.46,62.72,0.0,6.54,No,0.0,215.16,79.72,135.44,79.72000000000001,True,2024,2024-05-01,May,0.6294850343930098
ORD-000300,C-0678,2024-12-23,Social Commerce,PayPal,Southeast,1,Sports,14.58,0,0.0,9.1,4.36,1.17,0.72,No,0.0,14.58,15.35,-0.77,15.350000000000001,True,2024,2024-12-01,December,-0.05281207133058985
ORD-000301,C-0548,2025-04-06,Marketplace,PayPal,Northeast,1,Clothing,86.75,0,0.0,12.94,26.86,13.01,2.82,No,0.0,86.75,55.63,31.12,55.629999999999995,True,2025,2025-04-01,April,0.3587319884726225
ORD-000302,C-0224,2025-06-19,Mobile App,Credit Card,Midwest,3,Toys,238.51,15,35.78,45.9,109.21,0.0,6.18,No,0.0,202.73,161.29,41.44,161.29,True,2025,2025-06-01,June,0.20440980614610565
ORD-000303,C-0387,2025-01-16,Website,Debit Card,Midwest,2,Food & Beverage,346.22,0,0.0,15.22,115.07,0.0,10.34,No,0.0,346.22,140.63,205.59,140.63,True,2025,2025-01-01,January,0.5938131823695916
ORD-000304,C-0133,2025-11-30,Social Commerce,Buy Now Pay Later,Southeast,3,Electronics,164.9,0,0.0,48.94,69.23,13.19,5.08,No,0.0,164.9,136.44,28.46,136.44000000000003,True,2025,2025-11-01,November,0.17258944815039418
ORD-000305,C-0405,2024-08-31,Mobile App,Credit Card,Northeast,1,Toys,82.29,0,0.0,13.02,37.65,0.0,2.69,No,0.0,82.29,53.36,28.93,53.36,True,2024,2024-08-01,August,0.35156155061368327
ORD-000306,C-0463,2024-07-30,Marketplace,Credit Card,Midwest,1,Sports,45.69,0,0.0,11.58,28.21,6.85,1.63,No,0.0,45.69,48.27,-2.58,48.27,True,2024,2024-07-01,July,-0.05646749835850296
ORD-000307,C-0355,2025-04-21,Website,Credit Card,Northeast,1,Toys,57.29,0,0.0,13.18,20.72,0.0,1.96,No,0.0,57.29,35.86,21.43,35.86,True,2025,2025-04-01,April,0.3740617908884622
ORD-000308,C-0049,2025-06-30,Mobile App,Buy Now Pay Later,Midwest,2,Sports,123.67,0,0.0,25.06,47.99,0.0,3.89,No,0.0,123.67,76.94,46.73,76.94,True,2025,2025-06-01,June,0.3778604350287054
ORD-000309,C-0183,2025-08-24,Website,Credit Card,West Coast,1,Home & Kitchen,33.22,0,0.0,8.94,19.46,0.0,1.26,No,0.0,33.22,29.66,3.56,29.66,True,2025,2025-08-01,August,0.10716435881998797
ORD-000310,C-0180,2024-05-07,Mobile App,PayPal,Southwest,3,Food & Beverage,143.35,0,0.0,42.64,72.77,0.0,4.46,No,0.0,143.35,119.87,23.48,119.86999999999999,True,2024,2024-05-01,May,0.16379490756888734
ORD-000311,C-0379,2024-12-09,Website,Credit Card,Northeast,2,Clothing,149.57,5,7.48,28.98,55.65,0.0,4.42,No,0.0,142.09,89.05,53.04,89.05,True,2024,2024-12-01,December,0.37328453796889294
ORD-000312,C-0622,2025-08-05,Marketplace,Credit Card,Northeast,1,Books,19.54,10,1.95,23.48,8.98,2.64,0.81,No,0.0,17.59,35.91,-18.32,35.910000000000004,True,2025,2025-08-01,August,-1.0415008527572485
ORD-000313,C-0166,2025-10-26,Website,Credit Card,Southeast,2,Sports,224.3,20,44.86,47.44,88.1,0.0,5.5,No,0.0,179.44,141.04,38.4,141.04,True,2025,2025-10-01,October,0.21399910833704858
ORD-000314,C-0091,2025-03-12,Marketplace,Buy Now Pay Later,Midwest,1,Food & Beverage,23.04,5,1.15,15.16,7.42,3.28,0.93,No,0.0,21.89,26.79,-4.9,26.79,True,2025,2025-03-01,March,-0.22384650525354044
ORD-000315,C-0531,2025-10-30,Mobile App,PayPal,West Coast,1,Food & Beverage,88.71,10,8.87,36.42,61.98,0.0,2.62,No,0.0,79.84,101.02,-21.18,101.02000000000001,True,2025,2025-10-01,October,-0.26528056112224446
ORD-000316,C-0534,2025-09-23,Marketplace,Debit Card,Midwest,3,Beauty,93.07,20,18.61,63.26,46.69,11.17,2.46,No,0.0,74.46,123.58,-49.12,123.57999999999998,True,2025,2025-09-01,September,-0.6596830513027129
ORD-000317,C-0314,2024-11-02,Website,Debit Card,Southwest,1,Sports,165.18,10,16.52,17.46,63.24,0.0,4.61,No,0.0,148.66,85.31,63.35,85.31,True,2024,2024-11-01,November,0.4261401856585497
ORD-000318,C-0029,2025-10-28,Marketplace,Credit Card,Southeast,2,Toys,147.44,0,0.0,24.18,63.64,22.12,4.58,Yes,147.44,0.0,114.52,-114.52,114.52,True,2025,2025-10-01,October,
ORD-000319,C-0224,2024-08-19,Mobile App,Buy Now Pay Later,Northeast,2,Toys,143.92,0,0.0,47.84,66.6,0.0,4.47,No,0.0,143.92,118.91,25.01,118.91,True,2024,2024-08-01,August,0.17377709838799335
ORD-000320,C-0278,2025-10-08,Website,Debit Card,Southeast,2,Toys,193.76,10,19.38,30.26,77.25,0.0,5.36,Yes,174.38,0.0,112.87,-112.87,112.87,True,2025,2025-10-01,October,
ORD-000321,C-0148,2025-10-28,Website,Credit Card,West Coast,2,Toys,80.97,10,8.1,36.18,32.14,0.0,2.41,Yes,72.87,0.0,70.73,-70.73,70.72999999999999,True,2025,2025-10-01,October,
ORD-000322,C-0527,2025-06-06,Website,Gift Card,West Coast,2,Clothing,138.02,0,0.0,39.12,61.24,0.0,4.3,No,0.0,138.02,104.66,33.36,104.66,True,2025,2025-06-01,June,0.24170410085494853
ORD-000323,C-0292,2025-05-17,Website,PayPal,Southwest,1,Beauty,22.22,0,0.0,21.88,14.62,0.0,0.94,No,0.0,22.22,37.44,-15.22,37.44,True,2025,2025-05-01,May,-0.6849684968496851
ORD-000324,C-0325,2025-05-17,Marketplace,Gift Card,Northeast,1,Books,10.41,5,0.52,9.58,4.56,1.48,0.59,No,0.0,9.89,16.21,-6.32,16.21,True,2025,2025-05-01,May,-0.6390293225480284
ORD-000325,C-0584,2025-03-04,Website,PayPal,West Coast,2,Beauty,103.39,5,5.17,23.32,44.28,0.0,3.15,No,0.0,98.22,70.75,27.47,70.75,True,2025,2025-03-01,March,0.279678273264101
ORD-000326,C-0093,2025-07-13,Mobile App,Buy Now Pay Later,Southeast,1,Food & Beverage,19.41,20,3.88,12.7,8.47,0.0,0.75,No,0.0,15.53,21.92,-6.39,21.92,True,2025,2025-07-01,July,-0.41146168705730846
ORD-000327,C-0341,2025-09-24,Website,Buy Now Pay Later,Northeast,4,Toys,261.1,15,39.16,83.38,103.09,0.0,6.74,Yes,221.94,-0.0,193.21,-193.21,193.21,True,2025,2025-09-01,September,
ORD-000328,C-0358,2025-11-11,Mobile App,PayPal,Southeast,1,Home & Kitchen,21.94,0,0.0,29.72,8.28,0.0,0.94,No,0.0,21.94,38.94,-17.0,38.94,True,2025,2025-11-01,November,-0.7748404740200546
ORD-000329,C-0126,2025-04-02,Website,Debit Card,West Coast,1,Home & Kitchen,58.8,0,0.0,12.44,22.82,0.0,2.01,No,0.0,58.8,37.27,21.53,37.269999999999996,True,2025,2025-04-01,April,0.36615646258503404
ORD-000330,C-0303,2025-10-18,Mobile App,Buy Now Pay Later,Southwest,1,Electronics,51.28,0,0.0,12.38,21.44,0.0,1.79,Yes,51.28,0.0,35.61,-35.61,35.61,True,2025,2025-10-01,October,
ORD-000331,C-0265,2025-07-08,Marketplace,Credit Card,Southwest,3,Home & Kitchen,185.59,10,18.56,30.32,86.55,25.05,5.14,No,0.0,167.03,147.06,19.97,147.06,True,2025,2025-07-01,July,0.11955936059390528
ORD-000332,C-0040,2025-10-10,Social Commerce,Debit Card,Midwest,1,Toys,11.84,20,2.37,11.5,5.71,0.76,0.57,No,0.0,9.47,18.54,-9.07,18.540000000000003,True,2025,2025-10-01,October,-0.9577613516367476
ORD-000333,C-0697,2025-05-09,Website,Credit Card,Midwest,3,Food & Beverage,537.82,10,53.78,61.02,171.57,0.0,14.34,No,0.0,484.04,246.93,237.11,246.93,True,2025,2025-05-01,May,0.4898562102305595
ORD-000334,C-0427,2025-03-31,Website,Buy Now Pay Later,West Coast,3,Clothing,123.32,0,0.0,35.94,42.41,0.0,3.88,No,0.0,123.32,82.23,41.09,82.22999999999999,True,2025,2025-03-01,March,0.3331981835874149
ORD-000335,C-0502,2025-03-16,Mobile App,Buy Now Pay Later,Northeast,3,Books,237.48,0,0.0,56.52,112.36,0.0,7.19,No,0.0,237.48,176.07,61.41,176.07,True,2025,2025-03-01,March,0.25859019706922687
ORD-000336,C-0799,2024-03-29,Website,PayPal,Northeast,3,Clothing,55.16,5,2.76,22.66,23.87,0.0,1.82,No,0.0,52.4,48.35,4.05,48.35,True,2024,2024-03-01,March,0.07729007633587787
ORD-000337,C-0439,2025-09-08,Social Commerce,Credit Card,Southeast,1,Electronics,84.5,0,0.0,27.16,45.9,6.76,2.75,No,0.0,84.5,82.57,1.93,82.57000000000001,True,2025,2025-09-01,September,0.02284023668639053
ORD-000338,C-0323,2025-04-07,Marketplace,Credit Card,Midwest,2,Food & Beverage,205.45,0,0.0,27.62,99.39,30.82,6.26,No,0.0,205.45,164.09,41.36,164.09,True,2025,2025-04-01,April,0.20131418836699927
ORD-000339,C-0496,2025-05-01,Website,PayPal,Northeast,2,Books,60.36,5,3.02,21.14,20.6,0.0,1.96,No,0.0,57.34,43.7,13.64,43.7,True,2025,2025-05-01,May,0.23787931635856296
ORD-000340,C-0371,2025-06-26,Social Commerce,PayPal,Midwest,2,Sports,126.57,20,25.31,28.18,68.13,8.1,3.24,No,0.0,101.26,107.65,-6.39,107.64999999999999,True,2025,2025-06-01,June,-0.0631048785305155
ORD-000341,C-0510,2024-11-11,Social Commerce,Credit Card,Southwest,1,Clothing,63.94,0,0.0,8.46,20.51,5.12,2.15,No,0.0,63.94,36.24,27.7,36.24,True,2024,2024-11-01,November,0.4332186424773225
ORD-000342,C-0531,2025-05-25,Marketplace,PayPal,Southwest,1,Beauty,63.78,10,6.38,3.9,23.51,8.61,1.96,No,0.0,57.4,37.98,19.42,37.98,True,2025,2025-05-01,May,0.33832752613240424
ORD-000343,C-0501,2025-01-19,Social Commerce,PayPal,Northeast,1,Food & Beverage,36.88,10,3.69,9.24,11.28,2.66,1.26,No,0.0,33.19,24.44,8.75,24.44,True,2025,2025-01-01,January,0.2636336245857186
ORD-000344,C-0449,2024-09-01,Marketplace,PayPal,Southwest,2,Books,288.96,5,14.45,46.38,92.48,41.18,8.26,Yes,274.51,0.0,188.3,-188.3,188.3,True,2024,2024-09-01,September,
ORD-000345,C-0362,2025-05-02,Mobile App,PayPal,Northeast,1,Home & Kitchen,26.25,0,0.0,7.18,10.78,0.0,1.06,No,0.0,26.25,19.02,7.23,19.02,True,2025,2025-05-01,May,0.27542857142857147
ORD-000346,C-0049,2025-10-29,Social Commerce,Credit Card,West Coast,2,Beauty,87.02,25,21.76,36.42,35.88,5.22,2.19,No,0.0,65.26,79.71,-14.45,79.71000000000001,True,2025,2025-10-01,October,-0.22142200429053016
ORD-000347,C-0603,2025-09-28,Marketplace,Credit Card,Southwest,2,Electronics,765.26,10,76.53,42.64,239.76,103.31,20.27,No,0.0,688.73,405.98,282.75,405.97999999999996,True,2025,2025-09-01,September,0.41053823704499587
ORD-000348,C-0019,2024-10-10,Marketplace,Credit Card,Northeast,1,Home & Kitchen,28.43,0,0.0,3.74,16.12,4.26,1.12,No,0.0,28.43,25.24,3.19,25.24,True,2024,2024-10-01,October,0.11220541681322546
ORD-000349,C-0745,2024-12-05,Website,Buy Now Pay Later,Midwest,4,Toys,240.47,20,48.09,73.96,142.13,0.0,5.88,No,0.0,192.38,221.97,-29.59,221.96999999999997,True,2024,2024-12-01,December,-0.15381016737706624
ORD-000350,C-0797,2025-08-30,Website,Buy Now Pay Later,Midwest,2,Clothing,160.93,15,24.14,16.92,80.11,0.0,4.27,No,0.0,136.79,101.3,35.49,101.3,True,2025,2025-08-01,August,0.2594487901162366
ORD-000351,C-0225,2025-08-27,Social Commerce,Credit Card,Southeast,1,Books,79.5,10,7.95,16.5,24.18,5.72,2.37,No,0.0,71.55,48.77,22.78,48.769999999999996,True,2025,2025-08-01,August,0.3183787561146052
ORD-000352,C-0017,2025-05-26,Website,Credit Card,Southeast,1,Toys,10.05,25,2.51,9.18,6.91,0.0,0.52,No,0.0,7.54,16.61,-9.07,16.61,True,2025,2025-05-01,May,-1.202917771883289
ORD-000353,C-0128,2025-08-02,Website,PayPal,Southeast,2,Home & Kitchen,113.0,0,0.0,20.12,37.64,0.0,3.58,No,0.0,113.0,61.34,51.66,61.34,True,2025,2025-08-01,August,0.4571681415929203
ORD-000354,C-0346,2025-01-07,Website,Credit Card,West Coast,2,Electronics,113.16,0,0.0,24.68,56.09,0.0,3.58,No,0.0,113.16,84.35,28.81,84.35000000000001,True,2025,2025-01-01,January,0.2545952633439378
ORD-000355,C-0177,2025-03-23,Website,Buy Now Pay Later,Midwest,1,Sports,70.38,0,0.0,10.04,23.42,0.0,2.34,No,0.0,70.38,35.8,34.58,35.8,True,2025,2025-03-01,March,0.491332764990054
ORD-000356,C-0591,2025-08-28,Mobile App,Credit Card,West Coast,2,Home & Kitchen,71.66,0,0.0,20.36,31.01,0.0,2.38,No,0.0,71.66,53.75,17.91,53.75000000000001,True,2025,2025-08-01,August,0.24993022606754117
ORD-000357,C-0049,2024-08-25,Website,Debit Card,Southeast,1,Toys,105.08,0,0.0,11.64,61.16,0.0,3.35,No,0.0,105.08,76.15,28.93,76.14999999999999,True,2024,2024-08-01,August,0.275314046440807
ORD-000358,C-0669,2025-12-06,Website,Credit Card,Southwest,1,Home & Kitchen,104.73,10,10.47,14.94,34.15,0.0,3.03,Yes,94.26,0.0,52.12,-52.12,52.12,True,2025,2025-12-01,December,
ORD-000359,C-0057,2025-05-20,Website,Credit Card,Southwest,2,Food & Beverage,73.0,0,0.0,22.84,28.29,0.0,2.42,No,0.0,73.0,53.55,19.45,53.55,True,2025,2025-05-01,May,0.26643835616438355
ORD-000360,C-0572,2024-09-24,Marketplace,Gift Card,Northeast,1,Toys,20.1,10,2.01,18.36,13.82,2.71,0.82,No,0.0,18.09,35.71,-17.62,35.71,True,2024,2024-09-01,September,-0.9740187949143173
ORD-000361,C-0476,2024-08-27,Marketplace,Credit Card,Midwest,2,Sports,281.99,0,0.0,38.16,125.93,42.3,8.48,No,0.0,281.99,214.87,67.12,214.86999999999998,True,2024,2024-08-01,August,0.23802262491577716
ORD-000362,C-0581,2025-07-03,Website,Buy Now Pay Later,Midwest,1,Books,9.94,10,0.99,7.34,6.71,0.0,0.56,No,0.0,8.95,14.61,-5.66,14.610000000000001,True,2025,2025-07-01,July,-0.6324022346368716
ORD-000363,C-0507,2025-07-27,Mobile App,Credit Card,Southwest,2,Food & Beverage,276.94,10,27.69,46.08,148.56,0.0,7.53,No,0.0,249.25,202.17,47.08,202.17,True,2025,2025-07-01,July,0.1888866599799398
ORD-000364,C-0426,2025-06-15,Website,PayPal,Southwest,4,Home & Kitchen,298.27,0,0.0,42.7,115.01,0.0,8.95,No,0.0,298.27,166.66,131.61,166.66,True,2025,2025-06-01,June,0.4412445100077112
ORD-000365,C-0409,2025-11-27,Website,Gift Card,Northeast,1,Home & Kitchen,62.18,5,3.11,6.06,26.96,0.0,2.01,No,0.0,59.07,35.03,24.04,35.03,True,2025,2025-11-01,November,0.40697477568985946
ORD-000366,C-0467,2025-08-25,Website,Credit Card,West Coast,1,Beauty,122.88,5,6.14,24.12,39.6,0.0,3.69,No,0.0,116.74,67.41,49.33,67.41,True,2025,2025-08-01,August,0.4225629604248758
ORD-000367,C-0489,2025-05-08,Marketplace,Buy Now Pay Later,Southeast,1,Sports,103.35,5,5.17,5.02,30.95,14.73,3.15,No,0.0,98.18,53.85,44.33,53.85,True,2025,2025-05-01,May,0.4515176206966795
ORD-000368,C-0491,2025-06-30,Website,Gift Card,Southeast,1,Electronics,268.26,10,26.83,32.34,108.9,0.0,7.3,No,0.0,241.43,148.54,92.89,148.54000000000002,True,2025,2025-06-01,June,0.38474920266743984
ORD-000369,C-0689,2024-07-30,Mobile App,Credit Card,West Coast,3,Toys,33.8,25,8.45,35.3,14.05,0.0,1.04,No,0.0,25.35,50.39,-25.04,50.38999999999999,True,2024,2024-07-01,July,-0.9877712031558185
ORD-000370,C-0247,2025-07-10,Website,Credit Card,Northeast,2,Books,106.21,0,0.0,14.98,52.51,0.0,3.38,No,0.0,106.21,70.87,35.34,70.86999999999999,True,2025,2025-07-01,July,0.3327370304114491
ORD-000371,C-0732,2024-05-22,Marketplace,Debit Card,Midwest,1,Beauty,47.32,10,4.73,9.1,20.94,6.39,1.54,No,0.0,42.59,37.97,4.62,37.97,True,2024,2024-05-01,May,0.10847616811458088
ORD-000372,C-0341,2024-12-11,Marketplace,Credit Card,Midwest,3,Home & Kitchen,247.64,5,12.38,46.6,125.24,35.29,7.12,No,0.0,235.26,214.25,21.01,214.25,True,2024,2024-12-01,December,0.08930544929014708
ORD-000373,C-0640,2025-11-24,Mobile App,PayPal,Midwest,1,Beauty,24.02,20,4.8,3.98,10.75,0.0,0.86,No,0.0,19.22,15.59,3.63,15.59,True,2025,2025-11-01,November,0.18886576482830386
ORD-000374,C-0738,2025-07-06,Marketplace,Buy Now Pay Later,West Coast,3,Toys,125.82,0,0.0,33.3,54.56,18.87,3.95,No,0.0,125.82,110.68,15.14,110.68,True,2025,2025-07-01,July,0.1203306310602448
ORD-000375,C-0625,2025-06-24,Marketplace,Debit Card,Northeast,1,Electronics,24.38,20,4.88,13.9,16.19,2.92,0.87,Yes,19.5,0.0,33.88,-33.88,33.88,True,2025,2025-06-01,June,
ORD-000376,C-0094,2025-07-28,Website,Gift Card,West Coast,1,Books,23.2,10,2.32,7.98,6.77,0.0,0.91,No,0.0,20.88,15.66,5.22,15.66,True,2025,2025-07-01,July,0.25
ORD-000377,C-0429,2025-04-28,Website,Credit Card,Southeast,4,Sports,173.72,10,17.37,52.16,66.81,0.0,4.83,No,0.0,156.35,123.8,32.55,123.8,True,2025,2025-04-01,April,0.20818676047329707
ORD-000378,C-0118,2025-08-03,Mobile App,Gift Card,West Coast,4,Home & Kitchen,338.66,15,50.8,44.94,157.1,0.0,8.65,No,0.0,287.86,210.69,77.17,210.69,True,2025,2025-08-01,August,0.2680817063850483
ORD-000379,C-0636,2025-04-30,Marketplace,Buy Now Pay Later,Midwest,1,Beauty,106.23,20,21.25,36.42,56.67,12.75,2.76,No,0.0,84.98,108.6,-23.62,108.60000000000001,True,2025,2025-04-01,April,-0.2779477524123323
ORD-000380,C-0546,2025-05-24,Website,PayPal,West Coast,3,Beauty,145.92,15,21.89,28.72,71.06,0.0,3.9,No,0.0,124.03,103.68,20.35,103.68,True,2025,2025-05-01,May,0.1640732080948158
ORD-000381,C-0433,2025-07-05,Mobile App,Gift Card,Southwest,5,Clothing,449.88,0,0.0,66.48,153.06,0.0,13.35,No,0.0,449.88,232.89,216.99,232.89000000000001,True,2025,2025-07-01,July,0.48232862096559087
ORD-000382,C-0246,2025-09-04,Marketplace,Buy Now Pay Later,West Coast,4,Sports,477.27,15,71.59,55.22,180.41,60.85,12.06,No,0.0,405.68,308.54,97.14,308.54,True,2025,2025-09-01,September,0.2394498126602248
ORD-000383,C-0042,2025-05-06,Website,PayPal,Southwest,1,Sports,208.14,0,0.0,42.9,81.09,0.0,6.34,No,0.0,208.14,130.33,77.81,130.33,True,2025,2025-05-01,May,0.37383491880465075
ORD-000384,C-0447,2025-08-10,Mobile App,Credit Card,Southeast,1,Home & Kitchen,105.44,0,0.0,8.94,42.07,0.0,3.36,No,0.0,105.44,54.37,51.07,54.37,True,2025,2025-08-01,August,0.48435128983308046
ORD-000385,C-0192,2024-01-31,Website,Credit Card,Southwest,1,Electronics,112.16,25,28.04,26.84,58.88,0.0,2.74,No,0.0,84.12,88.46,-4.34,88.46,True,2024,2024-01-01,January,-0.05159296243461721
ORD-000386,C-0665,2025-05-16,Marketplace,Credit Card,Southwest,1,Electronics,73.73,15,11.06,9.34,48.17,9.4,2.12,No,0.0,62.67,69.03,-6.36,69.03000000000002,True,2025,2025-05-01,May,-0.10148396361895644
ORD-000387,C-0263,2025-07-18,Website,Credit Card,West Coast,1,Electronics,153.84,5,7.69,37.14,64.32,0.0,4.54,No,0.0,146.15,106.0,40.15,106.0,True,2025,2025-07-01,July,0.27471775573041396
ORD-000388,C-0252,2025-01-22,Mobile App,Credit Card,Southwest,4,Beauty,259.89,15,38.98,39.24,92.77,0.0,6.71,No,0.0,220.91,138.72,82.19,138.72,True,2025,2025-01-01,January,0.3720519668643339
ORD-000389,C-0690,2025-06-06,Website,PayPal,Southwest,1,Clothing,7.77,5,0.39,4.7,4.58,0.0,0.51,No,0.0,7.38,9.79,-2.41,9.790000000000001,True,2025,2025-06-01,June,-0.3265582655826558
ORD-000390,C-0044,2025-04-17,Marketplace,Credit Card,Southeast,1,Sports,14.58,0,0.0,9.1,4.36,2.19,0.72,No,0.0,14.58,16.37,-1.79,16.37,True,2025,2025-04-01,April,-0.12277091906721536
ORD-000391,C-0487,2025-02-03,Marketplace,Debit Card,Southwest,2,Home & Kitchen,292.44,0,0.0,20.56,105.86,43.87,8.78,No,0.0,292.44,179.07,113.37,179.07,True,2025,2025-02-01,February,0.387669265490357
ORD-000392,C-0645,2025-10-07,Social Commerce,Debit Card,West Coast,1,Beauty,106.23,0,0.0,36.42,56.67,8.5,3.38,No,0.0,106.23,104.97,1.26,104.97,True,2025,2025-10-01,October,0.011861056198813894
ORD-000393,C-0285,2025-07-09,Social Commerce,Credit Card,West Coast,5,Toys,188.23,25,47.06,39.34,69.94,11.29,4.39,No,0.0,141.17,124.96,16.21,124.96,True,2025,2025-07-01,July,0.11482609619607567
ORD-000394,C-0226,2025-11-26,Marketplace,PayPal,Northeast,2,Electronics,554.75,15,83.21,34.32,187.67,70.73,13.97,No,0.0,471.54,306.69,164.85,306.69,True,2025,2025-11-01,November,0.34959918564702885
ORD-000395,C-0336,2025-04-24,Website,Gift Card,Southwest,2,Food & Beverage,324.77,0,0.0,18.42,102.5,0.0,9.72,No,0.0,324.77,130.64,194.13,130.64000000000001,True,2025,2025-04-01,April,0.5977460972380454
ORD-000396,C-0105,2025-07-14,Marketplace,Credit Card,West Coast,1,Clothing,89.44,5,4.47,18.84,62.18,12.75,2.76,No,0.0,84.97,96.53,-11.56,96.53,True,2025,2025-07-01,July,-0.13604801694715782
ORD-000397,C-0757,2024-12-26,Website,Credit Card,Midwest,1,Electronics,34.0,5,1.7,13.66,21.92,0.0,1.24,No,0.0,32.3,36.82,-4.52,36.82,True,2024,2024-12-01,December,-0.13993808049535603
ORD-000398,C-0300,2025-04-24,Website,PayPal,Northeast,3,Electronics,766.2,0,0.0,52.86,247.71,0.0,22.52,Yes,766.2,-0.0,323.09,-323.09,323.09,True,2025,2025-04-01,April,
ORD-000399,C-0261,2024-09-08,Marketplace,Credit Card,Northeast,1,Clothing,90.19,20,18.04,13.42,33.04,10.82,2.39,No,0.0,72.15,59.67,12.48,59.67,True,2024,2024-09-01,September,0.17297297297297295
ORD-000400,C-0582,2025-04-11,Mobile App,Credit Card,Southeast,1,Toys,75.84,15,11.38,12.3,34.48,0.0,2.17,No,0.0,64.46,48.95,15.51,48.95,True,2025,2025-04-01,April,0.2406143344709898
ORD-000401,C-0476,2025-08-22,Marketplace,PayPal,Midwest,1,Beauty,10.44,10,1.04,28.6,5.7,1.41,0.57,No,0.0,9.4,36.28,-26.88,36.28,True,2025,2025-08-01,August,-2.859574468085106
ORD-000402,C-0399,2024-09-12,Mobile App,Buy Now Pay Later,Southeast,1,Books,9.03,0,0.0,13.98,6.37,0.0,0.56,No,0.0,9.03,20.91,-11.88,20.91,True,2024,2024-09-01,September,-1.3156146179401995
ORD-000403,C-0119,2024-05-24,Social Commerce,Debit Card,Midwest,2,Home & Kitchen,277.97,5,13.9,30.1,109.73,21.13,7.96,No,0.0,264.07,168.92,95.15,168.92000000000002,True,2024,2024-05-01,May,0.36032112697390845
ORD-000404,C-0507,2025-09-28,Website,Credit Card,Southwest,5,Beauty,159.86,0,0.0,62.2,56.77,0.0,4.94,No,0.0,159.86,123.91,35.95,123.91,True,2025,2025-09-01,September,0.22488427373952208
ORD-000405,C-0576,2025-04-25,Mobile App,Credit Card,Southeast,3,Food & Beverage,252.32,5,12.62,64.92,95.06,0.0,7.25,No,0.0,239.7,167.23,72.47,167.23000000000002,True,2025,2025-04-01,April,0.30233625365039635
ORD-000406,C-0118,2025-09-13,Marketplace,Credit Card,West Coast,1,Toys,10.05,25,2.51,9.18,6.91,1.13,0.52,Yes,7.54,0.0,17.74,-17.74,17.74,True,2025,2025-09-01,September,
ORD-000407,C-0674,2024-07-18,Social Commerce,Debit Card,Midwest,2,Clothing,66.0,15,9.9,19.0,23.17,4.49,1.93,No,0.0,56.1,48.59,7.51,48.59,True,2024,2024-07-01,July,0.1338680926916221
ORD-000408,C-0204,2025-08-25,Mobile App,Credit Card,West Coast,3,Beauty,221.03,0,0.0,26.98,98.36,0.0,6.71,No,0.0,221.03,132.05,88.98,132.05,True,2025,2025-08-01,August,0.40256978690675477
ORD-000409,C-0026,2024-07-10,Website,Credit Card,Midwest,5,Clothing,408.47,5,20.42,88.24,169.37,0.0,11.55,No,0.0,388.05,269.16,118.89,269.16,True,2024,2024-07-01,July,0.3063780440664863
ORD-000410,C-0394,2024-05-19,Mobile App,Credit Card,Southeast,3,Electronics,298.59,0,0.0,27.7,133.67,0.0,8.96,No,0.0,298.59,170.33,128.26,170.32999999999998,True,2024,2024-05-01,May,0.4295522288087344
ORD-000411,C-0059,2024-12-24,Website,Buy Now Pay Later,Northeast,3,Beauty,112.37,10,11.24,27.78,67.33,0.0,3.23,No,0.0,101.13,98.34,2.79,98.34,True,2024,2024-12-01,December,0.027588252743992882
ORD-000412,C-0229,2025-02-02,Website,Gift Card,Southwest,3,Books,254.6,0,0.0,49.52,93.95,0.0,7.68,No,0.0,254.6,151.15,103.45,151.15,True,2025,2025-02-01,February,0.4063236449332286
ORD-000413,C-0148,2025-05-05,Marketplace,Buy Now Pay Later,Southwest,1,Electronics,89.42,10,8.94,10.78,36.3,12.07,2.63,No,0.0,80.48,61.78,18.7,61.78,True,2025,2025-05-01,May,0.23235586481113318
ORD-000414,C-0231,2025-07-13,Website,PayPal,Southeast,1,Clothing,24.88,10,2.49,7.02,13.77,0.0,0.95,No,0.0,22.39,21.74,0.65,21.74,True,2025,2025-07-01,July,0.029030817329164807
ORD-000415,C-0350,2025-11-06,Mobile App,Credit Card,Northeast,3,Clothing,687.19,15,103.08,52.46,207.64,0.0,17.24,No,0.0,584.11,277.34,306.77,277.34,True,2025,2025-11-01,November,0.5251921727071955
ORD-000416,C-0416,2025-10-10,Website,Credit Card,Southeast,1,Toys,100.66,0,0.0,10.46,36.48,0.0,3.22,No,0.0,100.66,50.16,50.5,50.16,True,2025,2025-10-01,October,0.5016888535664614
ORD-000417,C-0451,2025-05-22,Mobile App,Buy Now Pay Later,Northeast,3,Toys,206.35,10,20.64,30.02,75.89,0.0,5.69,No,0.0,185.71,111.6,74.11,111.6,True,2025,2025-05-01,May,0.39906305530127617
ORD-000418,C-0588,2025-04-30,Website,Debit Card,Southwest,3,Sports,116.57,0,0.0,50.24,52.73,0.0,3.68,No,0.0,116.57,106.65,9.92,106.65,True,2025,2025-04-01,April,0.08509908209659432
ORD-000419,C-0762,2024-04-29,Social Commerce,Credit Card,Southeast,1,Toys,27.88,15,4.18,11.18,12.13,1.9,0.99,No,0.0,23.7,26.2,-2.5,26.2,True,2024,2024-04-01,April,-0.10548523206751055
ORD-000420,C-0240,2025-05-25,Website,PayPal,Southwest,3,Beauty,109.16,5,5.46,42.16,42.38,0.0,3.31,Yes,103.7,0.0,87.85,-87.85,87.85,True,2025,2025-05-01,May,
ORD-000421,C-0633,2025-10-29,Website,Buy Now Pay Later,Northeast,1,Sports,17.4,25,4.35,12.3,7.23,0.0,0.68,No,0.0,13.05,20.21,-7.16,20.21,True,2025,2025-10-01,October,-0.5486590038314176
ORD-000422,C-0400,2025-09-27,Website,Gift Card,Southwest,2,Beauty,94.32,0,0.0,21.08,35.4,0.0,3.04,No,0.0,94.32,59.52,34.8,59.519999999999996,True,2025,2025-09-01,September,0.36895674300254455
ORD-000423,C-0161,2025-04-27,Social Commerce,PayPal,Midwest,2,Books,74.14,5,3.71,41.38,42.18,5.63,2.34,No,0.0,70.43,91.53,-21.1,91.53,True,2025,2025-04-01,April,-0.2995882436461735
ORD-000424,C-0173,2025-12-16,Website,Credit Card,Northeast,1,Toys,19.95,25,4.99,4.46,6.83,0.0,0.73,No,0.0,14.96,12.02,2.94,12.02,True,2025,2025-12-01,December,0.19652406417112298
ORD-000425,C-0542,2024-06-12,Mobile App,Credit Card,West Coast,2,Home & Kitchen,397.99,10,39.8,41.98,156.73,0.0,10.69,No,0.0,358.19,209.4,148.79,209.39999999999998,True,2024,2024-06-01,June,0.4153940646025852
ORD-000426,C-0230,2025-09-04,Marketplace,Credit Card,Midwest,1,Beauty,58.23,0,0.0,13.42,22.42,8.73,1.99,No,0.0,58.23,46.56,11.67,46.56000000000001,True,2025,2025-09-01,September,0.20041215868109222
ORD-000427,C-0407,2024-02-20,Social Commerce,Debit Card,Northeast,4,Beauty,286.83,15,43.02,45.42,113.82,19.5,7.37,No,0.0,243.81,186.11,57.7,186.11,True,2024,2024-02-01,February,0.2366596940240351
ORD-000428,C-0475,2025-06-26,Website,PayPal,Midwest,1,Clothing,63.94,0,0.0,8.46,20.51,0.0,2.15,No,0.0,63.94,31.12,32.82,31.12,True,2025,2025-06-01,June,0.5132937128558024
ORD-000429,C-0119,2025-11-21,Website,Buy Now Pay Later,Northeast,2,Food & Beverage,74.56,0,0.0,23.32,46.03,0.0,2.46,No,0.0,74.56,71.81,2.75,71.80999999999999,True,2025,2025-11-01,November,0.036883047210300425
ORD-000430,C-0706,2025-04-03,Website,Debit Card,Southeast,3,Books,79.66,10,7.97,31.7,38.55,0.0,2.38,No,0.0,71.69,72.63,-0.94,72.63,True,2025,2025-04-01,April,-0.013112010043241735
ORD-000431,C-0172,2024-10-06,Website,PayPal,Northeast,1,Beauty,47.32,20,9.46,9.1,20.94,0.0,1.4,No,0.0,37.86,31.44,6.42,31.439999999999998,True,2024,2024-10-01,October,0.16957210776545167
ORD-000432,C-0074,2025-08-15,Website,Credit Card,Southeast,4,Toys,258.49,0,0.0,43.42,99.78,0.0,7.8,No,0.0,258.49,151.0,107.49,151.0,True,2025,2025-08-01,August,0.4158381368718325
ORD-000433,C-0214,2024-02-01,Mobile App,PayPal,Northeast,1,Toys,63.63,15,9.54,8.38,31.76,0.0,1.87,No,0.0,54.09,42.01,12.08,42.01,True,2024,2024-02-01,February,0.22333148456276575
ORD-000434,C-0421,2025-06-20,Mobile App,PayPal,Southwest,3,Electronics,329.19,0,0.0,22.5,107.31,0.0,9.85,No,0.0,329.19,139.66,189.53,139.66,True,2025,2025-06-01,June,0.5757465293599441
ORD-000435,C-0337,2025-01-11,Mobile App,Credit Card,Southeast,3,Food & Beverage,167.68,10,16.77,30.9,74.54,0.0,4.68,No,0.0,150.91,110.12,40.79,110.12,True,2025,2025-01-01,January,0.27029355244847925
ORD-000436,C-0394,2025-09-24,Website,Gift Card,Southeast,1,Books,17.59,10,1.76,14.78,6.31,0.0,0.76,No,0.0,15.83,21.85,-6.02,21.85,True,2025,2025-09-01,September,-0.3802905874921036
ORD-000437,C-0089,2025-02-22,Website,Debit Card,West Coast,2,Home & Kitchen,102.73,5,5.14,23.72,37.4,0.0,3.13,No,0.0,97.59,64.25,33.34,64.25,True,2025,2025-02-01,February,0.34163336407418793
ORD-000438,C-0541,2025-12-07,Mobile App,Credit Card,Southeast,1,Electronics,222.97,0,0.0,12.94,67.05,0.0,6.77,No,0.0,222.97,86.76,136.21,86.75999999999999,True,2025,2025-12-01,December,0.610889357312643
ORD-000439,C-0414,2025-02-09,Website,Debit Card,West Coast,1,Food & Beverage,408.12,10,40.81,18.9,119.04,0.0,10.95,Yes,367.31,0.0,148.89,-148.89,148.89,True,2025,2025-02-01,February,
ORD-000440,C-0649,2025-03-31,Social Commerce,Debit Card,Southwest,2,Clothing,100.1,5,5.0,19.96,55.07,7.61,3.06,No,0.0,95.1,85.7,9.4,85.7,True,2025,2025-03-01,March,0.09884332281808623
ORD-000441,C-0182,2025-08-27,Social Commerce,Credit Card,Southwest,2,Books,45.01,0,0.0,20.18,15.71,3.6,1.61,No,0.0,45.01,41.1,3.91,41.1,True,2025,2025-08-01,August,0.08686958453676961
ORD-000442,C-0598,2025-07-15,Mobile App,Buy Now Pay Later,Southeast,1,Sports,29.59,5,1.48,4.7,12.42,0.0,1.12,No,0.0,28.11,18.24,9.87,18.240000000000002,True,2025,2025-07-01,July,0.3511205976520811
ORD-000443,C-0113,2025-09-04,Social Commerce,Credit Card,West Coast,1,Sports,49.35,20,9.87,8.38,26.77,3.16,1.44,No,0.0,39.48,39.75,-0.27,39.75,True,2025,2025-09-01,September,-0.006838905775075989
ORD-000444,C-0376,2024-12-24,Website,PayPal,West Coast,1,Sports,103.35,5,5.17,5.02,30.95,0.0,3.15,No,0.0,98.18,39.12,59.06,39.12,True,2024,2024-12-01,December,0.6015481768180893
ORD-000445,C-0051,2025-01-22,Social Commerce,Credit Card,Southwest,2,Books,121.03,5,6.05,38.64,53.19,9.2,3.63,No,0.0,114.98,104.66,10.32,104.66,True,2025,2025-01-01,January,0.08975473995477475
ORD-000446,C-0013,2025-07-19,Website,PayPal,Southwest,2,Books,105.78,10,10.58,16.26,66.66,0.0,3.06,No,0.0,95.2,85.98,9.22,85.98,True,2025,2025-07-01,July,0.09684873949579832
ORD-000447,C-0460,2025-11-29,Mobile App,Gift Card,Southwest,2,Sports,111.62,0,0.0,36.5,55.02,0.0,3.54,Yes,111.62,0.0,95.06,-95.06,95.06000000000002,True,2025,2025-11-01,November,
ORD-000448,C-0076,2024-05-26,Website,Credit Card,Northeast,3,Beauty,93.73,0,0.0,41.12,40.56,0.0,3.02,Yes,93.73,-0.0,84.7,-84.7,84.7,True,2024,2024-05-01,May,
ORD-000449,C-0522,2025-08-22,Website,Debit Card,West Coast,4,Food & Beverage,117.49,15,17.62,64.78,51.68,0.0,3.2,No,0.0,99.87,119.66,-19.79,119.66000000000001,True,2025,2025-08-01,August,-0.19815760488635223
ORD-000450,C-0033,2024-08-06,Marketplace,PayPal,West Coast,1,Sports,96.35,10,9.63,3.82,38.61,13.01,2.81,No,0.0,86.72,58.25,28.47,58.25,True,2024,2024-08-01,August,0.32829797047970477
ORD-000451,C-0363,2025-01-30,Website,Gift Card,West Coast,1,Toys,272.49,0,0.0,46.26,80.04,0.0,8.2,No,0.0,272.49,134.5,137.99,134.5,True,2025,2025-01-01,January,0.5064039047304488
ORD-000452,C-0227,2024-05-24,Website,Credit Card,Southeast,3,Home & Kitchen,265.58,0,0.0,36.26,83.96,0.0,8.0,No,0.0,265.58,128.22,137.36,128.22,True,2024,2024-05-01,May,0.5172076210558024
ORD-000453,C-0613,2025-05-19,Mobile App,Credit Card,Southeast,1,Food & Beverage,86.62,0,0.0,7.58,37.79,0.0,2.81,No,0.0,86.62,48.18,38.44,48.18,True,2025,2025-05-01,May,0.44377741861002074
ORD-000454,C-0040,2025-09-10,Mobile App,Debit Card,Southwest,2,Home & Kitchen,144.67,0,0.0,24.36,54.29,0.0,4.5,No,0.0,144.67,83.15,61.52,83.15,True,2025,2025-09-01,September,0.42524365798023095
ORD-000455,C-0690,2025-01-06,Mobile App,Credit Card,Southwest,2,Electronics,214.83,0,0.0,19.8,71.04,0.0,6.53,No,0.0,214.83,97.37,117.46,97.37,True,2025,2025-01-01,January,0.5467579015966112
ORD-000456,C-0028,2025-06-25,Mobile App,PayPal,Midwest,1,Toys,19.95,0,0.0,4.46,6.83,0.0,0.88,No,0.0,19.95,12.17,7.78,12.17,True,2025,2025-06-01,June,0.3899749373433584
ORD-000457,C-0585,2025-07-12,Marketplace,Gift Card,Southeast,1,Toys,46.8,0,0.0,9.9,19.21,7.02,1.66,No,0.0,46.8,37.79,9.01,37.78999999999999,True,2025,2025-07-01,July,0.19252136752136753
ORD-000458,C-0653,2024-12-06,Website,Credit Card,Northeast,2,Sports,65.45,15,9.82,25.06,41.46,0.0,1.91,No,0.0,55.63,68.43,-12.8,68.42999999999999,True,2024,2024-12-01,December,-0.2300916771526155
ORD-000459,C-0387,2025-04-14,Social Commerce,Credit Card,Northeast,1,Sports,192.7,0,0.0,7.64,77.22,15.42,5.89,No,0.0,192.7,106.17,86.53,106.17,True,2025,2025-04-01,April,0.44903995848469125
ORD-000460,C-0413,2024-12-06,Social Commerce,Gift Card,Southeast,1,Food & Beverage,11.52,0,0.0,7.58,3.71,0.92,0.63,No,0.0,11.52,12.84,-1.32,12.84,True,2024,2024-12-01,December,-0.11458333333333334
ORD-000461,C-0390,2025-08-29,Marketplace,Debit Card,Midwest,2,Clothing,66.63,10,6.66,14.76,22.56,9.0,2.04,No,0.0,59.97,48.36,11.61,48.36,True,2025,2025-08-01,August,0.1935967983991996
ORD-000462,C-0664,2024-02-20,Mobile App,Buy Now Pay Later,Northeast,2,Food & Beverage,147.33,0,0.0,67.66,80.88,0.0,4.57,No,0.0,147.33,153.11,-5.78,153.10999999999999,True,2024,2024-02-01,February,-0.03923165682481504
ORD-000463,C-0160,2025-10-13,Website,PayPal,Northeast,1,Electronics,112.16,0,0.0,26.84,58.88,0.0,3.55,No,0.0,112.16,89.27,22.89,89.27,True,2025,2025-10-01,October,0.20408345221112698
ORD-000464,C-0209,2025-07-19,Mobile App,Debit Card,Southwest,2,Books,87.0,10,8.7,23.04,39.39,0.0,2.57,No,0.0,78.3,65.0,13.3,65.0,True,2025,2025-07-01,July,0.16985951468710092
ORD-000465,C-0375,2024-10-24,Website,Credit Card,Northeast,3,Food & Beverage,442.07,0,0.0,55.5,217.05,0.0,13.12,No,0.0,442.07,285.67,156.4,285.67,True,2024,2024-10-01,October,0.3537901237360599
ORD-000466,C-0486,2025-05-21,Website,Credit Card,Southeast,2,Clothing,358.53,10,35.85,31.3,120.41,0.0,9.66,No,0.0,322.68,161.37,161.31,161.37,True,2025,2025-05-01,May,0.4999070286351804
ORD-000467,C-0489,2025-10-23,Mobile App,PayPal,Northeast,3,Toys,86.54,5,4.33,26.32,28.38,0.0,2.68,No,0.0,82.21,57.38,24.83,57.38,True,2025,2025-10-01,October,0.30203138304342536
ORD-000468,C-0605,2025-06-18,Website,Buy Now Pay Later,Southwest,1,Beauty,21.93,20,4.39,14.06,15.36,0.0,0.81,No,0.0,17.54,30.23,-12.69,30.23,True,2025,2025-06-01,June,-0.7234891676168758
ORD-000469,C-0420,2025-02-11,Mobile App,PayPal,Southwest,3,Sports,218.94,20,43.79,48.96,118.06,0.0,5.38,No,0.0,175.15,172.4,2.75,172.4,True,2025,2025-02-01,February,0.015700827861832713
ORD-000470,C-0149,2025-07-26,Mobile App,PayPal,West Coast,3,Electronics,398.28,15,59.74,67.8,157.42,0.0,10.12,No,0.0,338.54,235.34,103.2,235.33999999999997,True,2025,2025-07-01,July,0.30483842381993265
ORD-000471,C-0294,2025-06-13,Mobile App,Credit Card,Midwest,2,Beauty,158.89,25,39.72,33.78,51.24,0.0,3.76,No,0.0,119.17,88.78,30.39,88.78000000000002,True,2025,2025-06-01,June,0.255013845766552
ORD-000472,C-0695,2025-11-12,Website,Buy Now Pay Later,Southeast,4,Food & Beverage,225.62,10,22.56,48.0,88.77,0.0,6.19,No,0.0,203.06,142.96,60.1,142.95999999999998,True,2025,2025-11-01,November,0.29597163399980303
ORD-000473,C-0148,2025-07-17,Marketplace,Credit Card,Northeast,3,Sports,144.7,15,21.7,21.36,80.67,18.45,3.87,No,0.0,123.0,124.35,-1.35,124.35000000000001,True,2025,2025-07-01,July,-0.010975609756097562
ORD-000474,C-0010,2024-06-19,Marketplace,Credit Card,Northeast,1,Food & Beverage,27.16,10,2.72,11.34,13.64,3.67,1.01,No,0.0,24.44,29.66,-5.22,29.66,True,2024,2024-06-01,June,-0.21358428805237314
ORD-000475,C-0325,2025-07-24,Marketplace,Credit Card,Southwest,1,Home & Kitchen,62.92,0,0.0,10.38,27.03,9.44,2.12,No,0.0,62.92,48.97,13.95,48.97,True,2025,2025-07-01,July,0.22171010807374442
ORD-000476,C-0107,2025-09-26,Website,PayPal,West Coast,1,Toys,52.54,15,7.88,5.82,30.58,0.0,1.6,No,0.0,44.66,38.0,6.66,38.0,True,2025,2025-09-01,September,0.1491267353336319
ORD-000477,C-0738,2024-10-03,Marketplace,Credit Card,Northeast,1,Toys,57.29,10,5.73,13.18,20.72,7.73,1.8,No,0.0,51.56,43.43,8.13,43.42999999999999,True,2024,2024-10-01,October,0.15768037238169125
ORD-000478,C-0745,2025-04-23,Mobile App,Buy Now Pay Later,Southeast,1,Sports,47.22,0,0.0,5.9,20.9,0.0,1.67,No,0.0,47.22,28.47,18.75,28.47,True,2025,2025-04-01,April,0.39707750952986026
ORD-000479,C-0100,2025-06-28,Marketplace,Gift Card,Southwest,1,Food & Beverage,79.49,5,3.97,13.82,32.23,11.33,2.49,No,0.0,75.52,59.87,15.65,59.87,True,2025,2025-06-01,June,0.20722987288135594
ORD-000480,C-0218,2024-11-29,Marketplace,PayPal,West Coast,1,Clothing,129.12,10,12.91,9.72,65.34,17.43,3.67,No,0.0,116.21,96.16,20.05,96.16000000000001,True,2024,2024-11-01,November,0.17253248429567164
ORD-000481,C-0254,2025-10-16,Mobile App,Credit Card,Midwest,1,Toys,157.62,0,0.0,17.46,91.74,0.0,4.87,No,0.0,157.62,114.07,43.55,114.07,True,2025,2025-10-01,October,0.2762974241847481
ORD-000482,C-0060,2025-04-28,Website,PayPal,Southeast,2,Books,130.64,5,6.53,41.12,44.09,0.0,3.9,No,0.0,124.11,89.11,35.0,89.11000000000001,True,2025,2025-04-01,April,0.2820078962210942
ORD-000483,C-0532,2025-10-04,Website,Credit Card,West Coast,1,Beauty,21.93,0,0.0,14.06,15.36,0.0,0.94,No,0.0,21.93,30.36,-8.43,30.360000000000003,True,2025,2025-10-01,October,-0.3844049247606019
ORD-000484,C-0569,2025-03-12,Mobile App,PayPal,Northeast,3,Beauty,352.99,10,35.3,39.84,112.44,0.0,9.51,No,0.0,317.69,161.79,155.9,161.79,True,2025,2025-03-01,March,0.4907299568762001
ORD-000485,C-0634,2025-07-08,Marketplace,PayPal,West Coast,2,Electronics,212.45,10,21.25,22.98,60.76,28.68,5.84,No,0.0,191.2,118.26,72.94,118.25999999999999,True,2025,2025-07-01,July,0.3814853556485356
ORD-000486,C-0330,2025-11-13,Website,Credit Card,Northeast,1,Sports,29.69,25,7.42,6.06,18.66,0.0,0.95,No,0.0,22.27,25.67,-3.4,25.669999999999998,True,2025,2025-11-01,November,-0.15267175572519084
ORD-000487,C-0073,2025-05-01,Marketplace,Credit Card,West Coast,1,Toys,19.95,10,2.0,4.46,6.83,2.69,0.82,No,0.0,17.95,14.8,3.15,14.799999999999999,True,2025,2025-05-01,May,0.1754874651810585
ORD-000488,C-0070,2024-10-21,Mobile App,Credit Card,Southwest,1,Books,19.54,20,3.91,23.48,8.98,0.0,0.75,No,0.0,15.63,33.21,-17.58,33.21,True,2024,2024-10-01,October,-1.1247600767754318
ORD-000489,C-0325,2025-03-05,Website,Credit Card,Southeast,4,Books,386.8,0,0.0,77.92,151.8,0.0,11.52,No,0.0,386.8,241.24,145.56,241.24000000000004,True,2025,2025-03-01,March,0.3763185108583247
ORD-000490,C-0088,2024-08-23,Social Commerce,Gift Card,Midwest,3,Toys,164.91,10,16.49,20.98,51.84,11.87,4.6,No,0.0,148.42,89.29,59.13,89.29,True,2024,2024-08-01,August,0.39839644252796125
ORD-000491,C-0031,2024-10-20,Website,Buy Now Pay Later,West Coast,1,Electronics,89.42,10,8.94,10.78,36.3,0.0,2.63,No,0.0,80.48,49.71,30.77,49.71,True,2024,2024-10-01,October,0.382331013916501
ORD-000492,C-0654,2024-10-30,Website,PayPal,Southwest,1,Food & Beverage,48.08,0,0.0,15.26,34.07,0.0,1.69,No,0.0,48.08,51.02,-2.94,51.019999999999996,True,2024,2024-10-01,October,-0.061148086522462564
ORD-000493,C-0408,2024-09-05,Marketplace,PayPal,Midwest,2,Books,89.96,0,0.0,44.96,38.74,13.49,2.91,No,0.0,89.96,100.1,-10.14,100.1,True,2024,2024-09-01,September,-0.11271676300578036
ORD-000494,C-0018,2025-06-23,Mobile App,Credit Card,Southwest,1,Sports,62.94,0,0.0,6.62,26.48,0.0,2.13,No,0.0,62.94,35.23,27.71,35.230000000000004,True,2025,2025-06-01,June,0.44026056561804894
ORD-000495,C-0404,2024-10-10,Social Commerce,PayPal,West Coast,2,Food & Beverage,257.72,5,12.89,26.66,113.2,19.59,7.4,No,0.0,244.83,166.85,77.98,166.85000000000002,True,2024,2024-10-01,October,0.3185067189478414
ORD-000496,C-0441,2025-10-19,Website,Credit Card,Midwest,1,Food & Beverage,11.52,0,0.0,7.58,3.71,0.0,0.63,No,0.0,11.52,11.92,-0.4,11.92,True,2025,2025-10-01,October,-0.034722222222222224
ORD-000497,C-0767,2024-08-01,Marketplace,Debit Card,Southeast,1,Toys,72.56,0,0.0,8.7,35.81,10.88,2.4,No,0.0,72.56,57.79,14.77,57.790000000000006,True,2024,2024-08-01,August,0.20355567805953692
ORD-000498,C-0500,2025-07-08,Website,Credit Card,Southwest,2,Clothing,92.82,0,0.0,16.44,31.25,0.0,2.99,No,0.0,92.82,50.68,42.14,50.68,True,2025,2025-07-01,July,0.45399698340874817
ORD-000499,C-0771,2025-08-24,Social Commerce,Credit Card,West Coast,2,Food & Beverage,69.39,0,0.0,17.8,45.52,5.55,2.31,No,0.0,69.39,71.18,-1.79,71.18,True,2025,2025-08-01,August,-0.025796224239804006
ORD-000500,C-0231,2025-07-12,Marketplace,Credit Card,Northeast,1,Sports,27.71,0,0.0,12.94,11.44,4.16,1.1,No,0.0,27.71,29.64,-1.93,29.64,True,2025,2025-07-01,July,-0.06964994586791771
ORD-000501,C-0104,2025-02-06,Website,Credit Card,West Coast,2,Clothing,91.87,0,0.0,22.2,33.6,0.0,2.96,No,0.0,91.87,58.76,33.11,58.76,True,2025,2025-02-01,February,0.36040056601719817
ORD-000502,C-0370,2025-07-01,Marketplace,PayPal,Midwest,1,Electronics,68.98,0,0.0,14.54,25.39,10.35,2.3,Yes,68.98,0.0,52.58,-52.58,52.58,True,2025,2025-07-01,July,
ORD-000503,C-0268,2024-10-29,Mobile App,Debit Card,Midwest,1,Toys,20.1,10,2.01,18.36,13.82,0.0,0.82,No,0.0,18.09,33.0,-14.91,33.0,True,2024,2024-10-01,October,-0.824212271973466
ORD-000504,C-0721,2024-11-11,Website,PayPal,Midwest,3,Beauty,115.32,0,0.0,43.76,66.04,0.0,3.64,No,0.0,115.32,113.44,1.88,113.44000000000001,True,2024,2024-11-01,November,0.016302462712452306
ORD-000505,C-0651,2025-11-04,Marketplace,Credit Card,Midwest,1,Clothing,46.68,10,4.67,10.3,15.73,6.3,1.52,No,0.0,42.01,33.85,8.16,33.85,True,2025,2025-11-01,November,0.19423946679362059
ORD-000506,C-0155,2025-09-24,Website,PayPal,Northeast,1,Food & Beverage,111.64,0,0.0,14.22,37.84,0.0,3.54,No,0.0,111.64,55.6,56.04,55.6,True,2025,2025-09-01,September,0.5019706198495163
ORD-000507,C-0169,2025-09-20,Marketplace,PayPal,Midwest,1,Toys,58.97,25,14.74,6.22,23.51,6.63,1.58,No,0.0,44.23,37.94,6.29,37.94,True,2025,2025-09-01,September,0.14221116888989374
ORD-000508,C-0070,2025-08-12,Website,Credit Card,Southeast,5,Clothing,327.07,25,81.77,63.96,148.06,0.0,7.41,No,0.0,245.3,219.43,25.87,219.43,True,2025,2025-08-01,August,0.10546269873624134
ORD-000509,C-0257,2024-05-25,Website,PayPal,Southwest,2,Electronics,197.01,5,9.85,24.44,68.99,0.0,5.73,No,0.0,187.16,99.16,88.0,99.16,True,2024,2024-05-01,May,0.4701859371660611
ORD-000510,C-0042,2025-03-23,Website,Gift Card,Southeast,1,Toys,14.74,10,1.47,5.58,4.57,0.0,0.68,No,0.0,13.27,10.83,2.44,10.83,True,2025,2025-03-01,March,0.1838733986435569
ORD-000511,C-0002,2025-08-13,Marketplace,Credit Card,Southeast,1,Books,23.18,25,5.79,9.26,9.55,2.61,0.8,No,0.0,17.39,22.22,-4.83,22.220000000000002,True,2025,2025-08-01,August,-0.2777458309373203
ORD-000512,C-0392,2024-06-30,Website,Debit Card,Southwest,1,Electronics,153.84,0,0.0,37.14,64.32,0.0,4.76,No,0.0,153.84,106.22,47.62,106.22,True,2024,2024-06-01,June,0.30954238169526777
ORD-000513,C-0371,2025-06-23,Marketplace,Credit Card,Southeast,2,Beauty,97.73,5,4.89,18.52,45.1,13.93,2.99,No,0.0,92.84,80.54,12.3,80.54,True,2025,2025-06-01,June,0.13248599741490738
ORD-000514,C-0623,2025-11-11,Website,PayPal,West Coast,1,Electronics,24.31,0,0.0,5.74,7.13,0.0,1.0,No,0.0,24.31,13.87,10.44,13.870000000000001,True,2025,2025-11-01,November,0.42945290004113534
ORD-000515,C-0723,2024-08-05,Mobile App,PayPal,Midwest,2,Beauty,119.19,15,17.88,26.36,44.11,0.0,3.24,No,0.0,101.31,73.71,27.6,73.71,True,2024,2024-08-01,August,0.2724311519099793
ORD-000516,C-0707,2024-04-30,Mobile App,Credit Card,Southwest,1,Electronics,73.73,15,11.06,9.34,48.17,0.0,2.12,No,0.0,62.67,59.63,3.04,59.63,True,2024,2024-04-01,April,0.048508058082016914
ORD-000517,C-0018,2025-10-16,Social Commerce,Debit Card,Southeast,1,Sports,62.94,0,0.0,6.62,26.48,5.04,2.13,No,0.0,62.94,40.27,22.67,40.27,True,2025,2025-10-01,October,0.36018430251032735
ORD-000518,C-0677,2025-08-17,Mobile App,PayPal,Northeast,2,Sports,86.54,10,8.65,14.58,30.43,0.0,2.56,No,0.0,77.89,47.57,30.32,47.57,True,2025,2025-08-01,August,0.3892669148799589
ORD-000519,C-0332,2025-03-15,Mobile App,Buy Now Pay Later,West Coast,2,Toys,107.37,5,5.37,25.0,44.36,0.0,3.26,No,0.0,102.0,72.62,29.38,72.62,True,2025,2025-03-01,March,0.2880392156862745
ORD-000520,C-0780,2025-05-08,Mobile App,PayPal,Southeast,1,Food & Beverage,23.04,25,5.76,15.16,7.42,0.0,0.8,No,0.0,17.28,23.38,-6.1,23.38,True,2025,2025-05-01,May,-0.3530092592592592
ORD-000521,C-0559,2025-03-23,Website,PayPal,Midwest,3,Electronics,215.1,0,0.0,55.9,78.54,0.0,6.54,No,0.0,215.1,140.98,74.12,140.98,True,2025,2025-03-01,March,0.3445839144583915
ORD-000522,C-0380,2024-10-07,Mobile App,Credit Card,West Coast,1,Books,31.87,0,0.0,9.58,10.3,0.0,1.22,No,0.0,31.87,21.1,10.77,21.1,True,2024,2024-10-01,October,0.3379353624097898
ORD-000523,C-0336,2024-06-17,Social Commerce,PayPal,Southwest,1,Food & Beverage,334.32,10,33.43,27.06,109.02,24.07,9.03,No,0.0,300.89,169.18,131.71,169.17999999999998,True,2024,2024-06-01,June,0.43773472032968863
ORD-000524,C-0746,2025-03-12,Website,Credit Card,Southeast,2,Home & Kitchen,228.5,0,0.0,26.66,86.96,0.0,6.93,No,0.0,228.5,120.55,107.95,120.54999999999998,True,2025,2025-03-01,March,0.4724288840262582
ORD-000525,C-0222,2025-11-24,Website,Credit Card,Southeast,3,Clothing,161.14,25,40.28,29.86,80.39,0.0,3.8,No,0.0,120.86,114.05,6.81,114.05,True,2025,2025-11-01,November,0.05634618566936952
ORD-000526,C-0629,2025-02-05,Social Commerce,Credit Card,Midwest,2,Sports,117.26,0,0.0,29.3,53.76,9.38,3.7,No,0.0,117.26,96.14,21.12,96.14,True,2025,2025-02-01,February,0.1801125703564728
ORD-000527,C-0536,2025-08-06,Marketplace,PayPal,Northeast,3,Clothing,236.82,0,0.0,44.38,81.33,35.52,7.17,No,0.0,236.82,168.4,68.42,168.4,True,2025,2025-08-01,August,0.288911409509332
ORD-000528,C-0195,2024-09-20,Social Commerce,Credit Card,Northeast,2,Sports,166.63,10,16.66,34.1,112.34,12.0,4.65,No,0.0,149.97,163.09,-13.12,163.09,True,2024,2024-09-01,September,-0.08748416349936654
ORD-000529,C-0647,2025-01-06,Mobile App,PayPal,Midwest,1,Books,23.61,0,0.0,8.22,7.31,0.0,0.98,No,0.0,23.61,16.51,7.1,16.51,True,2025,2025-01-01,January,0.30072003388394747
ORD-000530,C-0460,2025-10-30,Website,PayPal,Midwest,3,Electronics,129.22,5,6.46,25.78,45.85,0.0,3.86,No,0.0,122.76,75.49,47.27,75.49,True,2025,2025-10-01,October,0.38506028022157057
ORD-000531,C-0594,2024-12-03,Social Commerce,Credit Card,Southeast,1,Clothing,173.5,0,0.0,25.88,53.72,13.88,5.33,No,0.0,173.5,98.81,74.69,98.80999999999999,True,2024,2024-12-01,December,0.4304899135446686
ORD-000532,C-0068,2025-07-07,Website,Buy Now Pay Later,Southeast,3,Electronics,52.31,15,7.85,21.22,25.14,0.0,1.59,No,0.0,44.46,47.95,-3.49,47.95,True,2025,2025-07-01,July,-0.07849752586594692
ORD-000533,C-0645,2025-07-06,Marketplace,Credit Card,Midwest,4,Home & Kitchen,348.82,10,34.88,50.36,122.17,47.09,9.4,No,0.0,313.94,229.02,84.92,229.02,True,2025,2025-07-01,July,0.27049754730203224
ORD-000534,C-0387,2025-09-02,Mobile App,Buy Now Pay Later,Southeast,1,Beauty,122.88,0,0.0,24.12,39.6,0.0,3.86,No,0.0,122.88,67.58,55.3,67.58,True,2025,2025-09-01,September,0.4500325520833333
ORD-000535,C-0401,2025-08-26,Mobile App,Credit Card,Northeast,3,Home & Kitchen,77.3,5,3.87,35.06,27.54,0.0,2.43,No,0.0,73.43,65.03,8.4,65.03,True,2025,2025-08-01,August,0.11439466158245948
ORD-000536,C-0164,2025-01-15,Website,Credit Card,Southwest,1,Beauty,63.78,0,0.0,3.9,23.51,0.0,2.15,No,0.0,63.78,29.56,34.22,29.56,True,2025,2025-01-01,January,0.5365318281592976
ORD-000537,C-0479,2025-04-27,Website,Credit Card,West Coast,2,Home & Kitchen,61.9,0,0.0,30.44,40.67,0.0,2.1,No,0.0,61.9,73.21,-11.31,73.21,True,2025,2025-04-01,April,-0.1827140549273021
ORD-000538,C-0211,2025-06-28,Marketplace,Credit Card,West Coast,2,Toys,106.7,10,10.67,30.1,54.99,14.4,3.08,No,0.0,96.03,102.57,-6.54,102.57000000000001,True,2025,2025-06-01,June,-0.06810371758825368
ORD-000539,C-0705,2025-11-13,Website,Buy Now Pay Later,Northeast,2,Home & Kitchen,66.07,0,0.0,12.84,35.64,0.0,2.22,No,0.0,66.07,50.7,15.37,50.7,True,2025,2025-11-01,November,0.23263205690933858
ORD-000540,C-0564,2025-08-10,Marketplace,PayPal,Midwest,1,Clothing,191.78,10,19.18,18.68,54.8,25.89,5.31,No,0.0,172.6,104.68,67.92,104.67999999999999,True,2025,2025-08-01,August,0.3935110081112399
ORD-000541,C-0122,2024-12-22,Mobile App,Credit Card,Southeast,1,Books,23.18,10,2.32,9.26,9.55,0.0,0.9,No,0.0,20.86,19.71,1.15,19.71,True,2024,2024-12-01,December,0.055129434324065196
ORD-000542,C-0205,2024-12-27,Website,PayPal,Midwest,1,Food & Beverage,66.05,0,0.0,14.86,23.44,0.0,2.22,No,0.0,66.05,40.52,25.53,40.519999999999996,True,2024,2024-12-01,December,0.38652535957607875
ORD-000543,C-0669,2024-09-23,Website,PayPal,West Coast,1,Electronics,192.38,10,19.24,10.06,72.59,0.0,5.32,No,0.0,173.14,87.97,85.17,87.97,True,2024,2024-09-01,September,0.4919140579877556
ORD-000544,C-0511,2025-04-01,Marketplace,Buy Now Pay Later,Southwest,1,Electronics,73.73,5,3.69,9.34,48.17,10.51,2.33,No,0.0,70.04,70.35,-0.31,70.35000000000001,True,2025,2025-04-01,April,-0.00442604226156482
ORD-000545,C-0131,2025-01-07,Mobile App,Buy Now Pay Later,Southeast,1,Clothing,6.07,0,0.0,12.94,4.14,0.0,0.48,No,0.0,6.07,17.56,-11.49,17.56,True,2025,2025-01-01,January,-1.8929159802306426
ORD-000546,C-0549,2025-04-08,Website,Credit Card,Midwest,4,Toys,348.67,0,0.0,103.9,178.12,0.0,10.41,No,0.0,348.67,292.43,56.24,292.43,True,2025,2025-04-01,April,0.16129864915249376
ORD-000547,C-0105,2025-05-09,Mobile App,Credit Card,West Coast,1,Clothing,21.55,0,0.0,15.1,12.4,0.0,0.92,No,0.0,21.55,28.42,-6.87,28.42,True,2025,2025-05-01,May,-0.3187935034802784
ORD-000548,C-0101,2024-11-09,Website,Debit Card,West Coast,3,Clothing,233.4,10,23.34,50.24,100.83,0.0,6.39,No,0.0,210.06,157.46,52.6,157.45999999999998,True,2024,2024-11-01,November,0.25040464629153575
ORD-000549,C-0222,2025-03-16,Website,Credit Card,Midwest,4,Clothing,218.35,0,0.0,61.8,104.75,0.0,6.63,No,0.0,218.35,173.18,45.17,173.18,True,2025,2025-03-01,March,0.2068697046027021
ORD-000550,C-0342,2024-09-24,Website,PayPal,Southeast,1,Clothing,59.15,20,11.83,9.98,19.36,0.0,1.67,No,0.0,47.32,31.01,16.31,31.009999999999998,True,2024,2024-09-01,September,0.34467455621301774
ORD-000551,C-0108,2024-05-25,Website,Gift Card,Southwest,3,Home & Kitchen,308.26,15,46.24,57.5,132.96,0.0,7.9,No,0.0,262.02,198.36,63.66,198.36,True,2024,2024-05-01,May,0.24295855278223036
ORD-000552,C-0693,2026-01-04,Mobile App,Credit Card,Southwest,1,Toys,69.12,10,6.91,9.1,20.88,0.0,2.1,No,0.0,62.21,32.08,30.13,32.08,True,2026,2026-01-01,January,0.48432727857257674
ORD-000553,C-0251,2024-08-16,Mobile App,PayPal,West Coast,1,Clothing,62.7,15,9.4,7.5,20.79,0.0,1.85,No,0.0,53.3,30.14,23.16,30.14,True,2024,2024-08-01,August,0.43452157598499064
ORD-000554,C-0339,2024-09-04,Website,Credit Card,Southeast,1,Clothing,95.89,0,0.0,9.34,27.4,0.0,3.08,No,0.0,95.89,39.82,56.07,39.81999999999999,True,2024,2024-09-01,September,0.5847325059964543
ORD-000555,C-0312,2025-06-27,Social Commerce,Buy Now Pay Later,Midwest,1,Electronics,78.79,20,15.76,13.5,31.36,5.04,2.13,No,0.0,63.03,52.03,11.0,52.03,True,2025,2025-06-01,June,0.17452006980802792
ORD-000556,C-0796,2024-11-20,Website,Debit Card,Southwest,2,Food & Beverage,94.65,0,0.0,46.4,38.03,0.0,3.04,No,0.0,94.65,87.47,7.18,87.47000000000001,True,2024,2024-11-01,November,0.07585842577918647
ORD-000557,C-0186,2025-10-17,Mobile App,Credit Card,Midwest,3,Clothing,289.32,5,14.47,21.54,97.8,0.0,8.27,No,0.0,274.85,127.61,147.24,127.61,True,2025,2025-10-01,October,0.5357103874840822
ORD-000558,C-0453,2025-08-04,Social Commerce,Credit Card,Southeast,2,Home & Kitchen,134.68,5,6.73,39.46,50.89,10.24,4.01,Yes,127.95,0.0,104.6,-104.6,104.6,True,2025,2025-08-01,August,
ORD-000559,C-0730,2024-09-16,Website,Debit Card,Northeast,2,Electronics,234.42,10,23.44,15.72,70.05,0.0,6.42,No,0.0,210.98,92.19,118.79,92.19,True,2024,2024-09-01,September,0.5630391506303916
ORD-000560,C-0529,2024-10-26,Social Commerce,PayPal,Southeast,2,Home & Kitchen,68.3,0,0.0,26.12,27.85,5.46,2.28,No,0.0,68.3,61.71,6.59,61.71,True,2024,2024-10-01,October,0.09648609077598828
ORD-000561,C-0489,2025-09-25,Mobile App,Credit Card,Northeast,1,Sports,47.4,0,0.0,11.98,32.39,0.0,1.67,No,0.0,47.4,46.04,1.36,46.040000000000006,True,2025,2025-09-01,September,0.02869198312236287
ORD-000562,C-0414,2024-06-08,Mobile App,Credit Card,Southwest,1,Food & Beverage,127.92,5,6.4,22.84,74.56,0.0,3.82,No,0.0,121.52,101.22,20.3,101.22,True,2024,2024-06-01,June,0.16705069124423963
ORD-000563,C-0237,2024-05-04,Marketplace,Credit Card,Southeast,1,Sports,29.69,5,1.48,6.06,18.66,4.23,1.12,No,0.0,28.21,30.07,-1.86,30.07,True,2024,2024-05-01,May,-0.06593406593406594
ORD-000564,C-0106,2025-03-01,Website,Buy Now Pay Later,Northeast,3,Sports,195.48,15,29.32,42.38,81.52,0.0,5.12,No,0.0,166.16,129.02,37.14,129.02,True,2025,2025-03-01,March,0.22351949927780454
ORD-000565,C-0364,2025-07-03,Website,Credit Card,Northeast,1,Electronics,20.67,25,5.17,4.3,5.96,0.0,0.75,No,0.0,15.5,11.01,4.49,11.01,True,2025,2025-07-01,July,0.2896774193548387
ORD-000566,C-0407,2025-09-03,Marketplace,PayPal,West Coast,2,Books,54.19,15,8.13,23.88,28.23,6.91,1.64,No,0.0,46.06,60.66,-14.6,60.66,True,2025,2025-09-01,September,-0.31697785497177594
ORD-000567,C-0305,2025-05-07,Mobile App,Credit Card,Southeast,1,Clothing,56.0,0,0.0,12.86,19.82,0.0,1.92,No,0.0,56.0,34.6,21.4,34.6,True,2025,2025-05-01,May,0.3821428571428571
ORD-000568,C-0475,2025-03-13,Website,Credit Card,Southwest,5,Toys,623.2,0,0.0,108.54,256.3,0.0,18.37,No,0.0,623.2,383.21,239.99,383.21000000000004,True,2025,2025-03-01,March,0.3850930680359435
ORD-000569,C-0351,2024-08-28,Social Commerce,PayPal,Southwest,2,Clothing,122.76,15,18.41,22.6,38.5,8.35,3.33,No,0.0,104.35,72.78,31.57,72.78,True,2024,2024-08-01,August,0.3025395304264495
ORD-000570,C-0150,2025-04-01,Mobile App,PayPal,Northeast,2,Beauty,67.27,15,10.09,13.56,27.77,0.0,1.96,No,0.0,57.18,43.29,13.89,43.29,True,2025,2025-04-01,April,0.2429171038824764
ORD-000571,C-0033,2025-03-29,Website,PayPal,Midwest,1,Clothing,93.89,20,18.78,6.14,32.81,0.0,2.48,No,0.0,75.11,41.43,33.68,41.43,True,2025,2025-03-01,March,0.44840900013313806
ORD-000572,C-0759,2024-03-21,Marketplace,Credit Card,Southeast,3,Books,371.3,0,0.0,29.36,114.95,55.7,11.07,No,0.0,371.3,211.08,160.22,211.07999999999998,True,2024,2024-03-01,March,0.4315109076218691
ORD-000573,C-0028,2024-12-26,Website,PayPal,Southwest,1,Sports,45.69,5,2.28,11.58,28.21,0.0,1.56,No,0.0,43.41,41.35,2.06,41.35,True,2024,2024-12-01,December,0.047454503570605856
ORD-000574,C-0745,2025-07-06,Website,Credit Card,Southwest,2,Beauty,49.54,10,4.95,16.12,17.11,0.0,1.59,No,0.0,44.59,34.82,9.77,34.82000000000001,True,2025,2025-07-01,July,0.21910742318905582
ORD-000575,C-0760,2026-01-11,Website,Credit Card,Southwest,2,Beauty,198.71,0,0.0,44.24,78.01,0.0,6.06,No,0.0,198.71,128.31,70.4,128.31,True,2026,2026-01-01,January,0.35428513914750137
ORD-000576,C-0270,2025-09-05,Website,Debit Card,Midwest,1,Electronics,182.6,0,0.0,8.78,60.94,0.0,5.6,No,0.0,182.6,75.32,107.28,75.32,True,2025,2025-09-01,September,0.587513691128149
ORD-000577,C-0598,2025-05-08,Mobile App,PayPal,Southeast,1,Books,95.61,0,0.0,28.74,30.9,0.0,3.07,No,0.0,95.61,62.71,32.9,62.71,True,2025,2025-05-01,May,0.34410626503503816
ORD-000578,C-0227,2024-05-30,Social Commerce,PayPal,Midwest,3,Toys,154.85,0,0.0,31.14,74.01,12.39,4.79,No,0.0,154.85,122.33,32.52,122.33000000000001,True,2024,2024-05-01,May,0.21000968679367132
ORD-000579,C-0399,2024-07-20,Mobile App,Buy Now Pay Later,Southwest,1,Sports,83.13,0,0.0,38.82,34.32,0.0,2.71,No,0.0,83.13,75.85,7.28,75.85,True,2024,2024-07-01,July,0.08757367977865994
ORD-000580,C-0238,2024-11-06,Social Commerce,PayPal,Southwest,3,Toys,123.31,0,0.0,27.7,47.08,9.86,3.88,No,0.0,123.31,88.52,34.79,88.52,True,2024,2024-11-01,November,0.2821344578704079
ORD-000581,C-0732,2024-11-30,Website,Gift Card,Northeast,2,Clothing,223.74,15,33.56,28.9,80.79,0.0,5.82,No,0.0,190.18,115.51,74.67,115.50999999999999,True,2024,2024-11-01,November,0.3926280365969082
ORD-000582,C-0007,2024-05-23,Website,Debit Card,Northeast,2,Electronics,148.05,15,22.21,32.1,59.89,0.0,3.95,No,0.0,125.84,95.94,29.9,95.94000000000001,True,2024,2024-05-01,May,0.23760330578512395
ORD-000583,C-0423,2025-05-26,Website,PayPal,Southwest,3,Home & Kitchen,142.11,0,0.0,30.74,77.01,0.0,4.42,No,0.0,142.11,112.17,29.94,112.17,True,2025,2025-05-01,May,0.21068186616001688
ORD-000584,C-0219,2025-11-30,Mobile App,Debit Card,Midwest,2,Food & Beverage,143.81,0,0.0,11.0,44.26,0.0,4.47,No,0.0,143.81,59.73,84.08,59.73,True,2025,2025-11-01,November,0.5846603156943189
ORD-000585,C-0769,2024-08-25,Marketplace,PayPal,Southwest,1,Food & Beverage,19.41,0,0.0,12.7,8.47,2.91,0.86,No,0.0,19.41,24.94,-5.53,24.94,True,2024,2024-08-01,August,-0.28490468830499743
ORD-000586,C-0170,2025-04-10,Social Commerce,Credit Card,Southeast,1,Electronics,153.84,10,15.38,37.14,64.32,11.08,4.32,No,0.0,138.46,116.86,21.6,116.85999999999999,True,2025,2025-04-01,April,0.15600173335259282
ORD-000587,C-0138,2025-04-27,Social Commerce,Debit Card,Southwest,1,Food & Beverage,9.48,10,0.95,13.1,3.49,0.68,0.55,No,0.0,8.53,17.82,-9.29,17.82,True,2025,2025-04-01,April,-1.0890973036342322
ORD-000588,C-0256,2024-11-09,Website,PayPal,Southwest,1,Home & Kitchen,124.36,0,0.0,12.12,53.92,0.0,3.91,No,0.0,124.36,69.95,54.41,69.95,True,2024,2024-11-01,November,0.4375201029269861
ORD-000589,C-0329,2024-07-21,Mobile App,Credit Card,Southwest,1,Sports,17.4,15,2.61,12.3,7.23,0.0,0.73,No,0.0,14.79,20.26,-5.47,20.26,True,2024,2024-07-01,July,-0.3698444895199459
ORD-000590,C-0418,2025-05-11,Marketplace,Credit Card,Southwest,2,Electronics,304.75,25,76.19,44.72,124.1,34.28,6.93,No,0.0,228.56,210.03,18.53,210.03,True,2025,2025-05-01,May,0.08107280364018202
ORD-000591,C-0725,2025-08-16,Social Commerce,PayPal,West Coast,3,Beauty,281.44,0,0.0,41.1,144.07,22.52,8.46,No,0.0,281.44,216.15,65.29,216.15,True,2025,2025-08-01,August,0.2319855031267766
ORD-000592,C-0079,2025-09-01,Marketplace,Credit Card,Midwest,1,Clothing,24.88,0,0.0,7.02,13.77,3.73,1.02,No,0.0,24.88,25.54,-0.66,25.54,True,2025,2025-09-01,September,-0.026527331189710613
ORD-000593,C-0209,2025-06-16,Social Commerce,Buy Now Pay Later,West Coast,2,Food & Beverage,247.69,15,37.15,42.96,88.7,16.84,6.41,No,0.0,210.54,154.91,55.63,154.91,True,2025,2025-06-01,June,0.264225325353852
ORD-000594,C-0769,2025-01-19,Marketplace,Credit Card,Southwest,1,Books,30.61,10,3.06,9.9,9.18,4.13,1.1,No,0.0,27.55,24.31,3.24,24.31,True,2025,2025-01-01,January,0.11760435571687841
ORD-000595,C-0173,2025-05-20,Website,Debit Card,West Coast,1,Food & Beverage,334.92,10,33.49,42.66,113.52,0.0,9.04,Yes,301.43,0.0,165.22,-165.22,165.22,True,2025,2025-05-01,May,
ORD-000596,C-0408,2025-09-28,Website,Credit Card,Southeast,1,Books,10.41,5,0.52,9.58,4.56,0.0,0.59,No,0.0,9.89,14.73,-4.84,14.73,True,2025,2025-09-01,September,-0.4893832153690596
ORD-000597,C-0396,2025-01-02,Marketplace,Gift Card,Southwest,2,Food & Beverage,182.51,0,0.0,16.92,65.19,27.38,5.59,No,0.0,182.51,115.08,67.43,115.08,True,2025,2025-01-01,January,0.36945920771464585
ORD-000598,C-0391,2025-04-20,Mobile App,Buy Now Pay Later,Northeast,3,Home & Kitchen,91.6,25,22.9,21.7,38.37,0.0,2.29,No,0.0,68.7,62.36,6.34,62.35999999999999,True,2025,2025-04-01,April,0.09228529839883551
ORD-000599,C-0186,2024-07-08,Website,Credit Card,Southwest,1,Beauty,11.11,10,1.11,10.94,7.31,0.0,0.59,No,0.0,10.0,18.84,-8.84,18.84,True,2024,2024-07-01,July,-0.884
ORD-000600,C-0208,2024-06-12,Website,Credit Card,Southwest,1,Food & Beverage,9.48,5,0.47,13.1,3.49,0.0,0.56,No,0.0,9.01,17.15,-8.14,17.15,True,2024,2024-06-01,June,-0.9034406215316316
ORD-000601,C-0110,2024-08-16,Marketplace,Buy Now Pay Later,West Coast,1,Beauty,23.64,0,0.0,23.8,11.62,3.55,0.99,No,0.0,23.64,39.96,-16.32,39.96,True,2024,2024-08-01,August,-0.6903553299492385
ORD-000602,C-0190,2025-05-27,Social Commerce,Buy Now Pay Later,Northeast,1,Food & Beverage,27.16,20,5.43,11.34,13.64,1.74,0.93,No,0.0,21.73,27.65,-5.92,27.65,True,2025,2025-05-01,May,-0.2724344224574321
ORD-000603,C-0441,2025-08-15,Mobile App,Debit Card,Southwest,1,Clothing,50.13,0,0.0,4.22,31.64,0.0,1.75,No,0.0,50.13,37.61,12.52,37.61,True,2025,2025-08-01,August,0.2497506483143826
ORD-000604,C-0582,2025-04-03,Mobile App,Credit Card,Southeast,1,Food & Beverage,50.95,0,0.0,14.38,18.74,0.0,1.78,No,0.0,50.95,34.9,16.05,34.9,True,2025,2025-04-01,April,0.3150147203140334
ORD-000605,C-0377,2025-09-08,Website,Debit Card,West Coast,3,Toys,306.14,0,0.0,34.76,143.36,0.0,9.18,No,0.0,306.14,187.3,118.84,187.3,True,2025,2025-09-01,September,0.38818841053112957
ORD-000606,C-0728,2024-12-27,Marketplace,Credit Card,Northeast,3,Books,87.45,10,8.74,24.1,42.32,11.81,2.58,No,0.0,78.71,80.81,-2.1,80.81,True,2024,2024-12-01,December,-0.02668021852369458
ORD-000607,C-0220,2025-10-23,Website,Buy Now Pay Later,Northeast,1,Beauty,39.11,10,3.91,9.82,15.9,0.0,1.32,No,0.0,35.2,27.04,8.16,27.04,True,2025,2025-10-01,October,0.2318181818181818
ORD-000608,C-0372,2025-05-31,Website,Credit Card,Northeast,3,Food & Beverage,123.95,0,0.0,36.02,51.93,0.0,3.89,No,0.0,123.95,91.84,32.11,91.84,True,2025,2025-05-01,May,0.2590560709963695
ORD-000609,C-0707,2025-01-04,Social Commerce,Credit Card,Midwest,2,Books,80.31,5,4.02,24.92,42.67,6.1,2.51,No,0.0,76.29,76.2,0.09,76.2,True,2025,2025-01-01,January,0.0011797090051120721
ORD-000610,C-0021,2025-05-25,Website,Buy Now Pay Later,Midwest,2,Beauty,140.92,20,28.18,27.14,52.59,0.0,3.57,No,0.0,112.74,83.3,29.44,83.3,True,2025,2025-05-01,May,0.26113180769913075
ORD-000611,C-0034,2024-09-14,Website,Credit Card,West Coast,2,Toys,121.02,25,30.26,22.1,61.75,0.0,2.93,No,0.0,90.76,86.78,3.98,86.78,True,2024,2024-09-01,September,0.04385191714411635
ORD-000612,C-0523,2025-05-26,Website,PayPal,West Coast,1,Electronics,20.67,25,5.17,4.3,5.96,0.0,0.75,No,0.0,15.5,11.01,4.49,11.01,True,2025,2025-05-01,May,0.2896774193548387
ORD-000613,C-0033,2025-06-08,Marketplace,Debit Card,Southwest,2,Food & Beverage,135.75,5,6.79,14.76,43.47,19.34,4.04,No,0.0,128.96,81.61,47.35,81.61,True,2025,2025-06-01,June,0.3671681141439206
ORD-000614,C-0565,2024-11-07,Social Commerce,Buy Now Pay Later,Northeast,2,Clothing,145.9,5,7.29,26.42,62.04,11.09,4.32,No,0.0,138.61,103.87,34.74,103.87,True,2024,2024-11-01,November,0.2506312675853113
ORD-000615,C-0318,2025-04-04,Mobile App,Credit Card,Midwest,2,Clothing,184.88,5,9.24,30.1,76.88,0.0,5.39,No,0.0,175.64,112.37,63.27,112.36999999999999,True,2025,2025-04-01,April,0.36022546117057624
ORD-000616,C-0116,2024-11-08,Website,PayPal,Northeast,2,Electronics,297.56,25,74.39,19.32,93.78,0.0,6.77,No,0.0,223.17,119.87,103.3,119.86999999999999,True,2024,2024-11-01,November,0.46287583456557785
ORD-000617,C-0367,2025-06-25,Marketplace,Credit Card,Southeast,2,Clothing,84.53,10,8.45,18.44,44.64,11.41,2.51,No,0.0,76.08,77.0,-0.92,77.0,True,2025,2025-06-01,June,-0.012092534174553103
ORD-000618,C-0570,2025-05-01,Mobile App,Credit Card,Southwest,1,Beauty,11.11,0,0.0,10.94,7.31,0.0,0.62,No,0.0,11.11,18.87,-7.76,18.87,True,2025,2025-05-01,May,-0.6984698469846985
ORD-000619,C-0072,2025-02-01,Mobile App,Credit Card,Northeast,2,Beauty,127.35,10,12.73,22.52,43.3,0.0,3.62,Yes,114.62,-0.0,69.44,-69.44,69.44,True,2025,2025-02-01,February,
ORD-000620,C-0289,2025-03-15,Website,Credit Card,Northeast,1,Sports,6.95,0,0.0,7.98,4.85,0.0,0.5,No,0.0,6.95,13.33,-6.38,13.33,True,2025,2025-03-01,March,-0.9179856115107913
ORD-000621,C-0165,2025-03-06,Website,Credit Card,Northeast,1,Food & Beverage,59.14,10,5.91,24.28,41.32,0.0,1.84,No,0.0,53.23,67.44,-14.21,67.44,True,2025,2025-03-01,March,-0.26695472477925986
ORD-000622,C-0514,2025-03-27,Marketplace,Credit Card,Midwest,2,Food & Beverage,62.14,10,6.21,18.68,18.5,8.39,1.92,No,0.0,55.93,47.49,8.44,47.49,True,2025,2025-03-01,March,0.15090291435723224
ORD-000623,C-0214,2025-03-19,Website,Credit Card,West Coast,1,Food & Beverage,110.36,0,0.0,5.1,37.85,0.0,3.5,No,0.0,110.36,46.45,63.91,46.45,True,2025,2025-03-01,March,0.5791047480971366
ORD-000624,C-0726,2024-07-26,Mobile App,PayPal,Northeast,4,Books,268.53,0,0.0,51.18,89.18,0.0,8.09,No,0.0,268.53,148.45,120.08,148.45000000000002,True,2024,2024-07-01,July,0.4471753621569285
ORD-000625,C-0356,2025-06-04,Website,PayPal,Midwest,3,Books,180.42,10,18.04,47.68,84.5,0.0,5.01,No,0.0,162.38,137.19,25.19,137.19,True,2025,2025-06-01,June,0.15512994211109743
ORD-000626,C-0404,2024-10-25,Website,Credit Card,Midwest,3,Clothing,27.05,0,0.0,35.92,17.61,0.0,1.08,No,0.0,27.05,54.61,-27.56,54.61,True,2024,2024-10-01,October,-1.0188539741219962
ORD-000627,C-0022,2025-06-15,Mobile App,PayPal,Northeast,4,Food & Beverage,144.45,20,28.89,72.12,69.16,0.0,3.65,No,0.0,115.56,144.93,-29.37,144.93,True,2025,2025-06-01,June,-0.25415368639667707
ORD-000628,C-0054,2025-04-19,Website,Gift Card,West Coast,2,Home & Kitchen,151.35,0,0.0,19.24,63.85,0.0,4.69,No,0.0,151.35,87.78,63.57,87.78,True,2025,2025-04-01,April,0.42001982160555007
ORD-000629,C-0588,2025-02-23,Website,Credit Card,Southeast,1,Clothing,60.28,0,0.0,14.3,30.21,0.0,2.05,No,0.0,60.28,46.56,13.72,46.56,True,2025,2025-02-01,February,0.22760451227604514
ORD-000630,C-0539,2025-01-02,Mobile App,Debit Card,Northeast,1,Sports,38.81,25,9.7,11.42,16.55,0.0,1.14,No,0.0,29.11,29.11,0.0,29.11,True,2025,2025-01-01,January,0.0
ORD-000631,C-0403,2025-03-23,Website,Credit Card,West Coast,1,Food & Beverage,52.69,0,0.0,5.82,23.14,0.0,1.83,No,0.0,52.69,30.79,21.9,30.79,True,2025,2025-03-01,March,0.4156386411083697
ORD-000632,C-0510,2025-05-22,Website,Debit Card,West Coast,1,Beauty,155.06,10,15.51,9.56,49.66,0.0,4.35,No,0.0,139.55,63.57,75.98,63.57,True,2025,2025-05-01,May,0.5444643496954497
ORD-000633,C-0099,2024-06-30,Mobile App,Credit Card,Midwest,1,Sports,27.92,0,0.0,10.36,14.12,0.0,1.11,No,0.0,27.92,25.59,2.33,25.589999999999996,True,2024,2024-06-01,June,0.08345272206303725
ORD-000634,C-0651,2025-07-16,Social Commerce,Buy Now Pay Later,Southwest,2,Toys,115.52,0,0.0,20.4,36.76,9.24,3.65,No,0.0,115.52,70.05,45.47,70.05,True,2025,2025-07-01,July,0.39361149584487537
ORD-000635,C-0009,2025-01-06,Social Commerce,Credit Card,West Coast,1,Electronics,102.0,10,10.2,40.98,65.76,7.34,2.96,No,0.0,91.8,117.04,-25.24,117.04,True,2025,2025-01-01,January,-0.27494553376906317
ORD-000636,C-0326,2025-07-16,Mobile App,Debit Card,Southwest,3,Food & Beverage,144.63,0,0.0,29.86,58.27,0.0,4.49,No,0.0,144.63,92.62,52.01,92.61999999999999,True,2025,2025-07-01,July,0.3596072737329738
ORD-000637,C-0519,2024-10-11,Marketplace,Credit Card,Southwest,1,Books,32.38,25,8.1,29.4,11.78,3.64,1.0,No,0.0,24.28,45.82,-21.54,45.82,True,2024,2024-10-01,October,-0.887149917627677
ORD-000638,C-0212,2025-07-27,Website,Gift Card,Southwest,3,Toys,122.27,0,0.0,29.14,74.72,0.0,3.85,No,0.0,122.27,107.71,14.56,107.71,True,2025,2025-07-01,July,0.11908072299010387
ORD-000639,C-0116,2025-04-29,Website,Buy Now Pay Later,Northeast,3,Food & Beverage,589.08,15,88.36,50.2,192.97,0.0,14.82,No,0.0,500.72,257.99,242.73,257.99,True,2025,2025-04-01,April,0.48476194280236456
ORD-000640,C-0374,2025-08-18,Website,Credit Card,West Coast,1,Home & Kitchen,15.69,10,1.57,9.34,4.67,0.0,0.71,No,0.0,14.12,14.72,-0.6,14.719999999999999,True,2025,2025-08-01,August,-0.042492917847025496
ORD-000641,C-0314,2025-07-01,Mobile App,Credit Card,Northeast,2,Beauty,51.67,0,0.0,52.56,20.19,0.0,1.8,No,0.0,51.67,74.55,-22.88,74.55,True,2025,2025-07-01,July,-0.4428101412812076
ORD-000642,C-0095,2025-08-23,Marketplace,Buy Now Pay Later,Southwest,2,Sports,62.83,0,0.0,10.52,25.66,9.42,2.12,No,0.0,62.83,47.72,15.11,47.72,True,2025,2025-08-01,August,0.24049021168231735
ORD-000643,C-0783,2024-12-13,Mobile App,PayPal,West Coast,2,Food & Beverage,207.65,10,20.77,47.68,100.21,0.0,5.72,No,0.0,186.88,153.61,33.27,153.60999999999999,True,2024,2024-12-01,December,0.17802868150684933
ORD-000644,C-0083,2024-11-30,Website,Credit Card,Northeast,1,Electronics,24.38,0,0.0,13.9,16.19,0.0,1.01,No,0.0,24.38,31.1,-6.72,31.100000000000005,True,2024,2024-11-01,November,-0.2756357670221493
ORD-000645,C-0266,2025-04-10,Website,PayPal,West Coast,2,Toys,36.45,0,0.0,19.72,21.47,0.0,1.36,No,0.0,36.45,42.55,-6.1,42.55,True,2025,2025-04-01,April,-0.16735253772290806
ORD-000646,C-0156,2025-02-28,Social Commerce,PayPal,Southwest,1,Electronics,182.6,0,0.0,8.78,60.94,14.61,5.6,No,0.0,182.6,89.93,92.67,89.92999999999999,True,2025,2025-02-01,February,0.5075027382256299
ORD-000647,C-0488,2025-05-19,Mobile App,PayPal,Southeast,3,Toys,192.61,5,9.63,29.78,68.13,0.0,5.61,No,0.0,182.98,103.52,79.46,103.52,True,2025,2025-05-01,May,0.4342551098480708
ORD-000648,C-0520,2025-08-05,Website,Credit Card,Southeast,2,Beauty,80.7,15,12.11,17.32,27.13,0.0,2.29,No,0.0,68.59,46.74,21.85,46.74,True,2025,2025-08-01,August,0.3185595567867036
ORD-000649,C-0349,2024-12-19,Mobile App,Credit Card,Southwest,3,Toys,359.98,0,0.0,59.28,107.14,0.0,10.74,No,0.0,359.98,177.16,182.82,177.16000000000003,True,2024,2024-12-01,December,0.5078615478637701
ORD-000650,C-0411,2025-09-20,Website,Credit Card,Southwest,2,Home & Kitchen,71.76,0,0.0,20.28,33.32,0.0,2.38,No,0.0,71.76,55.98,15.78,55.980000000000004,True,2025,2025-09-01,September,0.21989966555183943
ORD-000651,C-0328,2025-09-14,Mobile App,Buy Now Pay Later,Southeast,2,Sports,166.46,15,24.97,31.12,65.08,0.0,4.4,No,0.0,141.49,100.6,40.89,100.60000000000001,True,2025,2025-09-01,September,0.2889956887412538
ORD-000652,C-0678,2025-08-11,Marketplace,PayPal,Southwest,1,Toys,63.63,0,0.0,8.38,31.76,9.54,2.15,No,0.0,63.63,51.83,11.8,51.83,True,2025,2025-08-01,August,0.18544711614018544
ORD-000653,C-0296,2025-09-15,Social Commerce,Debit Card,Southwest,1,Sports,188.82,0,0.0,19.86,79.44,15.11,5.78,No,0.0,188.82,120.19,68.63,120.19,True,2025,2025-09-01,September,0.36346785298167567
ORD-000654,C-0793,2025-04-10,Mobile App,Buy Now Pay Later,Southwest,1,Toys,124.51,0,0.0,5.98,38.53,0.0,3.91,No,0.0,124.51,48.42,76.09,48.42,True,2025,2025-04-01,April,0.6111155730463417
ORD-000655,C-0748,2024-10-03,Website,PayPal,Northeast,2,Home & Kitchen,125.96,0,0.0,12.28,52.22,0.0,3.95,No,0.0,125.96,68.45,57.51,68.45,True,2024,2024-10-01,October,0.4565735154017148
ORD-000656,C-0428,2024-10-07,Website,Credit Card,Northeast,3,Food & Beverage,207.09,0,0.0,43.44,111.11,0.0,6.31,No,0.0,207.09,160.86,46.23,160.86,True,2024,2024-10-01,October,0.2232362740837317
ORD-000657,C-0167,2025-07-13,Social Commerce,Buy Now Pay Later,Southwest,2,Clothing,128.5,5,6.42,23.64,56.31,9.77,3.84,No,0.0,122.08,93.56,28.52,93.56,True,2025,2025-07-01,July,0.2336173001310616
ORD-000658,C-0735,2025-02-11,Mobile App,Credit Card,Southeast,5,Food & Beverage,243.42,5,12.17,43.9,106.4,0.0,7.01,No,0.0,231.25,157.31,73.94,157.31,True,2025,2025-02-01,February,0.3197405405405405
ORD-000659,C-0328,2024-09-16,Marketplace,Debit Card,Midwest,2,Beauty,79.08,15,11.86,14.92,34.04,10.08,2.25,No,0.0,67.22,61.29,5.93,61.29,True,2024,2024-09-01,September,0.08821779232371318
ORD-000660,C-0178,2025-09-14,Website,Debit Card,Northeast,1,Toys,10.05,0,0.0,9.18,6.91,0.0,0.59,No,0.0,10.05,16.68,-6.63,16.68,True,2025,2025-09-01,September,-0.6597014925373134
ORD-000661,C-0233,2024-07-26,Website,Credit Card,Southwest,2,Electronics,252.63,15,37.89,53.98,121.81,0.0,6.53,No,0.0,214.74,182.32,32.42,182.32,True,2024,2024-07-01,July,0.15097327000093136
ORD-000662,C-0709,2024-06-20,Marketplace,Gift Card,Southeast,2,Electronics,223.18,0,0.0,25.78,105.58,33.48,6.77,No,0.0,223.18,171.61,51.57,171.61,True,2024,2024-06-01,June,0.23106909221256383
ORD-000663,C-0194,2025-03-06,Website,Debit Card,Midwest,1,Beauty,17.62,15,2.64,11.66,8.53,0.0,0.73,No,0.0,14.98,20.92,-5.94,20.919999999999998,True,2025,2025-03-01,March,-0.39652870493991993
ORD-000664,C-0236,2025-02-11,Website,Credit Card,Southwest,4,Toys,500.39,0,0.0,51.02,178.29,0.0,14.81,No,0.0,500.39,244.12,256.27,244.12,True,2025,2025-02-01,February,0.5121405303862987
ORD-000665,C-0779,2024-09-29,Mobile App,Credit Card,West Coast,4,Beauty,185.25,5,9.26,39.36,86.57,0.0,5.4,No,0.0,175.99,131.33,44.66,131.32999999999998,True,2024,2024-09-01,September,0.25376441843286546
ORD-000666,C-0602,2025-08-08,Website,Credit Card,Northeast,2,Sports,118.3,0,0.0,25.24,48.78,0.0,3.73,No,0.0,118.3,77.75,40.55,77.75,True,2025,2025-08-01,August,0.3427726120033812
ORD-000667,C-0187,2024-09-25,Social Commerce,Credit Card,Northeast,1,Toys,90.83,10,9.08,15.42,26.68,6.54,2.67,No,0.0,81.75,51.31,30.44,51.31,True,2024,2024-09-01,September,0.3723547400611621
ORD-000668,C-0203,2024-12-30,Marketplace,Credit Card,Northeast,1,Clothing,63.94,0,0.0,8.46,20.51,9.59,2.15,No,0.0,63.94,40.71,23.23,40.71,True,2024,2024-12-01,December,0.36330935251798563
ORD-000669,C-0100,2024-05-22,Website,PayPal,Southwest,3,Food & Beverage,209.23,5,10.46,27.52,102.73,0.0,6.06,No,0.0,198.77,136.31,62.46,136.31,True,2024,2024-05-01,May,0.3142325300598682
ORD-000670,C-0122,2025-06-13,Website,Credit Card,Southwest,2,Home & Kitchen,252.62,20,50.52,42.16,137.62,0.0,6.16,No,0.0,202.1,185.94,16.16,185.94,True,2025,2025-06-01,June,0.07996041563582386
ORD-000671,C-0252,2024-08-11,Mobile App,Credit Card,Northeast,5,Electronics,218.51,20,43.7,71.54,88.53,0.0,5.37,No,0.0,174.81,165.44,9.37,165.44,True,2024,2024-08-01,August,0.05360105257136319
ORD-000672,C-0782,2025-09-14,Mobile App,Credit Card,Southwest,3,Books,160.08,20,32.02,87.7,84.31,0.0,4.01,No,0.0,128.06,176.02,-47.96,176.01999999999998,True,2025,2025-09-01,September,-0.3745119475245978
ORD-000673,C-0152,2025-09-08,Mobile App,Gift Card,West Coast,1,Beauty,109.8,0,0.0,31.86,43.92,0.0,3.48,No,0.0,109.8,79.26,30.54,79.26,True,2025,2025-09-01,September,0.27814207650273226
ORD-000674,C-0258,2025-06-21,Marketplace,PayPal,West Coast,4,Toys,884.48,0,0.0,64.74,287.46,132.67,25.95,No,0.0,884.48,510.82,373.66,510.82,True,2025,2025-06-01,June,0.42246291606367586
ORD-000675,C-0610,2025-10-24,Website,PayPal,Midwest,1,Sports,312.42,0,0.0,43.62,99.12,0.0,9.36,No,0.0,312.42,152.1,160.32,152.10000000000002,True,2025,2025-10-01,October,0.5131553677741502
ORD-000676,C-0767,2024-11-27,Website,Buy Now Pay Later,Midwest,1,Clothing,86.75,20,17.35,12.94,26.86,0.0,2.31,No,0.0,69.4,42.11,27.29,42.11,True,2024,2024-11-01,November,0.39322766570605183
ORD-000677,C-0124,2024-09-27,Website,Buy Now Pay Later,Northeast,2,Toys,91.34,0,0.0,21.32,43.2,0.0,2.95,No,0.0,91.34,67.47,23.87,67.47000000000001,True,2024,2024-09-01,September,0.2613312896868842
ORD-000678,C-0691,2025-09-09,Website,PayPal,Midwest,1,Sports,165.18,0,0.0,17.46,63.24,0.0,5.09,No,0.0,165.18,85.79,79.39,85.79,True,2025,2025-09-01,September,0.4806271945756145
ORD-000679,C-0273,2025-08-21,Website,PayPal,West Coast,1,Toys,76.83,20,15.37,9.02,27.31,0.0,2.08,No,0.0,61.46,38.41,23.05,38.41,True,2025,2025-08-01,August,0.37504067686300036
ORD-000680,C-0261,2024-12-25,Mobile App,Credit Card,Southwest,3,Electronics,133.8,20,26.76,39.76,50.77,0.0,3.4,No,0.0,107.04,93.93,13.11,93.93,True,2024,2024-12-01,December,0.12247757847533632
ORD-000681,C-0360,2025-10-06,Mobile App,PayPal,Southwest,3,Clothing,188.85,0,0.0,28.0,60.02,0.0,5.78,Yes,188.85,0.0,93.8,-93.8,93.80000000000001,True,2025,2025-10-01,October,
ORD-000682,C-0668,2025-08-28,Website,Credit Card,West Coast,2,Books,78.55,0,0.0,19.88,26.03,0.0,2.58,No,0.0,78.55,48.49,30.06,48.489999999999995,True,2025,2025-08-01,August,0.3826861871419478
ORD-000683,C-0076,2024-10-28,Website,Credit Card,Northeast,1,Beauty,24.02,20,4.8,3.98,10.75,0.0,0.86,No,0.0,19.22,15.59,3.63,15.59,True,2024,2024-10-01,October,0.18886576482830386
ORD-000684,C-0257,2025-05-02,Social Commerce,Credit Card,Southeast,2,Sports,172.36,0,0.0,30.88,87.44,13.79,5.3,No,0.0,172.36,137.41,34.95,137.41,True,2025,2025-05-01,May,0.20277326525876074
ORD-000685,C-0207,2025-01-13,Website,PayPal,West Coast,2,Sports,130.99,10,13.1,35.38,44.15,0.0,3.72,No,0.0,117.89,83.25,34.64,83.25,True,2025,2025-01-01,January,0.2938332343710238
ORD-000686,C-0173,2025-07-23,Social Commerce,PayPal,Southeast,1,Sports,88.77,0,0.0,14.1,37.26,7.1,2.87,No,0.0,88.77,61.33,27.44,61.33,True,2025,2025-07-01,July,0.3091134392249634
ORD-000687,C-0170,2024-12-18,Website,Debit Card,Midwest,1,Sports,137.07,15,20.56,34.74,84.63,0.0,3.68,No,0.0,116.51,123.05,-6.54,123.05000000000001,True,2024,2024-12-01,December,-0.05613252081366406
ORD-000688,C-0285,2025-06-10,Website,Buy Now Pay Later,West Coast,3,Sports,278.64,25,69.66,68.7,157.18,0.0,6.36,No,0.0,208.98,232.24,-23.26,232.24,True,2025,2025-06-01,June,-0.11130251698727152
ORD-000689,C-0681,2025-10-26,Website,Gift Card,Northeast,1,Clothing,124.56,20,24.91,21.08,46.64,0.0,3.19,No,0.0,99.65,70.91,28.74,70.91,True,2025,2025-10-01,October,0.2884094330155544
ORD-000690,C-0607,2025-02-23,Website,PayPal,Northeast,3,Electronics,298.94,5,14.95,31.94,108.58,0.0,8.54,No,0.0,283.99,149.06,134.93,149.06,True,2025,2025-02-01,February,0.47512236346350223
ORD-000691,C-0187,2024-03-24,Website,Buy Now Pay Later,Southwest,1,Toys,11.84,10,1.18,11.5,5.71,0.0,0.61,No,0.0,10.66,17.82,-7.16,17.82,True,2024,2024-03-01,March,-0.6716697936210131
ORD-000692,C-0017,2025-10-02,Website,Buy Now Pay Later,Southeast,4,Books,109.71,0,0.0,44.7,48.13,0.0,3.48,No,0.0,109.71,96.31,13.4,96.31000000000002,True,2025,2025-10-01,October,0.12214018776775136
ORD-000693,C-0379,2025-06-14,Marketplace,Buy Now Pay Later,West Coast,2,Food & Beverage,137.4,0,0.0,35.94,78.05,20.61,4.28,No,0.0,137.4,138.88,-1.48,138.88,True,2025,2025-06-01,June,-0.010771470160116448
ORD-000694,C-0473,2024-07-03,Website,PayPal,Southeast,4,Clothing,121.96,0,0.0,28.56,48.3,0.0,3.84,No,0.0,121.96,80.7,41.26,80.7,True,2024,2024-07-01,July,0.3383076418497868
ORD-000695,C-0113,2025-10-02,Website,Credit Card,Southwest,3,Home & Kitchen,196.51,0,0.0,39.28,92.73,0.0,6.0,No,0.0,196.51,138.01,58.5,138.01,True,2025,2025-10-01,October,0.2976947738028599
ORD-000696,C-0628,2025-06-14,Mobile App,PayPal,Southeast,1,Books,3.49,20,0.7,10.38,2.17,0.0,0.38,No,0.0,2.79,12.93,-10.14,12.930000000000001,True,2025,2025-06-01,June,-3.634408602150538
ORD-000697,C-0643,2025-07-21,Marketplace,Credit Card,West Coast,1,Clothing,40.89,10,4.09,15.1,16.21,5.52,1.37,Yes,36.8,0.0,38.2,-38.2,38.199999999999996,True,2025,2025-07-01,July,
ORD-000698,C-0298,2025-01-02,Marketplace,Buy Now Pay Later,Southeast,2,Home & Kitchen,230.28,0,0.0,10.28,80.41,34.54,6.98,No,0.0,230.28,132.21,98.07,132.20999999999998,True,2025,2025-01-01,January,0.425872850442939
ORD-000699,C-0052,2025-05-25,Marketplace,Credit Card,Midwest,2,Food & Beverage,284.28,0,0.0,46.16,126.74,42.64,8.54,No,0.0,284.28,224.08,60.2,224.07999999999996,True,2025,2025-05-01,May,0.2117630505135782
ORD-000700,C-0273,2024-09-13,Mobile App,PayPal,Midwest,4,Clothing,285.28,10,28.53,59.38,135.65,0.0,7.75,No,0.0,256.75,202.78,53.97,202.78,True,2024,2024-09-01,September,0.21020447906523856
ORD-000701,C-0080,2025-05-31,Website,Credit Card,Southeast,2,Sports,66.53,10,6.65,38.34,28.38,0.0,2.04,No,0.0,59.88,68.76,-8.88,68.76,True,2025,2025-05-01,May,-0.14829659318637275
ORD-000702,C-0214,2024-05-23,Website,Gift Card,Midwest,1,Beauty,47.32,15,7.1,9.1,20.94,0.0,1.47,Yes,40.22,0.0,31.51,-31.51,31.509999999999998,True,2024,2024-05-01,May,
ORD-000703,C-0651,2024-11-14,Website,Credit Card,Southwest,3,Electronics,145.41,0,0.0,33.82,58.73,0.0,4.52,No,0.0,145.41,97.07,48.34,97.07,True,2024,2024-11-01,November,0.3324393095385462
ORD-000704,C-0098,2025-03-26,Website,PayPal,Northeast,4,Clothing,174.7,20,34.94,40.88,76.52,0.0,4.35,No,0.0,139.76,121.75,18.01,121.75,True,2025,2025-03-01,March,0.12886376645678307
ORD-000705,C-0024,2025-03-03,Mobile App,Credit Card,West Coast,2,Beauty,19.82,10,1.98,20.76,7.36,0.0,0.82,No,0.0,17.84,28.94,-11.1,28.94,True,2025,2025-03-01,March,-0.6221973094170403
ORD-000706,C-0304,2024-05-02,Website,PayPal,West Coast,2,Sports,146.83,0,0.0,19.24,49.55,0.0,4.56,No,0.0,146.83,73.35,73.48,73.35,True,2024,2024-05-01,May,0.5004426888238098
ORD-000707,C-0448,2025-08-28,Mobile App,Buy Now Pay Later,Northeast,1,Electronics,35.03,10,3.5,9.98,11.54,0.0,1.21,No,0.0,31.53,22.73,8.8,22.73,True,2025,2025-08-01,August,0.2790992705359975
ORD-000708,C-0497,2025-05-14,Website,Buy Now Pay Later,Northeast,1,Sports,55.06,0,0.0,5.82,21.08,0.0,1.9,Yes,55.06,0.0,28.8,-28.8,28.799999999999997,True,2025,2025-05-01,May,
ORD-000709,C-0152,2025-03-29,Website,Credit Card,Northeast,2,Sports,94.66,0,0.0,19.24,35.38,0.0,3.05,No,0.0,94.66,57.67,36.99,57.67,True,2025,2025-03-01,March,0.39076695541939577
ORD-000710,C-0161,2025-12-09,Website,Buy Now Pay Later,Southwest,3,Books,274.61,15,41.19,52.56,90.09,0.0,7.07,No,0.0,233.42,149.72,83.7,149.72,True,2025,2025-12-01,December,0.3585810984491475
ORD-000711,C-0254,2025-11-01,Website,Gift Card,West Coast,2,Food & Beverage,221.77,0,0.0,50.56,127.04,0.0,6.73,No,0.0,221.77,184.33,37.44,184.33,True,2025,2025-11-01,November,0.16882355593633042
ORD-000712,C-0776,2024-10-08,Mobile App,Debit Card,Midwest,4,Books,241.39,0,0.0,100.48,111.31,0.0,7.3,Yes,241.39,0.0,219.09,-219.09,219.09000000000003,True,2024,2024-10-01,October,
ORD-000713,C-0038,2025-03-29,Marketplace,Credit Card,Midwest,1,Home & Kitchen,104.73,10,10.47,14.94,34.15,14.14,3.03,No,0.0,94.26,66.26,28.0,66.25999999999999,True,2025,2025-03-01,March,0.29705071079991513
ORD-000714,C-0239,2025-05-12,Social Commerce,Buy Now Pay Later,Southwest,2,Beauty,112.34,0,0.0,36.66,36.73,8.99,3.56,No,0.0,112.34,85.94,26.4,85.93999999999998,True,2025,2025-05-01,May,0.23500089015488693
ORD-000715,C-0309,2025-03-18,Mobile App,Credit Card,Southeast,2,Clothing,56.39,0,0.0,16.18,18.84,0.0,1.94,No,0.0,56.39,36.96,19.43,36.959999999999994,True,2025,2025-03-01,March,0.3445646391204114
ORD-000716,C-0342,2025-08-21,Marketplace,Debit Card,West Coast,1,Food & Beverage,230.18,20,46.04,16.44,67.9,27.62,5.64,No,0.0,184.14,117.6,66.54,117.60000000000001,True,2025,2025-08-01,August,0.3613554903877485
ORD-000717,C-0417,2025-05-24,Website,Debit Card,Southwest,3,Sports,261.82,15,39.27,30.8,97.43,0.0,6.75,No,0.0,222.55,134.98,87.57,134.98000000000002,True,2025,2025-05-01,May,0.393484610199955
ORD-000718,C-0489,2025-02-15,Mobile App,PayPal,West Coast,2,Clothing,104.67,15,15.7,20.92,33.03,0.0,2.88,No,0.0,88.97,56.83,32.14,56.830000000000005,True,2025,2025-02-01,February,0.3612453636057098
ORD-000719,C-0577,2025-07-06,Website,PayPal,Northeast,1,Clothing,125.4,10,12.54,15.0,41.58,0.0,3.57,No,0.0,112.86,60.15,52.71,60.15,True,2025,2025-07-01,July,0.4670388091440723
ORD-000720,C-0077,2025-07-08,Mobile App,Debit Card,Southeast,1,Home & Kitchen,62.92,15,9.44,10.38,27.03,0.0,1.85,No,0.0,53.48,39.26,14.22,39.260000000000005,True,2025,2025-07-01,July,0.2658937920718026
ORD-000721,C-0417,2024-10-03,Website,Credit Card,Southwest,2,Books,35.58,10,3.56,26.52,14.19,0.0,1.23,No,0.0,32.02,41.94,-9.92,41.94,True,2024,2024-10-01,October,-0.30980637101811365
ORD-000722,C-0159,2025-07-04,Marketplace,Credit Card,Southeast,2,Food & Beverage,88.66,5,4.43,28.84,30.63,12.63,2.74,No,0.0,84.23,74.84,9.39,74.83999999999999,True,2025,2025-07-01,July,0.11148047014127983
ORD-000723,C-0404,2024-06-26,Website,Gift Card,Northeast,1,Sports,36.01,25,9.0,9.66,11.64,0.0,1.08,No,0.0,27.01,22.38,4.63,22.380000000000003,True,2024,2024-06-01,June,0.17141799333580154
ORD-000724,C-0084,2025-05-28,Mobile App,Buy Now Pay Later,West Coast,2,Home & Kitchen,327.7,0,0.0,27.88,101.2,0.0,9.8,No,0.0,327.7,138.88,188.82,138.88000000000002,True,2025,2025-05-01,May,0.5761977418370461
ORD-000725,C-0109,2025-01-29,Website,Credit Card,Northeast,1,Books,10.62,0,0.0,9.18,5.38,0.0,0.61,No,0.0,10.62,15.17,-4.55,15.169999999999998,True,2025,2025-01-01,January,-0.428436911487759
ORD-000726,C-0424,2025-06-25,Website,Credit Card,Midwest,3,Toys,207.51,0,0.0,29.46,74.11,0.0,6.32,No,0.0,207.51,109.89,97.62,109.88999999999999,True,2025,2025-06-01,June,0.4704351597513373
ORD-000727,C-0327,2025-08-20,Mobile App,Debit Card,Southwest,1,Food & Beverage,52.69,0,0.0,5.82,23.14,0.0,1.83,No,0.0,52.69,30.79,21.9,30.79,True,2025,2025-08-01,August,0.4156386411083697
ORD-000728,C-0419,2024-08-07,Mobile App,PayPal,Southeast,5,Electronics,302.41,5,15.12,60.98,118.5,0.0,8.63,No,0.0,287.29,188.11,99.18,188.10999999999999,True,2024,2024-08-01,August,0.34522607817884365
ORD-000729,C-0010,2025-06-30,Website,Debit Card,Southwest,2,Clothing,123.51,0,0.0,19.32,43.04,0.0,3.88,No,0.0,123.51,66.24,57.27,66.24,True,2025,2025-06-01,June,0.46368715083798884
ORD-000730,C-0475,2024-11-06,Social Commerce,PayPal,West Coast,2,Food & Beverage,178.01,5,8.9,19.72,51.92,13.53,5.2,No,0.0,169.11,90.37,78.74,90.37,True,2024,2024-11-01,November,0.4656140973330967
ORD-000731,C-0035,2025-04-19,Website,Gift Card,Midwest,1,Books,26.5,25,6.62,5.5,8.06,0.0,0.88,No,0.0,19.88,14.44,5.44,14.440000000000001,True,2025,2025-04-01,April,0.27364185110663986
ORD-000732,C-0433,2024-06-09,Marketplace,Credit Card,West Coast,2,Toys,170.72,5,8.54,30.42,59.56,24.33,5.0,No,0.0,162.18,119.31,42.87,119.31,True,2024,2024-06-01,June,0.26433592304846465
ORD-000733,C-0056,2025-05-13,Website,Credit Card,West Coast,1,Electronics,20.67,10,2.07,4.3,5.96,0.0,0.84,No,0.0,18.6,11.1,7.5,11.1,True,2025,2025-05-01,May,0.4032258064516129
ORD-000734,C-0777,2024-11-21,Website,Credit Card,Northeast,3,Clothing,354.93,10,35.49,31.26,128.93,0.0,9.56,Yes,319.44,0.0,169.75,-169.75,169.75,True,2024,2024-11-01,November,
ORD-000735,C-0685,2025-06-12,Marketplace,Credit Card,Southwest,1,Food & Beverage,111.44,0,0.0,9.02,36.34,16.72,3.53,No,0.0,111.44,65.61,45.83,65.61,True,2025,2025-06-01,June,0.4112526920315865
ORD-000736,C-0116,2025-03-23,Website,Gift Card,Northeast,2,Toys,345.5,10,34.55,40.24,117.42,0.0,9.32,No,0.0,310.95,166.98,143.97,166.98,True,2025,2025-03-01,March,0.46300048239266767
ORD-000737,C-0076,2025-01-23,Mobile App,Credit Card,Southeast,4,Beauty,199.62,5,9.98,37.12,88.42,0.0,5.8,No,0.0,189.64,131.34,58.3,131.34,True,2025,2025-01-01,January,0.3074245939675174
ORD-000738,C-0742,2025-07-03,Website,PayPal,Midwest,2,Sports,224.27,15,33.64,26.66,113.17,0.0,5.83,No,0.0,190.63,145.66,44.97,145.66000000000003,True,2025,2025-07-01,July,0.23590200912762943
ORD-000739,C-0126,2024-07-02,Marketplace,Credit Card,West Coast,2,Beauty,65.99,0,0.0,17.4,22.99,9.9,2.21,No,0.0,65.99,52.5,13.49,52.5,True,2024,2024-07-01,July,0.2044249128655857
ORD-000740,C-0018,2024-12-13,Marketplace,Credit Card,Midwest,2,Books,98.84,10,9.88,29.92,60.47,13.34,2.88,Yes,88.96,0.0,106.61,-106.61,106.61,True,2024,2024-12-01,December,
ORD-000741,C-0319,2025-07-22,Website,Credit Card,Northeast,1,Home & Kitchen,33.22,0,0.0,8.94,19.46,0.0,1.26,No,0.0,33.22,29.66,3.56,29.66,True,2025,2025-07-01,July,0.10716435881998797
ORD-000742,C-0781,2025-08-08,Website,Gift Card,Southwest,1,Books,17.64,15,2.65,15.42,10.55,0.0,0.73,No,0.0,14.99,26.7,-11.71,26.7,True,2025,2025-08-01,August,-0.781187458305537
ORD-000743,C-0171,2025-10-04,Website,PayPal,West Coast,2,Electronics,83.18,0,0.0,26.34,39.01,0.0,2.71,No,0.0,83.18,68.06,15.12,68.05999999999999,True,2025,2025-10-01,October,0.18177446501562874
ORD-000744,C-0303,2024-08-15,Social Commerce,Credit Card,Midwest,2,Food & Beverage,119.9,0,0.0,37.84,35.14,9.59,3.78,Yes,119.9,0.0,86.35,-86.35,86.35000000000001,True,2024,2024-08-01,August,
ORD-000745,C-0510,2025-05-03,Mobile App,Buy Now Pay Later,Northeast,3,Clothing,153.3,0,0.0,21.94,66.74,0.0,4.75,Yes,153.3,0.0,93.43,-93.43,93.42999999999999,True,2025,2025-05-01,May,
ORD-000746,C-0120,2024-09-16,Mobile App,Credit Card,Southeast,1,Food & Beverage,48.08,5,2.4,15.26,34.07,0.0,1.62,No,0.0,45.68,50.95,-5.27,50.949999999999996,True,2024,2024-09-01,September,-0.1153677758318739
ORD-000747,C-0703,2025-05-31,Website,Credit Card,Southwest,2,Sports,78.2,25,19.55,41.92,36.61,0.0,2.0,No,0.0,58.65,80.53,-21.88,80.53,True,2025,2025-05-01,May,-0.37306052855924976
ORD-000748,C-0036,2025-07-26,Mobile App,Buy Now Pay Later,West Coast,2,Toys,634.43,15,95.16,43.36,238.49,0.0,15.94,Yes,539.27,0.0,297.79,-297.79,297.79,True,2025,2025-07-01,July,
ORD-000749,C-0300,2025-02-09,Website,PayPal,Southwest,3,Clothing,403.66,0,0.0,56.06,155.36,0.0,12.01,No,0.0,403.66,223.43,180.23,223.43,True,2025,2025-02-01,February,0.4464896199772085
ORD-000750,C-0102,2025-07-04,Marketplace,PayPal,Northeast,5,Home & Kitchen,474.6,10,47.46,43.38,171.04,64.07,12.69,No,0.0,427.14,291.18,135.96,291.18,True,2025,2025-07-01,July,0.31830313246242453
ORD-000751,C-0114,2024-11-01,Marketplace,PayPal,Northeast,1,Electronics,384.76,0,0.0,20.12,145.18,57.71,11.46,No,0.0,384.76,234.47,150.29,234.47000000000003,True,2024,2024-11-01,November,0.39060713171847383
ORD-000752,C-0545,2024-08-06,Mobile App,PayPal,Southeast,4,Sports,110.6,0,0.0,32.56,51.22,0.0,3.51,No,0.0,110.6,87.29,23.31,87.29,True,2024,2024-08-01,August,0.2107594936708861
ORD-000753,C-0200,2025-06-18,Marketplace,Credit Card,Southeast,2,Electronics,138.73,0,0.0,28.6,56.07,20.81,4.32,No,0.0,138.73,109.8,28.93,109.80000000000001,True,2025,2025-06-01,June,0.20853456354069055
ORD-000754,C-0447,2024-12-04,Website,PayPal,Southwest,1,Food & Beverage,191.88,15,28.78,34.26,111.84,0.0,5.03,No,0.0,163.1,151.13,11.97,151.13,True,2024,2024-12-01,December,0.07339055793991417
ORD-000755,C-0719,2025-05-27,Marketplace,Credit Card,Southwest,3,Electronics,181.39,20,36.28,38.02,66.01,21.77,4.51,No,0.0,145.11,130.31,14.8,130.31,True,2025,2025-05-01,May,0.10199159258493556
ORD-000756,C-0682,2025-05-12,Website,Debit Card,Southeast,2,Books,210.19,10,21.02,20.42,64.07,0.0,5.79,No,0.0,189.17,90.28,98.89,90.28,True,2025,2025-05-01,May,0.5227573082412645
ORD-000757,C-0096,2024-11-25,Website,Credit Card,Southeast,3,Sports,190.64,0,0.0,27.78,73.26,0.0,5.83,No,0.0,190.64,106.87,83.77,106.87,True,2024,2024-11-01,November,0.4394146034410407
ORD-000758,C-0055,2025-05-12,Mobile App,Credit Card,West Coast,4,Books,131.95,10,13.2,74.2,63.17,0.0,3.74,No,0.0,118.75,141.11,-22.36,141.11,True,2025,2025-05-01,May,-0.18829473684210526
ORD-000759,C-0390,2024-11-06,Mobile App,Debit Card,West Coast,1,Sports,70.38,20,14.08,10.04,23.42,0.0,1.93,No,0.0,56.3,35.39,20.91,35.39,True,2024,2024-11-01,November,0.37140319715808173
ORD-000760,C-0645,2024-03-05,Website,PayPal,Midwest,4,Toys,239.84,0,0.0,63.72,111.39,0.0,7.26,No,0.0,239.84,182.37,57.47,182.37,True,2024,2024-03-01,March,0.2396180787191461
ORD-000761,C-0238,2025-08-06,Marketplace,Credit Card,Southwest,2,Books,48.33,10,4.83,40.16,33.35,6.52,1.56,No,0.0,43.5,81.59,-38.09,81.58999999999999,True,2025,2025-08-01,August,-0.8756321839080461
ORD-000762,C-0736,2024-08-07,Website,Debit Card,Northeast,1,Toys,72.56,15,10.88,8.7,35.81,0.0,2.09,No,0.0,61.68,46.6,15.08,46.60000000000001,True,2024,2024-08-01,August,0.2444876783398184
ORD-000763,C-0505,2025-10-13,Mobile App,Credit Card,Midwest,1,Electronics,43.34,5,2.17,9.58,15.91,0.0,1.49,No,0.0,41.17,26.98,14.19,26.98,True,2025,2025-10-01,October,0.3446684478989555
ORD-000764,C-0436,2025-09-19,Mobile App,Buy Now Pay Later,Southeast,4,Books,268.15,15,40.22,52.84,131.22,0.0,6.91,No,0.0,227.93,190.97,36.96,190.97,True,2025,2025-09-01,September,0.16215504760233404
ORD-000765,C-0747,2024-04-27,Website,Credit Card,West Coast,2,Electronics,105.99,0,0.0,25.06,38.05,0.0,3.37,No,0.0,105.99,66.48,39.51,66.48,True,2024,2024-04-01,April,0.37277101613359753
ORD-000766,C-0364,2024-06-11,Website,Credit Card,Southwest,1,Electronics,365.2,0,0.0,17.56,121.88,0.0,10.89,No,0.0,365.2,150.33,214.87,150.32999999999998,True,2024,2024-06-01,June,0.5883625410733845
ORD-000767,C-0332,2025-01-25,Website,Credit Card,West Coast,2,Sports,110.5,0,0.0,17.16,57.11,0.0,3.5,No,0.0,110.5,77.77,32.73,77.77,True,2025,2025-01-01,January,0.2961990950226244
ORD-000768,C-0436,2025-01-17,Mobile App,Credit Card,Southeast,2,Electronics,209.58,0,0.0,54.0,74.05,0.0,6.38,No,0.0,209.58,134.43,75.15,134.43,True,2025,2025-01-01,January,0.3585742914400229
ORD-000769,C-0451,2025-08-20,Marketplace,Credit Card,Southwest,2,Toys,73.57,0,0.0,22.76,40.34,11.04,2.43,No,0.0,73.57,76.57,-3.0,76.57000000000002,True,2025,2025-08-01,August,-0.040777490825064565
ORD-000770,C-0223,2025-05-23,Marketplace,Credit Card,West Coast,1,Toys,117.94,20,23.59,12.44,47.02,14.15,3.04,No,0.0,94.35,76.65,17.7,76.65,True,2025,2025-05-01,May,0.1875993640699523
ORD-000771,C-0208,2024-09-08,Website,Debit Card,Northeast,4,Beauty,290.26,0,0.0,65.54,133.02,0.0,8.72,No,0.0,290.26,207.28,82.98,207.28,True,2024,2024-09-01,September,0.2858816233721491
ORD-000772,C-0243,2024-08-29,Marketplace,Credit Card,West Coast,3,Toys,160.21,15,24.03,28.58,59.77,20.43,4.25,No,0.0,136.18,113.03,23.15,113.03,True,2024,2024-08-01,August,0.16999559406667644
ORD-000773,C-0328,2024-12-13,Website,PayPal,Midwest,2,Beauty,318.09,25,79.52,36.16,135.79,0.0,7.22,No,0.0,238.57,179.17,59.4,179.17,True,2024,2024-12-01,December,0.24898352684746616
ORD-000774,C-0227,2024-05-02,Website,Buy Now Pay Later,West Coast,1,Home & Kitchen,57.08,15,8.56,11.26,26.65,0.0,1.71,No,0.0,48.52,39.62,8.9,39.62,True,2024,2024-05-01,May,0.1834295136026381
ORD-000775,C-0443,2025-04-14,Website,Gift Card,Southwest,5,Sports,365.74,0,0.0,78.9,160.12,0.0,10.91,No,0.0,365.74,249.93,115.81,249.93,True,2025,2025-04-01,April,0.3166457045988954
ORD-000776,C-0042,2025-05-24,Social Commerce,PayPal,Southeast,1,Home & Kitchen,31.38,20,6.28,18.68,9.34,2.01,1.03,No,0.0,25.1,31.06,-5.96,31.060000000000002,True,2025,2025-05-01,May,-0.23745019920318725
ORD-000777,C-0642,2025-01-07,Website,Credit Card,West Coast,5,Clothing,357.46,15,53.62,98.54,223.94,0.0,9.11,No,0.0,303.84,331.59,-27.75,331.59000000000003,True,2025,2025-01-01,January,-0.09133096366508689
ORD-000778,C-0262,2024-11-14,Website,Buy Now Pay Later,Southeast,1,Books,20.0,20,4.0,12.28,6.7,0.0,0.76,Yes,16.0,0.0,19.74,-19.74,19.740000000000002,True,2024,2024-11-01,November,
ORD-000779,C-0672,2025-04-25,Website,Credit Card,West Coast,1,Sports,125.88,15,18.88,13.24,52.96,0.0,3.4,Yes,107.0,0.0,69.6,-69.6,69.60000000000001,True,2025,2025-04-01,April,
ORD-000780,C-0765,2025-06-03,Mobile App,Gift Card,West Coast,4,Beauty,166.17,0,0.0,34.64,69.46,0.0,5.12,No,0.0,166.17,109.22,56.95,109.22,True,2025,2025-06-01,June,0.34272130950231694
ORD-000781,C-0251,2025-03-07,Marketplace,Debit Card,West Coast,3,Beauty,295.87,25,73.97,47.42,117.84,33.28,6.74,No,0.0,221.9,205.28,16.62,205.28,True,2025,2025-03-01,March,0.07489860297431275
ORD-000782,C-0193,2025-03-25,Website,PayPal,Southwest,2,Toys,331.21,20,66.24,16.02,100.43,0.0,7.98,No,0.0,264.97,124.43,140.54,124.43,True,2025,2025-03-01,March,0.5303996678869305
ORD-000783,C-0186,2025-01-14,Mobile App,Credit Card,Southeast,4,Electronics,275.06,10,27.51,56.52,101.38,0.0,7.48,No,0.0,247.55,165.38,82.17,165.38,True,2025,2025-01-01,January,0.3319329428398303
ORD-000784,C-0161,2024-08-11,Website,Debit Card,Southeast,2,Food & Beverage,48.37,15,7.26,25.88,30.68,0.0,1.49,No,0.0,41.11,58.05,-16.94,58.050000000000004,True,2024,2024-08-01,August,-0.41206519095110683
ORD-000785,C-0268,2024-08-02,Marketplace,Debit Card,Midwest,1,Beauty,77.53,10,7.75,4.78,24.83,10.47,2.32,No,0.0,69.78,42.4,27.38,42.4,True,2024,2024-08-01,August,0.3923760389796503
ORD-000786,C-0143,2025-09-01,Website,Buy Now Pay Later,Southwest,2,Home & Kitchen,122.59,0,0.0,25.64,41.77,0.0,3.86,No,0.0,122.59,71.27,51.32,71.27,True,2025,2025-09-01,September,0.41863120972346846
ORD-000787,C-0584,2025-03-04,Mobile App,Debit Card,West Coast,1,Home & Kitchen,104.73,10,10.47,14.94,34.15,0.0,3.03,No,0.0,94.26,52.12,42.14,52.12,True,2025,2025-03-01,March,0.44706131975387225
ORD-000788,C-0572,2024-05-22,Mobile App,Credit Card,Southwest,2,Beauty,110.98,5,5.55,32.26,39.99,0.0,3.36,No,0.0,105.43,75.61,29.82,75.61,True,2024,2024-05-01,May,0.2828416959119795
ORD-000789,C-0533,2025-06-25,Marketplace,Credit Card,Midwest,1,Books,11.04,10,1.1,15.64,6.76,1.49,0.59,No,0.0,9.94,24.48,-14.54,24.479999999999997,True,2025,2025-06-01,June,-1.4627766599597585
ORD-000790,C-0108,2024-10-15,Website,Debit Card,Southeast,1,Beauty,65.79,25,16.45,42.18,46.08,0.0,1.73,No,0.0,49.34,89.99,-40.65,89.99,True,2024,2024-10-01,October,-0.8238751520064855
ORD-000791,C-0569,2024-12-31,Website,PayPal,Northeast,2,Food & Beverage,270.07,15,40.51,18.58,102.47,0.0,6.96,No,0.0,229.56,128.01,101.55,128.01,True,2024,2024-12-01,December,0.44236800836382645
ORD-000792,C-0605,2024-09-06,Mobile App,PayPal,Midwest,3,Toys,286.09,0,0.0,55.42,151.89,0.0,8.6,No,0.0,286.09,215.91,70.18,215.91,True,2024,2024-09-01,September,0.24530742074172468
ORD-000793,C-0642,2024-11-07,Mobile App,Buy Now Pay Later,Southeast,2,Home & Kitchen,182.93,10,18.29,34.48,68.38,0.0,5.07,No,0.0,164.64,107.93,56.71,107.92999999999998,True,2024,2024-11-01,November,0.3444484936831876
ORD-000794,C-0506,2025-05-10,Social Commerce,Gift Card,Southeast,2,Toys,90.63,10,9.06,25.0,37.07,6.53,2.67,No,0.0,81.57,71.27,10.3,71.27,True,2025,2025-05-01,May,0.12627191369375998
ORD-000795,C-0202,2024-08-27,Website,Credit Card,West Coast,1,Clothing,112.0,0,0.0,25.72,39.64,0.0,3.55,No,0.0,112.0,68.91,43.09,68.91,True,2024,2024-08-01,August,0.3847321428571429
ORD-000796,C-0428,2025-07-22,Mobile App,Credit Card,West Coast,1,Clothing,6.07,10,0.61,12.94,4.14,0.0,0.46,No,0.0,5.46,17.54,-12.08,17.54,True,2025,2025-07-01,July,-2.2124542124542126
ORD-000797,C-0492,2024-11-21,Marketplace,Credit Card,Northeast,5,Electronics,273.65,20,54.73,42.46,92.93,32.84,6.65,No,0.0,218.92,174.88,44.04,174.88000000000002,True,2024,2024-11-01,November,0.20116937694134845
ORD-000798,C-0117,2025-06-22,Marketplace,PayPal,Northeast,1,Home & Kitchen,149.66,20,29.93,9.56,52.3,17.96,3.77,No,0.0,119.73,83.59,36.14,83.58999999999999,True,2025,2025-06-01,June,0.3018458197611292
ORD-000799,C-0068,2025-05-26,Marketplace,Buy Now Pay Later,West Coast,1,Toys,45.16,0,0.0,9.9,21.86,6.77,1.61,No,0.0,45.16,40.14,5.02,40.14,True,2025,2025-05-01,May,0.11116031886625333
ORD-000800,C-0591,2024-11-22,Website,Buy Now Pay Later,Midwest,3,Clothing,175.83,15,26.37,44.96,63.23,0.0,4.63,No,0.0,149.46,112.82,36.64,112.82,True,2024,2024-11-01,November,0.2451492038003479
ORD-000801,C-0787,2025-04-10,Mobile App,Credit Card,Southwest,1,Books,8.92,0,0.0,10.22,5.33,0.0,0.56,No,0.0,8.92,16.11,-7.19,16.11,True,2025,2025-04-01,April,-0.8060538116591929
ORD-000802,C-0741,2024-07-08,Mobile App,Credit Card,West Coast,2,Toys,106.71,15,16.01,36.74,43.0,0.0,2.93,No,0.0,90.7,82.67,8.03,82.67000000000002,True,2024,2024-07-01,July,0.08853362734288864
ORD-000803,C-0232,2025-03-10,Website,Credit Card,Northeast,1,Clothing,100.26,5,5.01,8.44,63.28,0.0,3.06,No,0.0,95.25,74.78,20.47,74.78,True,2025,2025-03-01,March,0.21490813648293963
ORD-000804,C-0129,2024-12-02,Mobile App,Buy Now Pay Later,Southwest,1,Clothing,63.51,0,0.0,7.9,31.27,0.0,2.14,No,0.0,63.51,41.31,22.2,41.31,True,2024,2024-12-01,December,0.3495512517713746
ORD-000805,C-0426,2025-04-14,Website,Credit Card,Southeast,1,Sports,27.71,0,0.0,12.94,11.44,0.0,1.1,No,0.0,27.71,25.48,2.23,25.48,True,2025,2025-04-01,April,0.08047636232407072
ORD-000806,C-0004,2025-07-21,Mobile App,Credit Card,Southwest,1,Sports,47.22,0,0.0,5.9,20.9,0.0,1.67,No,0.0,47.22,28.47,18.75,28.47,True,2025,2025-07-01,July,0.39707750952986026
ORD-000807,C-0568,2025-09-23,Mobile App,PayPal,Southwest,3,Toys,614.1,0,0.0,56.84,190.85,0.0,18.11,No,0.0,614.1,265.8,348.3,265.8,True,2025,2025-09-01,September,0.567171470444553
ORD-000808,C-0683,2024-08-07,Mobile App,PayPal,Southeast,2,Home & Kitchen,121.44,5,6.07,34.02,47.3,0.0,3.65,No,0.0,115.37,84.97,30.4,84.97,True,2024,2024-08-01,August,0.2635000433388229
ORD-000809,C-0391,2025-08-15,Website,PayPal,West Coast,1,Sports,19.26,0,0.0,5.26,7.33,0.0,0.86,No,0.0,19.26,13.45,5.81,13.45,True,2025,2025-08-01,August,0.30166147455867076
ORD-000810,C-0700,2024-05-24,Website,Credit Card,West Coast,2,Toys,131.98,5,6.6,22.44,49.09,0.0,3.94,No,0.0,125.38,75.47,49.91,75.47,True,2024,2024-05-01,May,0.3980698676024884
ORD-000811,C-0644,2025-10-19,Website,Buy Now Pay Later,West Coast,1,Toys,11.84,10,1.18,11.5,5.71,0.0,0.61,No,0.0,10.66,17.82,-7.16,17.82,True,2025,2025-10-01,October,-0.6716697936210131
ORD-000812,C-0133,2025-01-24,Social Commerce,Credit Card,Northeast,1,Sports,103.35,10,10.34,5.02,30.95,7.44,3.0,No,0.0,93.01,46.41,46.6,46.41,True,2025,2025-01-01,January,0.5010213955488657
ORD-000813,C-0126,2025-01-09,Marketplace,Credit Card,Southeast,1,Food & Beverage,50.95,15,7.64,14.38,18.74,6.5,1.56,No,0.0,43.31,41.18,2.13,41.18,True,2025,2025-01-01,January,0.04918032786885245
ORD-000814,C-0439,2025-03-19,Website,Debit Card,West Coast,1,Sports,45.69,15,6.85,11.58,28.21,0.0,1.43,No,0.0,38.84,41.22,-2.38,41.22,True,2025,2025-03-01,March,-0.06127703398558187
ORD-000815,C-0263,2025-07-10,Website,Credit Card,Southwest,2,Books,47.49,0,0.0,15.0,16.68,0.0,1.68,No,0.0,47.49,33.36,14.13,33.36,True,2025,2025-07-01,July,0.29753632343651293
ORD-000816,C-0665,2025-02-04,Mobile App,Gift Card,Midwest,1,Books,35.98,10,3.6,23.48,15.76,0.0,1.24,No,0.0,32.38,40.48,-8.1,40.480000000000004,True,2025,2025-02-01,February,-0.2501544163063619
ORD-000817,C-0658,2025-02-22,Mobile App,Credit Card,West Coast,1,Electronics,135.82,15,20.37,5.82,43.05,0.0,3.65,No,0.0,115.45,52.52,62.93,52.519999999999996,True,2025,2025-02-01,February,0.5450844521437852
ORD-000818,C-0202,2025-06-12,Social Commerce,Credit Card,West Coast,2,Food & Beverage,78.0,0,0.0,22.52,32.19,6.24,2.56,No,0.0,78.0,63.51,14.49,63.51,True,2025,2025-06-01,June,0.18576923076923077
ORD-000819,C-0066,2025-07-23,Marketplace,Credit Card,Northeast,1,Toys,73.68,0,0.0,8.86,22.41,11.05,2.44,Yes,73.68,0.0,44.76,-44.76,44.76,True,2025,2025-07-01,July,
ORD-000820,C-0714,2025-10-24,Website,Credit Card,West Coast,1,Beauty,20.45,0,0.0,10.22,7.45,0.0,0.89,No,0.0,20.45,18.56,1.89,18.560000000000002,True,2025,2025-10-01,October,0.09242053789731051
ORD-000821,C-0653,2024-07-28,Website,Credit Card,West Coast,1,Toys,10.05,20,2.01,9.18,6.91,0.0,0.53,No,0.0,8.04,16.62,-8.58,16.62,True,2024,2024-07-01,July,-1.0671641791044777
ORD-000822,C-0004,2025-02-19,Website,Buy Now Pay Later,Northeast,2,Electronics,276.41,0,0.0,28.58,123.11,0.0,8.32,No,0.0,276.41,160.01,116.4,160.01,True,2025,2025-02-01,February,0.42111356318512355
ORD-000823,C-0080,2025-11-29,Website,Credit Card,Southeast,4,Books,266.53,10,26.65,40.0,99.48,0.0,7.26,Yes,239.88,-0.0,146.74,-146.74,146.74,True,2025,2025-11-01,November,
ORD-000824,C-0682,2025-01-29,Website,Debit Card,Southwest,1,Clothing,13.66,5,0.68,10.62,4.69,0.0,0.68,No,0.0,12.98,15.99,-3.01,15.989999999999998,True,2025,2025-01-01,January,-0.2318952234206471
ORD-000825,C-0767,2025-11-03,Mobile App,Debit Card,Northeast,4,Toys,244.09,15,36.61,29.18,120.0,0.0,6.32,No,0.0,207.48,155.5,51.98,155.5,True,2025,2025-11-01,November,0.25053017158280316
ORD-000826,C-0462,2024-09-28,Website,Credit Card,Midwest,2,Home & Kitchen,41.94,10,4.19,16.52,15.45,0.0,1.39,No,0.0,37.75,33.36,4.39,33.36,True,2024,2024-09-01,September,0.11629139072847682
ORD-000827,C-0771,2025-04-28,Marketplace,Gift Card,Northeast,1,Clothing,127.88,0,0.0,16.92,41.02,19.18,4.01,No,0.0,127.88,81.13,46.75,81.13000000000001,True,2025,2025-04-01,April,0.3655771035345637
ORD-000828,C-0482,2025-07-22,Mobile App,Credit Card,Southeast,3,Toys,70.94,10,7.09,51.98,30.7,0.0,2.15,No,0.0,63.85,84.83,-20.98,84.83,True,2025,2025-07-01,July,-0.32858261550509005
ORD-000829,C-0214,2024-10-24,Mobile App,PayPal,Southwest,1,Home & Kitchen,15.69,0,0.0,9.34,4.67,0.0,0.76,No,0.0,15.69,14.77,0.92,14.77,True,2024,2024-10-01,October,0.05863607393244105
ORD-000830,C-0249,2025-08-30,Mobile App,Buy Now Pay Later,Southeast,2,Beauty,112.76,0,0.0,29.48,42.04,0.0,3.57,No,0.0,112.76,75.09,37.67,75.08999999999999,True,2025,2025-08-01,August,0.334072366087265
ORD-000831,C-0681,2025-07-08,Mobile App,Debit Card,West Coast,2,Food & Beverage,59.53,15,8.93,27.54,22.62,0.0,1.77,No,0.0,50.6,51.93,-1.33,51.93,True,2025,2025-07-01,July,-0.026284584980237155
ORD-000832,C-0268,2025-10-27,Mobile App,Buy Now Pay Later,Midwest,2,Clothing,229.14,15,34.37,30.9,107.97,0.0,5.95,No,0.0,194.77,144.82,49.95,144.82,True,2025,2025-10-01,October,0.2564563331108487
ORD-000833,C-0708,2025-06-19,Website,Buy Now Pay Later,Midwest,1,Electronics,70.06,5,3.5,19.96,23.08,0.0,2.23,No,0.0,66.56,45.27,21.29,45.269999999999996,True,2025,2025-06-01,June,0.3198617788461538
ORD-000834,C-0327,2025-06-01,Website,Buy Now Pay Later,Northeast,2,Electronics,113.41,5,5.67,19.48,46.28,0.0,3.42,No,0.0,107.74,69.18,38.56,69.18,True,2025,2025-06-01,June,0.35789864488583634
ORD-000835,C-0014,2024-07-31,Mobile App,PayPal,Midwest,1,Sports,13.96,20,2.79,5.18,7.06,0.0,0.62,No,0.0,11.17,12.86,-1.69,12.859999999999998,True,2024,2024-07-01,July,-0.1512981199641898
ORD-000836,C-0280,2025-09-29,Marketplace,Credit Card,West Coast,3,Home & Kitchen,94.03,10,9.4,36.0,42.7,12.69,2.75,No,0.0,84.63,94.14,-9.51,94.14,True,2025,2025-09-01,September,-0.11237149946827367
ORD-000837,C-0665,2024-08-21,Marketplace,Debit Card,West Coast,2,Electronics,60.58,0,0.0,39.7,38.19,9.09,2.06,No,0.0,60.58,89.04,-28.46,89.04,True,2024,2024-08-01,August,-0.4697920105645428
ORD-000838,C-0363,2025-08-24,Marketplace,Credit Card,Northeast,1,Food & Beverage,59.14,15,8.87,24.28,41.32,7.54,1.76,No,0.0,50.27,74.9,-24.63,74.9,True,2025,2025-08-01,August,-0.4899542470658444
ORD-000839,C-0203,2025-02-05,Website,Debit Card,Southeast,4,Electronics,341.7,15,51.26,31.96,139.18,0.0,8.72,No,0.0,290.44,179.86,110.58,179.86,True,2025,2025-02-01,February,0.38073268144883626
ORD-000840,C-0509,2025-05-06,Website,Credit Card,West Coast,1,Clothing,37.86,0,0.0,9.02,26.84,0.0,1.4,No,0.0,37.86,37.26,0.6,37.26,True,2025,2025-05-01,May,0.01584786053882726
ORD-000841,C-0514,2025-11-02,Marketplace,Buy Now Pay Later,Southeast,1,Food & Beverage,41.34,0,0.0,11.18,21.84,6.2,1.5,No,0.0,41.34,40.72,0.62,40.72,True,2025,2025-11-01,November,0.014997581035316883
ORD-000842,C-0628,2024-08-12,Marketplace,Debit Card,West Coast,4,Food & Beverage,188.26,5,9.41,57.46,71.14,26.83,5.49,No,0.0,178.85,160.92,17.93,160.92000000000002,True,2024,2024-08-01,August,0.10025160749231199
ORD-000843,C-0791,2025-03-08,Website,Credit Card,West Coast,2,Books,142.25,0,0.0,38.98,56.23,0.0,4.43,No,0.0,142.25,99.64,42.61,99.63999999999999,True,2025,2025-03-01,March,0.29954305799648506
ORD-000844,C-0544,2025-06-23,Website,Credit Card,Southwest,2,Toys,232.42,20,46.48,29.54,81.54,0.0,5.69,No,0.0,185.94,116.77,69.17,116.77000000000001,True,2025,2025-06-01,June,0.3720017209852641
ORD-000845,C-0625,2025-05-12,Marketplace,Gift Card,Southeast,3,Food & Beverage,194.81,15,29.22,31.04,95.25,24.84,5.1,No,0.0,165.59,156.23,9.36,156.23,True,2025,2025-05-01,May,0.056525152485053444
ORD-000846,C-0432,2024-03-16,Marketplace,Credit Card,Northeast,1,Food & Beverage,29.57,0,0.0,12.14,20.66,4.44,1.16,No,0.0,29.57,38.4,-8.83,38.39999999999999,True,2024,2024-03-01,March,-0.2986134595874197
ORD-000847,C-0134,2024-08-24,Website,Buy Now Pay Later,Northeast,1,Home & Kitchen,164.85,0,0.0,4.7,49.88,0.0,5.08,No,0.0,164.85,59.66,105.19,59.660000000000004,True,2024,2024-08-01,August,0.638095238095238
ORD-000848,C-0504,2024-12-27,Website,PayPal,Northeast,1,Electronics,222.97,15,33.45,12.94,67.05,0.0,5.8,No,0.0,189.52,85.79,103.73,85.78999999999999,True,2024,2024-12-01,December,0.5473300970873787
ORD-000849,C-0723,2025-04-10,Mobile App,Credit Card,Southwest,1,Sports,55.06,10,5.51,5.82,21.08,0.0,1.74,No,0.0,49.55,28.64,20.91,28.639999999999997,True,2025,2025-04-01,April,0.4219979818365288
ORD-000850,C-0133,2025-08-01,Mobile App,Credit Card,West Coast,2,Clothing,113.98,0,0.0,13.8,46.32,0.0,3.61,No,0.0,113.98,63.73,50.25,63.730000000000004,True,2025,2025-08-01,August,0.44086681874012984
ORD-000851,C-0468,2024-06-04,Mobile App,PayPal,Midwest,1,Home & Kitchen,57.08,0,0.0,11.26,26.65,0.0,1.96,No,0.0,57.08,39.87,17.21,39.87,True,2024,2024-06-01,June,0.30150665732305537
ORD-000852,C-0330,2025-06-18,Website,Credit Card,West Coast,2,Clothing,119.43,0,0.0,24.28,49.57,0.0,3.76,No,0.0,119.43,77.61,41.82,77.61,True,2025,2025-06-01,June,0.3501632755589048
ORD-000853,C-0051,2025-02-16,Mobile App,Gift Card,Northeast,1,Food & Beverage,50.95,0,0.0,14.38,18.74,0.0,1.78,No,0.0,50.95,34.9,16.05,34.9,True,2025,2025-02-01,February,0.3150147203140334
ORD-000854,C-0069,2025-01-12,Marketplace,PayPal,West Coast,1,Clothing,50.13,0,0.0,4.22,31.64,7.52,1.75,No,0.0,50.13,45.13,5.0,45.129999999999995,True,2025,2025-01-01,January,0.0997406742469579
ORD-000855,C-0771,2025-01-12,Website,Buy Now Pay Later,Southwest,2,Clothing,69.32,10,6.93,18.84,32.33,0.0,2.11,No,0.0,62.39,53.28,9.11,53.28,True,2025,2025-01-01,January,0.14601698990222792
ORD-000856,C-0238,2025-09-30,Website,Buy Now Pay Later,Southwest,1,Electronics,24.38,10,2.44,13.9,16.19,0.0,0.94,Yes,21.94,-0.0,31.03,-31.03,31.030000000000005,True,2025,2025-09-01,September,
ORD-000857,C-0382,2025-08-26,Marketplace,PayPal,Southwest,1,Toys,82.29,15,12.34,13.02,37.65,10.49,2.33,No,0.0,69.95,63.49,6.46,63.49,True,2025,2025-08-01,August,0.09235167977126518
ORD-000858,C-0729,2024-12-18,Website,Credit Card,Northeast,1,Books,23.2,10,2.32,7.98,6.77,0.0,0.91,No,0.0,20.88,15.66,5.22,15.66,True,2024,2024-12-01,December,0.25
ORD-000859,C-0126,2024-06-29,Social Commerce,Credit Card,Northeast,1,Home & Kitchen,105.44,15,15.82,8.94,42.07,7.17,2.9,No,0.0,89.62,61.08,28.54,61.08,True,2024,2024-06-01,June,0.31845570185226507
ORD-000860,C-0651,2024-12-04,Mobile App,Credit Card,Midwest,2,Books,240.88,0,0.0,16.18,82.78,0.0,7.29,No,0.0,240.88,106.25,134.63,106.25000000000001,True,2024,2024-12-01,December,0.5589090003321155
ORD-000861,C-0435,2025-08-12,Mobile App,PayPal,West Coast,1,Electronics,109.6,0,0.0,11.58,57.57,0.0,3.48,No,0.0,109.6,72.63,36.97,72.63000000000001,True,2025,2025-08-01,August,0.3373175182481752
ORD-000862,C-0675,2024-04-20,Mobile App,Credit Card,Southeast,2,Sports,72.7,5,3.63,21.24,31.63,0.0,2.3,No,0.0,69.07,55.17,13.9,55.169999999999995,True,2024,2024-04-01,April,0.201245113652816
ORD-000863,C-0563,2025-10-15,Website,PayPal,West Coast,1,Beauty,61.44,20,12.29,12.06,19.8,0.0,1.73,No,0.0,49.15,33.59,15.56,33.589999999999996,True,2025,2025-10-01,October,0.31658189216683624
ORD-000864,C-0430,2025-05-17,Website,Buy Now Pay Later,Midwest,2,Sports,204.79,5,10.24,49.82,85.79,0.0,5.94,No,0.0,194.55,141.55,53.0,141.55,True,2025,2025-05-01,May,0.27242354150603953
ORD-000865,C-0611,2025-07-31,Marketplace,Credit Card,West Coast,1,Food & Beverage,57.92,10,5.79,18.04,16.6,7.82,1.81,No,0.0,52.13,44.27,7.86,44.27,True,2025,2025-07-01,July,0.1507769038941109
ORD-000866,C-0677,2025-06-03,Mobile App,Credit Card,Northeast,3,Books,442.18,0,0.0,37.82,152.28,0.0,13.12,No,0.0,442.18,203.22,238.96,203.22,True,2025,2025-06-01,June,0.5404134063051246
ORD-000867,C-0237,2025-01-26,Mobile App,Gift Card,Southeast,2,Toys,153.64,0,0.0,17.0,59.33,0.0,4.76,No,0.0,153.64,81.09,72.55,81.09,True,2025,2025-01-01,January,0.472207758396251
ORD-000868,C-0745,2025-06-28,Mobile App,Buy Now Pay Later,Midwest,4,Electronics,251.43,15,37.71,38.78,113.39,0.0,6.5,No,0.0,213.72,158.67,55.05,158.67000000000002,True,2025,2025-06-01,June,0.25758001122964624
ORD-000869,C-0770,2025-01-27,Website,Buy Now Pay Later,West Coast,1,Electronics,137.96,0,0.0,29.08,50.78,0.0,4.3,No,0.0,137.96,84.16,53.8,84.16,True,2025,2025-01-01,January,0.38996810669759346
ORD-000870,C-0210,2025-06-18,Website,Gift Card,West Coast,1,Beauty,24.02,5,1.2,3.98,10.75,0.0,0.96,No,0.0,22.82,15.69,7.13,15.690000000000001,True,2025,2025-06-01,June,0.3124452234881683
ORD-000871,C-0471,2025-08-05,Website,Buy Now Pay Later,Southeast,2,Electronics,332.52,25,83.13,29.86,133.33,0.0,7.53,No,0.0,249.39,170.72,78.67,170.72,True,2025,2025-08-01,August,0.31544969726131766
ORD-000872,C-0430,2025-03-26,Mobile App,PayPal,Southeast,2,Books,55.0,20,11.0,59.18,26.41,0.0,1.58,No,0.0,44.0,87.17,-43.17,87.17,True,2025,2025-03-01,March,-0.9811363636363637
ORD-000873,C-0581,2025-08-02,Website,Debit Card,Southwest,1,Books,57.93,0,0.0,17.7,18.69,0.0,1.98,Yes,57.93,-0.0,38.37,-38.37,38.37,True,2025,2025-08-01,August,
ORD-000874,C-0183,2025-10-10,Website,PayPal,Southwest,4,Electronics,248.84,0,0.0,46.88,122.24,0.0,7.52,No,0.0,248.84,176.64,72.2,176.64000000000001,True,2025,2025-10-01,October,0.2901462787333226
ORD-000875,C-0375,2024-09-22,Website,PayPal,Northeast,1,Clothing,24.88,5,1.24,7.02,13.77,0.0,0.99,No,0.0,23.64,21.78,1.86,21.779999999999998,True,2024,2024-09-01,September,0.07868020304568528
ORD-000876,C-0588,2024-07-10,Marketplace,PayPal,Midwest,1,Electronics,78.79,0,0.0,13.5,31.36,11.82,2.58,No,0.0,78.79,59.26,19.53,59.26,True,2024,2024-07-01,July,0.24787409569742352
ORD-000877,C-0256,2024-09-25,Marketplace,Credit Card,Southwest,3,Sports,298.53,25,74.63,63.38,137.17,33.58,6.79,No,0.0,223.9,240.92,-17.02,240.92,True,2024,2024-09-01,September,-0.07601607860652076
ORD-000878,C-0639,2025-10-19,Marketplace,Debit Card,Midwest,3,Electronics,120.07,0,0.0,52.64,49.58,18.01,3.78,No,0.0,120.07,124.01,-3.94,124.01,True,2025,2025-10-01,October,-0.03281419172149579
ORD-000879,C-0733,2025-07-05,Website,Gift Card,Midwest,3,Sports,178.51,0,0.0,49.48,57.63,0.0,5.48,No,0.0,178.51,112.59,65.92,112.59,True,2025,2025-07-01,July,0.36927903198700357
ORD-000880,C-0706,2025-10-08,Mobile App,Credit Card,West Coast,2,Home & Kitchen,101.64,0,0.0,21.36,53.46,0.0,3.25,No,0.0,101.64,78.07,23.57,78.07,True,2025,2025-10-01,October,0.2318968909878001
ORD-000881,C-0685,2024-09-27,Mobile App,PayPal,Southwest,1,Toys,57.29,15,8.59,13.18,20.72,0.0,1.71,No,0.0,48.7,35.61,13.09,35.61,True,2024,2024-09-01,September,0.26878850102669405
ORD-000882,C-0633,2025-02-17,Mobile App,Credit Card,Midwest,3,Electronics,649.02,0,0.0,46.78,228.34,0.0,19.12,No,0.0,649.02,294.24,354.78,294.24,True,2025,2025-02-01,February,0.5466395488582786
ORD-000883,C-0306,2025-04-30,Website,Credit Card,Northeast,1,Clothing,89.1,10,8.91,6.78,32.55,0.0,2.63,No,0.0,80.19,41.96,38.23,41.96,True,2025,2025-04-01,April,0.47674273600199524
ORD-000884,C-0645,2025-04-04,Website,Credit Card,Midwest,2,Sports,207.42,5,10.37,25.84,96.19,0.0,6.01,No,0.0,197.05,128.04,69.01,128.04,True,2025,2025-04-01,April,0.35021568129916264
ORD-000885,C-0080,2025-06-01,Website,Credit Card,Northeast,2,Home & Kitchen,41.7,0,0.0,26.36,18.73,0.0,1.51,No,0.0,41.7,46.6,-4.9,46.6,True,2025,2025-06-01,June,-0.11750599520383694
ORD-000886,C-0604,2025-01-29,Website,Debit Card,Southeast,1,Clothing,93.89,10,9.39,6.14,32.81,0.0,2.75,No,0.0,84.5,41.7,42.8,41.7,True,2025,2025-01-01,January,0.506508875739645
ORD-000887,C-0018,2025-03-27,Mobile App,Credit Card,Northeast,4,Beauty,256.18,15,38.43,42.8,80.84,0.0,6.61,No,0.0,217.75,130.25,87.5,130.25,True,2025,2025-03-01,March,0.4018369690011481
ORD-000888,C-0137,2025-08-24,Mobile App,Debit Card,Southwest,1,Toys,93.6,0,0.0,19.8,38.42,0.0,3.01,Yes,93.6,0.0,61.23,-61.23,61.23,True,2025,2025-08-01,August,
ORD-000889,C-0388,2025-04-25,Mobile App,Buy Now Pay Later,Northeast,1,Clothing,21.55,0,0.0,15.1,12.4,0.0,0.92,No,0.0,21.55,28.42,-6.87,28.42,True,2025,2025-04-01,April,-0.3187935034802784
ORD-000890,C-0655,2024-11-03,Marketplace,PayPal,West Coast,1,Clothing,37.86,0,0.0,9.02,26.84,5.68,1.4,Yes,37.86,0.0,42.94,-42.94,42.94,True,2024,2024-11-01,November,
ORD-000891,C-0640,2024-12-23,Mobile App,Debit Card,Northeast,2,Sports,258.98,10,25.9,58.86,127.65,0.0,7.06,No,0.0,233.08,193.57,39.51,193.57,True,2024,2024-12-01,December,0.1695126136948687
ORD-000892,C-0340,2024-10-18,Mobile App,Credit Card,Southeast,1,Food & Beverage,54.32,10,5.43,22.68,27.28,0.0,1.72,No,0.0,48.89,51.68,-2.79,51.68,True,2024,2024-10-01,October,-0.05706688484352628
ORD-000893,C-0121,2025-04-09,Marketplace,PayPal,West Coast,2,Home & Kitchen,81.36,0,0.0,15.0,32.67,12.2,2.66,No,0.0,81.36,62.53,18.83,62.53,True,2025,2025-04-01,April,0.23144051130776794
ORD-000894,C-0164,2025-08-03,Mobile App,PayPal,Southwest,2,Beauty,54.82,15,8.22,24.84,27.36,0.0,1.65,No,0.0,46.6,53.85,-7.25,53.85,True,2025,2025-08-01,August,-0.1555793991416309
ORD-000895,C-0207,2025-10-31,Website,Credit Card,Southwest,4,Electronics,387.59,0,0.0,45.92,138.61,0.0,11.54,No,0.0,387.59,196.07,191.52,196.07000000000002,True,2025,2025-10-01,October,0.4941303955210403
ORD-000896,C-0530,2025-05-16,Website,Debit Card,Southwest,3,Home & Kitchen,248.2,0,0.0,53.82,109.97,0.0,7.5,No,0.0,248.2,171.29,76.91,171.29,True,2025,2025-05-01,May,0.30987107171635775
ORD-000897,C-0644,2025-06-16,Website,Credit Card,Midwest,1,Electronics,236.37,0,0.0,40.5,94.08,0.0,7.15,No,0.0,236.37,141.73,94.64,141.73,True,2025,2025-06-01,June,0.40038922029022295
ORD-000898,C-0329,2025-08-11,Social Commerce,Buy Now Pay Later,Southwest,2,Clothing,50.72,10,5.07,21.8,23.66,3.65,1.62,No,0.0,45.65,50.73,-5.08,50.73,True,2025,2025-08-01,August,-0.11128148959474261
ORD-000899,C-0114,2024-10-02,Mobile App,Credit Card,West Coast,2,Electronics,338.82,0,0.0,34.08,144.59,0.0,10.13,No,0.0,338.82,188.8,150.02,188.8,True,2024,2024-10-01,October,0.44277197331916657
ORD-000900,C-0541,2024-12-05,Website,Credit Card,West Coast,1,Clothing,64.56,5,3.23,4.86,32.67,0.0,2.08,No,0.0,61.33,39.61,21.72,39.61,True,2024,2024-12-01,December,0.3541496820479374
ORD-000901,C-0046,2025-07-13,Mobile App,Credit Card,Southeast,1,Sports,19.26,15,2.89,5.26,7.33,0.0,0.77,Yes,16.37,0.0,13.36,-13.36,13.36,True,2025,2025-07-01,July,
ORD-000902,C-0555,2025-11-26,Website,Credit Card,Southeast,2,Toys,184.13,15,27.62,22.28,56.37,0.0,4.84,No,0.0,156.51,83.49,73.02,83.49000000000001,True,2025,2025-11-01,November,0.4665516580410197
ORD-000903,C-0414,2024-12-08,Mobile App,Debit Card,Northeast,3,Food & Beverage,217.53,25,54.38,47.76,78.54,0.0,5.03,No,0.0,163.15,131.33,31.82,131.33,True,2024,2024-12-01,December,0.19503524364082134
ORD-000904,C-0266,2025-10-10,Mobile App,Credit Card,Southeast,1,Toys,114.58,0,0.0,26.36,41.44,0.0,3.62,No,0.0,114.58,71.42,43.16,71.42,True,2025,2025-10-01,October,0.376680048874149
ORD-000905,C-0781,2024-12-11,Mobile App,Debit Card,Southwest,1,Food & Beverage,345.27,0,0.0,24.66,101.85,0.0,10.31,Yes,345.27,0.0,136.82,-136.82,136.82,True,2024,2024-12-01,December,
ORD-000906,C-0367,2024-03-11,Marketplace,PayPal,Southwest,1,Beauty,47.32,10,4.73,9.1,20.94,6.39,1.54,Yes,42.59,0.0,37.97,-37.97,37.97,True,2024,2024-03-01,March,
ORD-000907,C-0126,2025-11-02,Mobile App,Credit Card,Southwest,2,Electronics,244.37,5,12.22,19.16,79.48,0.0,7.03,Yes,232.15,0.0,105.67,-105.67,105.67,True,2025,2025-11-01,November,
ORD-000908,C-0037,2024-06-29,Social Commerce,Debit Card,Northeast,3,Beauty,150.43,5,7.52,30.72,80.0,11.43,4.44,No,0.0,142.91,126.59,16.32,126.59,True,2024,2024-06-01,June,0.11419774683367155
ORD-000909,C-0488,2024-10-21,Website,PayPal,Southwest,1,Clothing,27.32,5,1.37,21.24,9.38,0.0,1.05,No,0.0,25.95,31.67,-5.72,31.669999999999998,True,2024,2024-10-01,October,-0.22042389210019267
ORD-000910,C-0287,2024-03-13,Mobile App,Debit Card,Midwest,3,Clothing,218.79,10,21.88,19.38,74.0,0.0,6.01,No,0.0,196.91,99.39,97.52,99.39,True,2024,2024-03-01,March,0.49525163780407294
ORD-000911,C-0198,2025-01-14,Website,Credit Card,West Coast,1,Clothing,40.89,10,4.09,15.1,16.21,0.0,1.37,No,0.0,36.8,32.68,4.12,32.68,True,2025,2025-01-01,January,0.11195652173913044
ORD-000912,C-0170,2025-02-27,Marketplace,Credit Card,Southwest,2,Books,36.87,0,0.0,16.36,16.16,5.53,1.37,No,0.0,36.87,39.42,-2.55,39.419999999999995,True,2025,2025-02-01,February,-0.0691619202603743
ORD-000913,C-0087,2025-04-16,Social Commerce,Credit Card,Southwest,1,Sports,19.26,25,4.82,5.26,7.33,1.16,0.72,No,0.0,14.44,14.47,-0.03,14.47,True,2025,2025-04-01,April,-0.002077562326869806
ORD-000914,C-0495,2024-01-28,Website,Credit Card,Southwest,3,Electronics,222.43,0,0.0,49.82,91.05,0.0,6.75,No,0.0,222.43,147.62,74.81,147.62,True,2024,2024-01-01,January,0.3363305309535584
ORD-000915,C-0666,2025-11-19,Social Commerce,Credit Card,Southwest,2,Clothing,178.24,10,17.82,25.48,59.17,12.83,4.95,No,0.0,160.42,102.43,57.99,102.43,True,2025,2025-11-01,November,0.36148859244483234
ORD-000916,C-0554,2025-06-16,Marketplace,PayPal,Midwest,2,Food & Beverage,116.6,10,11.66,30.18,75.82,15.74,3.34,No,0.0,104.94,125.08,-20.14,125.08,True,2025,2025-06-01,June,-0.19191919191919193
ORD-000917,C-0690,2025-05-29,Website,Credit Card,Southeast,2,Books,124.02,0,0.0,38.72,49.9,0.0,3.9,No,0.0,124.02,92.52,31.5,92.52000000000001,True,2025,2025-05-01,May,0.2539912917271408
ORD-000918,C-0395,2025-10-07,Social Commerce,Credit Card,West Coast,3,Electronics,254.34,10,25.43,60.82,119.59,18.31,6.94,No,0.0,228.91,205.66,23.25,205.66,True,2025,2025-10-01,October,0.10156830195273252
ORD-000919,C-0352,2024-11-24,Marketplace,Credit Card,West Coast,3,Books,168.0,0,0.0,61.56,61.98,25.2,5.17,No,0.0,168.0,153.91,14.09,153.90999999999997,True,2024,2024-11-01,November,0.08386904761904762
ORD-000920,C-0666,2025-07-25,Marketplace,Credit Card,West Coast,1,Books,11.04,10,1.1,15.64,6.76,1.49,0.59,No,0.0,9.94,24.48,-14.54,24.479999999999997,True,2025,2025-07-01,July,-1.4627766599597585
ORD-000921,C-0675,2025-12-04,Website,Debit Card,Northeast,2,Food & Beverage,146.66,0,0.0,15.48,45.06,0.0,4.55,No,0.0,146.66,65.09,81.57,65.09,True,2025,2025-12-01,December,0.5561843720169098
ORD-000922,C-0677,2024-05-11,Website,Credit Card,Southwest,2,Home & Kitchen,76.03,10,7.6,26.04,33.65,0.0,2.28,No,0.0,68.43,61.97,6.46,61.97,True,2024,2024-05-01,May,0.0944030396025135
ORD-000923,C-0720,2025-08-05,Mobile App,PayPal,Southeast,2,Toys,79.33,15,11.9,22.68,36.65,0.0,2.26,No,0.0,67.43,61.59,5.84,61.589999999999996,True,2025,2025-08-01,August,0.08660833456918285
ORD-000924,C-0693,2025-01-12,Website,Credit Card,Midwest,5,Beauty,239.79,5,11.99,35.32,95.59,0.0,6.91,No,0.0,227.8,137.82,89.98,137.82,True,2025,2025-01-01,January,0.39499561018437224
ORD-000925,C-0175,2025-04-22,Social Commerce,PayPal,Southwest,1,Clothing,59.15,0,0.0,9.98,19.36,4.73,2.02,No,0.0,59.15,36.09,23.06,36.09,True,2025,2025-04-01,April,0.38985629754860524
ORD-000926,C-0163,2025-01-15,Website,PayPal,Southeast,2,Sports,131.44,0,0.0,22.28,55.67,0.0,4.11,No,0.0,131.44,82.06,49.38,82.06,True,2025,2025-01-01,January,0.37568472306755935
ORD-000927,C-0629,2025-08-02,Marketplace,Credit Card,Southeast,1,Food & Beverage,106.92,0,0.0,39.54,31.32,16.04,3.4,No,0.0,106.92,90.3,16.62,90.30000000000001,True,2025,2025-08-01,August,0.1554433221099888
ORD-000928,C-0077,2024-10-06,Marketplace,Credit Card,Midwest,1,Sports,69.38,15,10.41,14.3,27.03,8.85,2.01,No,0.0,58.97,52.19,6.78,52.19,True,2024,2024-10-01,October,0.11497371544853316
ORD-000929,C-0066,2025-08-01,Mobile App,Credit Card,Southwest,2,Sports,217.38,0,0.0,8.6,76.37,0.0,6.6,No,0.0,217.38,91.57,125.81,91.57,True,2025,2025-08-01,August,0.5787560953169565
ORD-000930,C-0772,2025-01-24,Mobile App,PayPal,Southeast,3,Electronics,338.0,5,16.9,33.14,117.26,0.0,9.61,No,0.0,321.1,160.01,161.09,160.01,True,2025,2025-01-01,January,0.501681719090626
ORD-000931,C-0665,2024-08-16,Website,PayPal,Northeast,3,Books,99.77,0,0.0,44.88,47.99,0.0,3.19,No,0.0,99.77,96.06,3.71,96.06,True,2024,2024-08-01,August,0.0371855267114363
ORD-000932,C-0156,2025-06-28,Marketplace,Debit Card,Northeast,2,Clothing,102.88,15,15.43,25.78,42.07,13.12,2.84,No,0.0,87.45,83.81,3.64,83.81,True,2025,2025-06-01,June,0.04162378502001143
ORD-000933,C-0165,2025-02-15,Mobile App,Buy Now Pay Later,Southwest,1,Books,33.6,20,6.72,8.28,16.5,0.0,1.08,No,0.0,26.88,25.86,1.02,25.86,True,2025,2025-02-01,February,0.037946428571428575
ORD-000934,C-0589,2024-02-05,Website,PayPal,Southeast,1,Sports,29.59,15,4.44,4.7,12.42,0.0,1.03,No,0.0,25.15,18.15,7.0,18.150000000000002,True,2024,2024-02-01,February,0.2783300198807157
ORD-000935,C-0133,2025-02-27,Website,Debit Card,West Coast,1,Toys,69.12,10,6.91,9.1,20.88,0.0,2.1,No,0.0,62.21,32.08,30.13,32.08,True,2025,2025-02-01,February,0.48432727857257674
ORD-000936,C-0257,2024-11-01,Social Commerce,Debit Card,West Coast,1,Books,33.6,0,0.0,8.28,16.5,2.69,1.27,No,0.0,33.6,28.74,4.86,28.740000000000002,True,2024,2024-11-01,November,0.14464285714285716
ORD-000937,C-0617,2025-07-27,Mobile App,Gift Card,Southwest,3,Electronics,127.74,0,0.0,24.82,57.35,0.0,4.0,No,0.0,127.74,86.17,41.57,86.17,True,2025,2025-07-01,July,0.32542664787850323
ORD-000938,C-0573,2025-12-23,Marketplace,Credit Card,Midwest,1,Electronics,68.98,20,13.8,14.54,25.39,8.28,1.9,No,0.0,55.18,50.11,5.07,50.11,True,2025,2025-12-01,December,0.09188111634650237
ORD-000939,C-0580,2025-01-18,Social Commerce,Credit Card,West Coast,1,Clothing,7.77,0,0.0,4.7,4.58,0.62,0.53,No,0.0,7.77,10.43,-2.66,10.43,True,2025,2025-01-01,January,-0.3423423423423424
ORD-000940,C-0116,2025-03-19,Website,PayPal,Southwest,2,Books,37.73,15,5.66,30.82,13.94,0.0,1.23,No,0.0,32.07,45.99,-13.92,45.989999999999995,True,2025,2025-03-01,March,-0.43405051449953225
ORD-000941,C-0594,2025-04-01,Website,Credit Card,Midwest,2,Home & Kitchen,261.98,10,26.2,27.78,90.32,0.0,7.14,No,0.0,235.78,125.24,110.54,125.24,True,2025,2025-04-01,April,0.46882687250827043
ORD-000942,C-0582,2025-06-25,Social Commerce,Buy Now Pay Later,Southwest,1,Clothing,89.1,25,22.27,6.78,32.55,5.35,2.24,No,0.0,66.83,46.92,19.91,46.92,True,2025,2025-06-01,June,0.2979200957653748
ORD-000943,C-0012,2025-12-19,Website,Buy Now Pay Later,West Coast,4,Books,293.79,25,73.45,81.18,96.76,0.0,6.69,Yes,220.34,-0.0,184.63,-184.63,184.63,True,2025,2025-12-01,December,
ORD-000944,C-0076,2024-10-16,Social Commerce,PayPal,Southeast,2,Toys,51.66,0,0.0,13.32,17.52,4.13,1.8,No,0.0,51.66,36.77,14.89,36.769999999999996,True,2024,2024-10-01,October,0.2882307394502517
ORD-000945,C-0681,2024-11-28,Mobile App,PayPal,Midwest,1,Toys,39.9,5,2.0,8.92,13.66,0.0,1.4,No,0.0,37.9,23.98,13.92,23.979999999999997,True,2024,2024-11-01,November,0.36728232189973614
ORD-000946,C-0077,2025-04-02,Mobile App,Buy Now Pay Later,Midwest,1,Home & Kitchen,309.44,5,15.47,23.0,95.1,0.0,8.83,No,0.0,293.97,126.93,167.04,126.92999999999999,True,2025,2025-04-01,April,0.5682212470660271
ORD-000947,C-0331,2025-06-28,Mobile App,Debit Card,Southwest,3,Clothing,199.91,0,0.0,42.48,81.98,0.0,6.1,No,0.0,199.91,130.56,69.35,130.56,True,2025,2025-06-01,June,0.3469061077484868
ORD-000948,C-0549,2025-10-11,Mobile App,Credit Card,Southeast,1,Beauty,24.02,25,6.0,3.98,10.75,0.0,0.82,No,0.0,18.02,15.55,2.47,15.55,True,2025,2025-10-01,October,0.13706992230854606
ORD-000949,C-0592,2025-07-17,Website,Credit Card,Midwest,1,Beauty,24.02,10,2.4,3.98,10.75,0.0,0.93,No,0.0,21.62,15.66,5.96,15.66,True,2025,2025-07-01,July,0.27567067530064754
ORD-000950,C-0687,2025-09-21,Website,Gift Card,Northeast,1,Toys,10.05,0,0.0,9.18,6.91,0.0,0.59,Yes,10.05,0.0,16.68,-16.68,16.68,True,2025,2025-09-01,September,
ORD-000951,C-0631,2024-12-30,Marketplace,Debit Card,West Coast,1,Toys,14.74,10,1.47,5.58,4.57,1.99,0.68,No,0.0,13.27,12.82,0.45,12.82,True,2024,2024-12-01,December,0.03391107761868877
ORD-000952,C-0230,2025-03-05,Mobile App,Credit Card,Northeast,1,Clothing,50.16,20,10.03,15.1,23.95,0.0,1.46,Yes,40.13,-0.0,40.51,-40.51,40.51,True,2025,2025-03-01,March,
ORD-000953,C-0435,2025-02-25,Website,PayPal,Southeast,2,Clothing,97.73,25,24.43,17.48,32.33,0.0,2.43,No,0.0,73.3,52.24,21.06,52.24,True,2025,2025-02-01,February,0.28731241473396996
ORD-000954,C-0089,2025-09-08,Website,Debit Card,Southeast,1,Beauty,24.02,0,0.0,3.98,10.75,0.0,1.0,No,0.0,24.02,15.73,8.29,15.73,True,2025,2025-09-01,September,0.34512905911740216
ORD-000955,C-0472,2024-10-25,Mobile App,Credit Card,West Coast,1,Food & Beverage,28.96,5,1.45,9.02,8.3,0.0,1.1,No,0.0,27.51,18.42,9.09,18.42,True,2024,2024-10-01,October,0.3304252998909487
ORD-000956,C-0458,2024-04-14,Website,Credit Card,Southeast,2,Beauty,36.83,15,5.52,19.8,14.82,0.0,1.21,No,0.0,31.31,35.83,-4.52,35.830000000000005,True,2024,2024-04-01,April,-0.1443628233791121
ORD-000957,C-0712,2024-11-27,Social Commerce,Credit Card,Southwest,1,Clothing,95.89,0,0.0,9.34,27.4,7.67,3.08,No,0.0,95.89,47.49,48.4,47.489999999999995,True,2024,2024-11-01,November,0.5047450203358014
ORD-000958,C-0551,2024-10-02,Mobile App,Credit Card,West Coast,1,Sports,34.8,0,0.0,24.6,14.46,0.0,1.31,No,0.0,34.8,40.37,-5.57,40.370000000000005,True,2024,2024-10-01,October,-0.16005747126436784
ORD-000959,C-0201,2025-12-08,Mobile App,PayPal,Southeast,2,Toys,247.18,0,0.0,34.74,76.13,0.0,7.47,No,0.0,247.18,118.34,128.84,118.34,True,2025,2025-12-01,December,0.5212395824904927
ORD-000960,C-0462,2025-07-25,Website,PayPal,Midwest,4,Clothing,329.65,0,0.0,44.56,113.49,0.0,9.86,No,0.0,329.65,167.91,161.74,167.91000000000003,True,2025,2025-07-01,July,0.4906415895646899
ORD-000961,C-0396,2025-09-22,Marketplace,Buy Now Pay Later,Southeast,1,Food & Beverage,54.32,0,0.0,22.68,27.28,8.15,1.88,No,0.0,54.32,59.99,-5.67,59.99,True,2025,2025-09-01,September,-0.10438144329896908
ORD-000962,C-0611,2025-10-10,Website,Debit Card,West Coast,1,Home & Kitchen,115.01,15,17.25,13.18,35.49,0.0,3.14,No,0.0,97.76,51.81,45.95,51.81,True,2025,2025-10-01,October,0.4700286415711948
ORD-000963,C-0086,2024-08-21,Social Commerce,Credit Card,Southeast,4,Books,329.37,10,32.94,37.4,121.0,23.71,8.9,Yes,296.43,0.0,191.01,-191.01,191.01000000000002,True,2024,2024-08-01,August,
ORD-000964,C-0147,2025-12-12,Mobile App,PayPal,Midwest,1,Clothing,37.86,0,0.0,9.02,26.84,0.0,1.4,No,0.0,37.86,37.26,0.6,37.26,True,2025,2025-12-01,December,0.01584786053882726
ORD-000965,C-0225,2025-05-26,Marketplace,Credit Card,Northeast,3,Home & Kitchen,123.91,0,0.0,33.76,63.47,18.59,3.89,No,0.0,123.91,119.71,4.2,119.71,True,2025,2025-05-01,May,0.03389556936486159
ORD-000966,C-0099,2025-02-26,Website,PayPal,Northeast,1,Toys,124.51,0,0.0,5.98,38.53,0.0,3.91,Yes,124.51,0.0,48.42,-48.42,48.42,True,2025,2025-02-01,February,
ORD-000967,C-0561,2025-06-04,Social Commerce,Credit Card,Southwest,4,Electronics,166.54,20,33.31,63.26,72.11,10.66,4.16,No,0.0,133.23,150.19,-16.96,150.19,True,2025,2025-06-01,June,-0.12729865645875554
ORD-000968,C-0306,2025-04-06,Website,Gift Card,Southeast,4,Beauty,266.84,25,66.71,51.1,109.91,0.0,6.1,No,0.0,200.13,167.11,33.02,167.10999999999999,True,2025,2025-04-01,April,0.1649927547094389
ORD-000969,C-0371,2025-04-16,Website,Credit Card,Southwest,1,Books,6.98,0,0.0,20.76,4.34,0.0,0.5,No,0.0,6.98,25.6,-18.62,25.6,True,2025,2025-04-01,April,-2.6676217765042978
ORD-000970,C-0705,2025-03-25,Mobile App,Credit Card,West Coast,2,Sports,71.44,0,0.0,16.58,36.6,0.0,2.37,No,0.0,71.44,55.55,15.89,55.55,True,2025,2025-03-01,March,0.22242441209406497
ORD-000971,C-0130,2024-11-24,Mobile App,Buy Now Pay Later,West Coast,4,Electronics,224.07,5,11.2,50.06,91.37,0.0,6.47,No,0.0,212.87,147.9,64.97,147.9,True,2024,2024-11-01,November,0.3052097524310612
ORD-000972,C-0058,2025-05-04,Website,PayPal,West Coast,1,Sports,121.03,0,0.0,4.78,37.76,0.0,3.81,No,0.0,121.03,46.35,74.68,46.35,True,2025,2025-05-01,May,0.6170370982401058
ORD-000973,C-0008,2025-02-10,Mobile App,Debit Card,Southwest,1,Toys,40.89,10,4.09,7.18,11.78,0.0,1.37,No,0.0,36.8,20.33,16.47,20.330000000000002,True,2025,2025-02-01,February,0.44755434782608694
ORD-000974,C-0304,2025-04-22,Marketplace,Debit Card,Midwest,2,Electronics,531.0,25,132.75,37.7,170.82,59.74,11.85,No,0.0,398.25,280.11,118.14,280.11,True,2025,2025-04-01,April,0.2966478342749529
ORD-000975,C-0316,2025-07-26,Website,Debit Card,Midwest,3,Books,91.42,0,0.0,35.86,49.98,0.0,2.95,No,0.0,91.42,88.79,2.63,88.79,True,2025,2025-07-01,July,0.02876832203019033
ORD-000976,C-0059,2025-09-17,Marketplace,Debit Card,Midwest,2,Electronics,66.66,0,0.0,36.98,43.3,10.0,2.23,No,0.0,66.66,92.51,-25.85,92.51,True,2025,2025-09-01,September,-0.3877887788778878
ORD-000977,C-0061,2025-07-16,Mobile App,Gift Card,Southwest,2,Food & Beverage,108.67,0,0.0,20.04,44.03,0.0,3.45,No,0.0,108.67,67.52,41.15,67.52,True,2025,2025-07-01,July,0.378669365970369
ORD-000978,C-0249,2025-06-05,Marketplace,Buy Now Pay Later,West Coast,3,Sports,209.24,20,41.85,49.42,73.82,25.11,5.15,No,0.0,167.39,153.5,13.89,153.5,True,2025,2025-06-01,June,0.08297986737558995
ORD-000979,C-0626,2025-03-08,Mobile App,Credit Card,Southeast,2,Clothing,268.27,0,0.0,26.88,120.41,0.0,8.08,No,0.0,268.27,155.37,112.9,155.37,True,2025,2025-03-01,March,0.4208446714131286
ORD-000980,C-0158,2024-12-28,Website,Credit Card,Midwest,1,Toys,82.29,0,0.0,13.02,37.65,0.0,2.69,No,0.0,82.29,53.36,28.93,53.36,True,2024,2024-12-01,December,0.35156155061368327
ORD-000981,C-0795,2025-03-28,Mobile App,Gift Card,Northeast,2,Electronics,104.71,15,15.71,8.52,31.93,0.0,2.88,Yes,89.0,0.0,43.33,-43.33,43.330000000000005,True,2025,2025-03-01,March,
ORD-000982,C-0712,2025-03-08,Marketplace,Buy Now Pay Later,Midwest,2,Sports,125.24,0,0.0,23.56,61.82,18.79,3.93,No,0.0,125.24,108.1,17.14,108.1,True,2025,2025-03-01,March,0.13685723411050785
ORD-000983,C-0286,2025-02-09,Website,Buy Now Pay Later,West Coast,2,Sports,61.13,20,12.23,18.76,25.22,0.0,1.72,No,0.0,48.9,45.7,3.2,45.7,True,2025,2025-02-01,February,0.065439672801636
ORD-000984,C-0015,2025-08-18,Mobile App,Credit Card,West Coast,1,Books,16.19,0,0.0,14.7,5.89,0.0,0.77,No,0.0,16.19,21.36,-5.17,21.36,True,2025,2025-08-01,August,-0.3193329215565163
ORD-000985,C-0476,2025-04-10,Mobile App,PayPal,Southwest,3,Food & Beverage,303.06,0,0.0,47.6,99.47,0.0,9.09,No,0.0,303.06,156.16,146.9,156.16,True,2025,2025-04-01,April,0.4847224971952749
ORD-000986,C-0323,2025-10-02,Mobile App,Debit Card,Southeast,1,Sports,29.59,0,0.0,4.7,12.42,0.0,1.16,No,0.0,29.59,18.28,11.31,18.28,True,2025,2025-10-01,October,0.3822237242311592
ORD-000987,C-0711,2025-05-18,Marketplace,Debit Card,Southwest,2,Sports,58.65,10,5.87,15.56,35.9,7.92,1.83,No,0.0,52.78,61.21,-8.43,61.21,True,2025,2025-05-01,May,-0.1597195907540735
ORD-000988,C-0462,2024-10-01,Marketplace,Credit Card,Midwest,2,Clothing,91.83,5,4.59,39.38,39.33,13.09,2.83,No,0.0,87.24,94.63,-7.39,94.63000000000001,True,2024,2024-10-01,October,-0.08470884915176524
ORD-000989,C-0699,2025-06-01,Marketplace,Debit Card,West Coast,1,Electronics,68.98,0,0.0,14.54,25.39,10.35,2.3,No,0.0,68.98,52.58,16.4,52.58,True,2025,2025-06-01,June,0.23775007248477817
ORD-000990,C-0011,2025-05-24,Website,Credit Card,Northeast,2,Sports,528.27,10,52.83,31.8,176.52,0.0,14.09,No,0.0,475.44,222.41,253.03,222.41000000000003,True,2025,2025-05-01,May,0.5322017499579337
ORD-000991,C-0472,2025-01-07,Mobile App,Credit Card,Northeast,3,Beauty,74.17,20,14.83,31.54,32.84,0.0,2.02,No,0.0,59.34,66.4,-7.06,66.39999999999999,True,2025,2025-01-01,January,-0.11897539602291876
ORD-000992,C-0283,2024-05-06,Marketplace,Gift Card,Southwest,1,Beauty,63.78,5,3.19,3.9,23.51,9.09,2.06,No,0.0,60.59,38.56,22.03,38.56,True,2024,2024-05-01,May,0.36359135170820267
ORD-000993,C-0639,2024-12-27,Mobile App,PayPal,West Coast,4,Toys,322.27,10,32.23,36.52,146.07,0.0,8.71,No,0.0,290.04,191.3,98.74,191.3,True,2024,2024-12-01,December,0.34043580195835055
ORD-000994,C-0299,2025-06-13,Mobile App,Credit Card,Midwest,2,Sports,208.79,10,20.88,13.96,73.02,0.0,5.75,No,0.0,187.91,92.73,95.18,92.72999999999999,True,2025,2025-06-01,June,0.5065190782821564
ORD-000995,C-0776,2024-05-24,Website,Credit Card,Northeast,2,Electronics,292.46,0,0.0,30.8,95.22,0.0,8.78,No,0.0,292.46,134.8,157.66,134.79999999999998,True,2024,2024-05-01,May,0.5390822676605348
ORD-000996,C-0589,2024-12-09,Social Commerce,PayPal,Southwest,2,Home & Kitchen,178.95,0,0.0,18.2,60.52,14.32,5.49,No,0.0,178.95,98.53,80.42,98.52999999999999,True,2024,2024-12-01,December,0.449399273540095
ORD-000997,C-0791,2025-03-01,Mobile App,Credit Card,Southwest,2,Toys,465.84,15,69.88,55.42,142.57,0.0,11.78,No,0.0,395.96,209.77,186.19,209.77,True,2025,2025-03-01,March,0.47022426507728055
ORD-000998,C-0171,2025-07-12,Website,Debit Card,Northeast,2,Beauty,39.71,10,3.97,13.32,15.42,0.0,1.34,No,0.0,35.74,30.08,5.66,30.080000000000002,True,2025,2025-07-01,July,0.15836597649692222
ORD-000999,C-0231,2024-12-19,Website,Debit Card,Midwest,1,Sports,48.46,10,4.85,13.4,25.94,0.0,1.56,No,0.0,43.61,40.9,2.71,40.900000000000006,True,2024,2024-12-01,December,0.062141710616831
ORD-001000,C-0087,2024-06-10,Marketplace,Debit Card,West Coast,2,Sports,116.26,0,0.0,30.18,70.19,17.44,3.67,No,0.0,116.26,121.48,-5.22,121.48,True,2024,2024-06-01,June,-0.04489936349561328
ORD-001001,C-0060,2025-07-08,Mobile App,PayPal,Southwest,1,Food & Beverage,106.92,0,0.0,39.54,31.32,0.0,3.4,Yes,106.92,0.0,74.26,-74.26,74.26,True,2025,2025-07-01,July,
ORD-001002,C-0665,2025-07-03,Social Commerce,Credit Card,Midwest,1,Electronics,43.34,0,0.0,9.58,15.91,3.47,1.56,No,0.0,43.34,30.52,12.82,30.52,True,2025,2025-07-01,July,0.29580064605445316
ORD-001003,C-0566,2025-05-29,Website,Credit Card,West Coast,2,Clothing,274.86,0,0.0,26.74,86.95,0.0,8.27,No,0.0,274.86,121.96,152.9,121.96,True,2025,2025-05-01,May,0.5562831987193481
ORD-001004,C-0594,2025-10-19,Mobile App,Credit Card,West Coast,2,Electronics,77.21,0,0.0,15.0,25.6,0.0,2.54,No,0.0,77.21,43.14,34.07,43.14,True,2025,2025-10-01,October,0.4412640849630877
ORD-001005,C-0449,2025-07-29,Mobile App,Debit Card,Northeast,1,Home & Kitchen,54.48,20,10.9,10.94,21.25,0.0,1.56,No,0.0,43.58,33.75,9.83,33.75,True,2025,2025-07-01,July,0.2255621844882974
ORD-001006,C-0473,2025-03-16,Website,Gift Card,Southwest,2,Home & Kitchen,264.13,20,52.83,32.78,120.96,0.0,6.43,No,0.0,211.3,160.17,51.13,160.17000000000002,True,2025,2025-03-01,March,0.24197823000473262
ORD-001007,C-0013,2025-04-07,Mobile App,PayPal,Southwest,4,Clothing,425.26,0,0.0,94.62,202.93,0.0,12.63,No,0.0,425.26,310.18,115.08,310.18,True,2025,2025-04-01,April,0.2706109203781216
ORD-001008,C-0377,2025-06-19,Marketplace,PayPal,West Coast,1,Home & Kitchen,149.66,0,0.0,9.56,52.3,22.45,4.64,Yes,149.66,0.0,88.95,-88.95,88.95,True,2025,2025-06-01,June,
ORD-001009,C-0468,2024-11-05,Website,Debit Card,Northeast,4,Clothing,347.7,0,0.0,73.84,138.67,0.0,10.38,No,0.0,347.7,222.89,124.81,222.89,True,2024,2024-11-01,November,0.35895887259131437
ORD-001010,C-0293,2025-09-07,Marketplace,Credit Card,Southwest,1,Food & Beverage,124.02,5,6.2,33.54,65.52,17.67,3.72,No,0.0,117.82,120.45,-2.63,120.45,True,2025,2025-09-01,September,-0.022322186386012563
ORD-001011,C-0273,2025-02-08,Marketplace,Credit Card,Midwest,1,Books,26.5,5,1.32,5.5,8.06,3.78,1.03,No,0.0,25.18,18.37,6.81,18.37,True,2025,2025-02-01,February,0.2704527402700556
ORD-001012,C-0075,2025-11-21,Website,Debit Card,Midwest,1,Sports,94.8,5,4.74,23.96,64.78,0.0,2.91,No,0.0,90.06,91.65,-1.59,91.65,True,2025,2025-11-01,November,-0.01765489673550966
ORD-001013,C-0768,2024-10-06,Mobile App,Debit Card,Southwest,1,Home & Kitchen,51.31,10,5.13,10.06,25.87,0.0,1.64,No,0.0,46.18,37.57,8.61,37.57,True,2024,2024-10-01,October,0.18644434820268513
ORD-001014,C-0392,2025-04-08,Website,Buy Now Pay Later,Northeast,2,Toys,238.18,5,11.91,49.84,137.4,0.0,6.86,No,0.0,226.27,194.1,32.17,194.10000000000002,True,2025,2025-04-01,April,0.1421752773235515
ORD-001015,C-0543,2025-01-31,Marketplace,Credit Card,Northeast,1,Clothing,100.26,0,0.0,8.44,63.28,15.04,3.21,No,0.0,100.26,89.97,10.29,89.96999999999998,True,2025,2025-01-01,January,0.10263315380011967
ORD-001016,C-0208,2024-06-28,Mobile App,Buy Now Pay Later,West Coast,2,Electronics,347.15,5,17.36,39.5,110.14,0.0,9.86,No,0.0,329.79,159.5,170.29,159.5,True,2024,2024-06-01,June,0.5163588950544286
ORD-001017,C-0141,2025-03-21,Mobile App,Credit Card,Northeast,1,Food & Beverage,111.44,0,0.0,9.02,36.34,0.0,3.53,No,0.0,111.44,48.89,62.55,48.89,True,2025,2025-03-01,March,0.5612885857860732
ORD-001018,C-0701,2024-09-30,Website,Debit Card,West Coast,2,Books,111.99,5,5.6,21.96,32.82,0.0,3.39,No,0.0,106.39,58.17,48.22,58.17,True,2024,2024-09-01,September,0.4532380862863051
ORD-001019,C-0639,2024-09-11,Mobile App,PayPal,Midwest,3,Sports,213.74,20,42.75,29.84,87.27,0.0,5.26,No,0.0,170.99,122.37,48.62,122.37,True,2024,2024-09-01,September,0.2843441136908591
ORD-001020,C-0473,2025-05-14,Marketplace,Credit Card,Southwest,1,Electronics,35.03,10,3.5,9.98,11.54,4.73,1.21,No,0.0,31.53,27.46,4.07,27.46,True,2025,2025-05-01,May,0.12908341262289882
ORD-001021,C-0151,2024-09-03,Mobile App,Credit Card,Midwest,1,Books,23.61,0,0.0,8.22,7.31,0.0,0.98,No,0.0,23.61,16.51,7.1,16.51,True,2024,2024-09-01,September,0.30072003388394747
ORD-001022,C-0028,2025-01-01,Website,PayPal,Southwest,1,Sports,39.82,0,0.0,5.66,24.86,0.0,1.45,No,0.0,39.82,31.97,7.85,31.97,True,2025,2025-01-01,January,0.1971371170266198
ORD-001023,C-0076,2024-04-04,Mobile App,Credit Card,Southwest,4,Home & Kitchen,468.77,5,23.44,58.36,196.12,0.0,13.21,No,0.0,445.33,267.69,177.64,267.69,True,2024,2024-04-01,April,0.39889520131138706
ORD-001024,C-0205,2024-12-12,Mobile App,Debit Card,Northeast,3,Clothing,182.15,10,18.21,45.52,77.4,0.0,5.05,No,0.0,163.94,127.97,35.97,127.97000000000001,True,2024,2024-12-01,December,0.21940954007563743
ORD-001025,C-0471,2025-02-09,Marketplace,PayPal,Southwest,1,Sports,29.16,25,7.29,18.2,8.72,3.28,0.93,No,0.0,21.87,31.13,-9.26,31.130000000000003,True,2025,2025-02-01,February,-0.423411065386374
ORD-001026,C-0546,2025-08-02,Social Commerce,Credit Card,Northeast,3,Toys,218.06,0,0.0,67.08,86.28,17.44,6.62,No,0.0,218.06,177.42,40.64,177.42000000000002,True,2025,2025-08-01,August,0.18637072365404017
ORD-001027,C-0475,2025-06-01,Marketplace,Buy Now Pay Later,West Coast,1,Books,61.22,20,12.24,19.8,18.36,7.35,1.72,No,0.0,48.98,47.23,1.75,47.23,True,2025,2025-06-01,June,0.03572886892609228
ORD-001028,C-0229,2024-07-25,Website,Credit Card,Midwest,2,Toys,199.67,0,0.0,14.68,71.44,0.0,6.09,No,0.0,199.67,92.21,107.46,92.21000000000001,True,2024,2024-07-01,July,0.5381880102168578
ORD-001029,C-0022,2024-08-09,Website,PayPal,Northeast,1,Clothing,90.19,20,18.04,13.42,33.04,0.0,2.39,No,0.0,72.15,48.85,23.3,48.85,True,2024,2024-08-01,August,0.3229383229383229
ORD-001030,C-0502,2025-06-09,Website,Buy Now Pay Later,Midwest,1,Sports,49.35,20,9.87,8.38,26.77,0.0,1.44,No,0.0,39.48,36.59,2.89,36.589999999999996,True,2025,2025-06-01,June,0.07320162107396151
ORD-001031,C-0265,2025-01-16,Website,Debit Card,Southeast,1,Food & Beverage,18.44,0,0.0,4.62,5.64,0.0,0.83,No,0.0,18.44,11.09,7.35,11.09,True,2025,2025-01-01,January,0.39859002169197394
ORD-001032,C-0368,2025-04-05,Mobile App,Debit Card,Midwest,1,Sports,47.22,10,4.72,5.9,20.9,0.0,1.53,No,0.0,42.5,28.33,14.17,28.33,True,2025,2025-04-01,April,0.33341176470588235
ORD-001033,C-0489,2025-05-02,Marketplace,Credit Card,West Coast,2,Home & Kitchen,168.72,15,25.31,28.9,63.97,21.51,4.46,No,0.0,143.41,118.84,24.57,118.84,True,2025,2025-05-01,May,0.17132696464681682
ORD-001034,C-0337,2025-09-12,Website,Gift Card,Southeast,3,Electronics,519.3,0,0.0,43.02,215.95,0.0,15.36,No,0.0,519.3,274.33,244.97,274.33,True,2025,2025-09-01,September,0.47173117658386293
ORD-001035,C-0555,2025-09-06,Mobile App,Credit Card,West Coast,1,Clothing,186.84,20,37.37,31.62,69.96,0.0,4.63,No,0.0,149.47,106.21,43.26,106.21,True,2025,2025-09-01,September,0.2894226266140362
ORD-001036,C-0733,2025-08-07,Website,Buy Now Pay Later,West Coast,4,Beauty,268.77,25,67.19,55.02,107.18,0.0,6.15,No,0.0,201.58,168.35,33.23,168.35000000000002,True,2025,2025-08-01,August,0.16484770314515326
ORD-001037,C-0797,2025-06-04,Website,PayPal,Midwest,1,Electronics,42.25,5,2.11,13.58,22.95,0.0,1.46,No,0.0,40.14,37.99,2.15,37.99,True,2025,2025-06-01,June,0.053562531141006474
ORD-001038,C-0005,2025-04-26,Website,Credit Card,Southwest,2,Food & Beverage,298.8,5,14.94,16.42,107.02,0.0,8.53,No,0.0,283.86,131.97,151.89,131.97,True,2025,2025-04-01,April,0.5350877192982455
ORD-001039,C-0626,2024-12-01,Website,Gift Card,Southeast,2,Clothing,89.78,20,17.96,26.04,46.83,0.0,2.38,No,0.0,71.82,75.25,-3.43,75.25,True,2024,2024-12-01,December,-0.04775828460038987
ORD-001040,C-0695,2025-06-22,Marketplace,Buy Now Pay Later,Southeast,2,Food & Beverage,109.98,10,11.0,19.0,43.86,14.85,3.17,Yes,98.98,-0.0,80.88,-80.88,80.88,True,2025,2025-06-01,June,
ORD-001041,C-0610,2024-11-21,Marketplace,Credit Card,West Coast,2,Food & Beverage,43.35,10,4.33,26.04,19.53,5.85,1.43,No,0.0,39.02,52.85,-13.83,52.85,True,2024,2024-11-01,November,-0.3544336237826755
ORD-001042,C-0279,2024-10-22,Website,PayPal,Southeast,2,Toys,394.71,10,39.47,23.68,145.31,0.0,10.6,No,0.0,355.24,179.59,175.65,179.59,True,2024,2024-10-01,October,0.494454453327328
ORD-001043,C-0476,2025-03-10,Website,Credit Card,Northeast,2,Beauty,89.81,0,0.0,14.6,51.03,0.0,2.9,No,0.0,89.81,68.53,21.28,68.53,True,2025,2025-03-01,March,0.23694466095089634
ORD-001044,C-0367,2024-08-18,Social Commerce,PayPal,Southwest,1,Clothing,47.2,0,0.0,10.94,25.59,3.78,1.67,No,0.0,47.2,41.98,5.22,41.980000000000004,True,2024,2024-08-01,August,0.11059322033898304
ORD-001045,C-0736,2024-06-06,Website,Buy Now Pay Later,West Coast,1,Clothing,40.89,20,8.18,15.1,16.21,0.0,1.25,No,0.0,32.71,32.56,0.15,32.56,True,2024,2024-06-01,June,0.004585753592173647
ORD-001046,C-0171,2025-07-01,Mobile App,Buy Now Pay Later,West Coast,1,Books,10.0,0,0.0,6.14,3.35,0.0,0.59,No,0.0,10.0,10.08,-0.08,10.08,True,2025,2025-07-01,July,-0.008
ORD-001047,C-0665,2024-06-22,Website,Credit Card,Northeast,4,Clothing,314.26,0,0.0,72.26,117.47,0.0,9.41,No,0.0,314.26,199.14,115.12,199.14000000000001,True,2024,2024-06-01,June,0.36632088079933817
ORD-001048,C-0443,2025-09-27,Social Commerce,PayPal,Southeast,2,Beauty,79.11,0,0.0,24.2,41.25,6.33,2.59,No,0.0,79.11,74.37,4.74,74.37,True,2025,2025-09-01,September,0.059916571861964356
ORD-001049,C-0216,2025-09-12,Mobile App,Credit Card,Southwest,2,Sports,227.36,5,11.37,23.52,90.2,0.0,6.56,No,0.0,215.99,120.28,95.71,120.28,True,2025,2025-09-01,September,0.4431223667762396
ORD-001050,C-0589,2024-08-23,Marketplace,Gift Card,Southwest,1,Books,47.22,0,0.0,16.44,14.62,7.08,1.67,No,0.0,47.22,39.81,7.41,39.81,True,2024,2024-08-01,August,0.15692503176620076
ORD-001051,C-0025,2025-07-09,Marketplace,PayPal,Northeast,2,Sports,63.34,15,9.5,16.52,28.87,8.08,1.86,No,0.0,53.84,55.33,-1.49,55.33,True,2025,2025-07-01,July,-0.027674591381872213
ORD-001052,C-0507,2025-08-20,Website,Credit Card,Southwest,1,Clothing,13.66,0,0.0,10.62,4.69,0.0,0.7,No,0.0,13.66,16.01,-2.35,16.009999999999998,True,2025,2025-08-01,August,-0.1720351390922401
ORD-001053,C-0283,2025-08-30,Marketplace,Debit Card,Southeast,1,Clothing,20.57,0,0.0,7.02,7.36,3.09,0.9,No,0.0,20.57,18.37,2.2,18.369999999999997,True,2025,2025-08-01,August,0.10695187165775402
ORD-001054,C-0310,2024-11-20,Mobile App,PayPal,Southeast,1,Clothing,120.56,5,6.03,28.6,60.42,0.0,3.62,No,0.0,114.53,92.64,21.89,92.64000000000001,True,2024,2024-11-01,November,0.19112896184405834
ORD-001055,C-0315,2025-04-24,Mobile App,PayPal,Southwest,1,Sports,49.35,15,7.4,8.38,26.77,0.0,1.52,No,0.0,41.95,36.67,5.28,36.67,True,2025,2025-04-01,April,0.12586412395709176
ORD-001056,C-0465,2025-03-15,Mobile App,Credit Card,Southwest,1,Sports,11.99,20,2.4,10.3,6.88,0.0,0.58,No,0.0,9.59,17.76,-8.17,17.759999999999998,True,2025,2025-03-01,March,-0.8519290928050052
ORD-001057,C-0113,2025-07-01,Website,Credit Card,Southeast,2,Toys,88.41,10,8.84,27.48,29.0,0.0,2.61,No,0.0,79.57,59.09,20.48,59.09,True,2025,2025-07-01,July,0.2573834359683298
ORD-001058,C-0591,2025-07-11,Mobile App,Credit Card,Southeast,1,Electronics,126.75,0,0.0,40.74,68.85,0.0,3.98,No,0.0,126.75,113.57,13.18,113.57000000000001,True,2025,2025-07-01,July,0.10398422090729782
ORD-001059,C-0215,2024-08-10,Mobile App,PayPal,Southeast,2,Sports,309.24,10,30.92,33.36,133.68,0.0,8.37,No,0.0,278.32,175.41,102.91,175.41000000000003,True,2024,2024-08-01,August,0.36975423972405863
ORD-001060,C-0328,2024-04-13,Social Commerce,PayPal,Southeast,1,Home & Kitchen,73.72,5,3.69,11.0,39.34,5.6,2.33,No,0.0,70.03,58.27,11.76,58.27,True,2024,2024-04-01,April,0.16792803084392402
ORD-001061,C-0617,2025-04-24,Website,PayPal,Midwest,1,Electronics,56.08,0,0.0,13.42,29.44,0.0,1.93,No,0.0,56.08,44.79,11.29,44.79,True,2025,2025-04-01,April,0.20131954350927245
ORD-001062,C-0452,2024-06-19,Marketplace,PayPal,Southwest,2,Electronics,170.58,15,25.59,36.74,93.55,21.75,4.5,No,0.0,144.99,156.54,-11.55,156.54,True,2024,2024-06-01,June,-0.07966066625284503
ORD-001063,C-0115,2025-05-25,Website,PayPal,West Coast,1,Food & Beverage,66.05,5,3.3,14.86,23.44,0.0,2.12,No,0.0,62.75,40.42,22.33,40.419999999999995,True,2025,2025-05-01,May,0.35585657370517926
ORD-001064,C-0256,2025-05-21,Marketplace,Credit Card,Southwest,1,Clothing,64.56,10,6.46,4.86,32.67,8.71,1.98,No,0.0,58.1,48.22,9.88,48.22,True,2025,2025-05-01,May,0.1700516351118761
ORD-001065,C-0017,2025-07-07,Social Commerce,Debit Card,Southwest,2,Books,35.7,0,0.0,28.02,15.99,2.86,1.34,No,0.0,35.7,48.21,-12.51,48.21,True,2025,2025-07-01,July,-0.35042016806722687
ORD-001066,C-0318,2025-05-14,Social Commerce,Credit Card,Midwest,4,Food & Beverage,261.92,10,26.19,58.52,119.94,18.86,7.14,No,0.0,235.73,204.46,31.27,204.45999999999998,True,2025,2025-05-01,May,0.1326517626097654
ORD-001067,C-0623,2025-07-08,Website,Buy Now Pay Later,West Coast,1,Sports,121.03,5,6.05,4.78,37.76,0.0,3.63,No,0.0,114.98,46.17,68.81,46.17,True,2025,2025-07-01,July,0.5984519046790746
ORD-001068,C-0311,2025-09-26,Website,Credit Card,Midwest,1,Food & Beverage,66.05,10,6.61,14.86,23.44,0.0,2.02,No,0.0,59.44,40.32,19.12,40.32,True,2025,2025-09-01,September,0.32166890982503366
ORD-001069,C-0465,2025-01-13,Marketplace,Credit Card,Midwest,2,Toys,188.02,10,18.8,35.52,96.16,25.38,5.21,No,0.0,169.22,162.27,6.95,162.27,True,2025,2025-01-01,January,0.04107079541425364
ORD-001070,C-0751,2025-01-10,Website,Credit Card,Northeast,4,Books,791.31,10,79.13,74.9,331.37,0.0,20.95,No,0.0,712.18,427.22,284.96,427.21999999999997,True,2025,2025-01-01,January,0.4001235642674605
ORD-001071,C-0703,2025-05-03,Website,PayPal,West Coast,1,Clothing,141.6,5,7.08,32.82,76.77,0.0,4.2,No,0.0,134.52,113.79,20.73,113.79,True,2025,2025-05-01,May,0.15410347903657448
ORD-001072,C-0226,2024-12-03,Mobile App,Credit Card,Southwest,1,Beauty,56.49,10,5.65,29.7,33.12,0.0,1.77,No,0.0,50.84,64.59,-13.75,64.58999999999999,True,2024,2024-12-01,December,-0.270456333595594
ORD-001073,C-0463,2025-08-21,Mobile App,Credit Card,Southwest,4,Books,251.67,0,0.0,70.32,110.09,0.0,7.6,No,0.0,251.67,188.01,63.66,188.01,True,2025,2025-08-01,August,0.25295029204911196
ORD-001074,C-0660,2024-09-29,Mobile App,PayPal,Southwest,5,Food & Beverage,412.58,0,0.0,44.68,148.89,0.0,12.26,No,0.0,412.58,205.83,206.75,205.82999999999998,True,2024,2024-09-01,September,0.5011149352852781
ORD-001075,C-0162,2025-10-20,Mobile App,Debit Card,Southwest,1,Beauty,24.02,15,3.6,3.98,10.75,0.0,0.89,No,0.0,20.42,15.62,4.8,15.620000000000001,True,2025,2025-10-01,October,0.23506366307541623
ORD-001076,C-0250,2025-05-02,Social Commerce,Credit Card,Southwest,4,Toys,204.39,0,0.0,67.46,92.7,16.35,6.23,No,0.0,204.39,182.74,21.65,182.73999999999998,True,2025,2025-05-01,May,0.10592494740447184
ORD-001077,C-0252,2025-11-15,Website,Credit Card,Southwest,2,Beauty,118.42,5,5.92,30.46,51.35,0.0,3.56,No,0.0,112.5,85.37,27.13,85.37,True,2025,2025-11-01,November,0.24115555555555554
ORD-001078,C-0776,2025-01-07,Marketplace,Buy Now Pay Later,Southwest,2,Food & Beverage,74.69,0,0.0,14.98,22.83,11.2,2.47,No,0.0,74.69,51.48,23.21,51.480000000000004,True,2025,2025-01-01,January,0.31075110456553756
ORD-001079,C-0493,2025-07-09,Website,Credit Card,Southwest,1,Sports,53.21,10,5.32,3.98,36.39,0.0,1.69,No,0.0,47.89,42.06,5.83,42.059999999999995,True,2025,2025-07-01,July,0.1217373146794738
ORD-001080,C-0760,2025-02-17,Website,Debit Card,Midwest,2,Books,28.34,0,0.0,19.88,12.6,0.0,1.12,No,0.0,28.34,33.6,-5.26,33.599999999999994,True,2025,2025-02-01,February,-0.1856033874382498
ORD-001081,C-0794,2025-10-26,Mobile App,Debit Card,Southeast,1,Toys,73.68,10,7.37,8.86,22.41,0.0,2.22,Yes,66.31,0.0,33.49,-33.49,33.49,True,2025,2025-10-01,October,
ORD-001082,C-0081,2025-09-14,Mobile App,PayPal,Southeast,5,Clothing,250.35,15,37.55,67.08,142.49,0.0,6.47,No,0.0,212.8,216.04,-3.24,216.04,True,2025,2025-09-01,September,-0.015225563909774436
ORD-001083,C-0413,2025-10-16,Social Commerce,Credit Card,Southeast,1,Electronics,42.25,5,2.11,13.58,22.95,3.21,1.46,No,0.0,40.14,41.2,-1.06,41.2,True,2025,2025-10-01,October,-0.026407573492775286
ORD-001084,C-0500,2025-07-06,Mobile App,Debit Card,West Coast,1,Home & Kitchen,71.83,0,0.0,10.14,47.56,0.0,2.38,No,0.0,71.83,60.08,11.75,60.080000000000005,True,2025,2025-07-01,July,0.16358067659752193
ORD-001085,C-0738,2024-06-19,Mobile App,Credit Card,Northeast,1,Food & Beverage,111.44,10,11.14,9.02,36.34,0.0,3.21,No,0.0,100.3,48.57,51.73,48.57,True,2024,2024-06-01,June,0.515752741774676
ORD-001086,C-0117,2024-11-03,Social Commerce,PayPal,Midwest,2,Clothing,156.79,20,31.36,32.82,54.53,10.03,3.94,No,0.0,125.43,101.32,24.11,101.32,True,2024,2024-11-01,November,0.19221876744000635
ORD-001087,C-0479,2025-01-15,Mobile App,Credit Card,Northeast,1,Sports,29.59,0,0.0,4.7,12.42,0.0,1.16,No,0.0,29.59,18.28,11.31,18.28,True,2025,2025-01-01,January,0.3822237242311592
ORD-001088,C-0042,2024-03-28,Website,Credit Card,Midwest,1,Home & Kitchen,62.18,0,0.0,6.06,26.96,0.0,2.1,No,0.0,62.18,35.12,27.06,35.120000000000005,True,2024,2024-03-01,March,0.4351881633965905
ORD-001089,C-0375,2024-10-05,Website,Credit Card,West Coast,2,Clothing,150.72,0,0.0,27.78,67.83,0.0,4.67,No,0.0,150.72,100.28,50.44,100.28,True,2024,2024-10-01,October,0.3346602972399151
ORD-001090,C-0555,2025-02-06,Website,PayPal,Midwest,1,Home & Kitchen,31.38,0,0.0,18.68,9.34,0.0,1.21,No,0.0,31.38,29.23,2.15,29.23,True,2025,2025-02-01,February,0.06851497769279796
ORD-001091,C-0224,2025-05-18,Website,Credit Card,Southeast,1,Food & Beverage,28.96,10,2.9,9.02,8.3,0.0,1.06,No,0.0,26.06,18.38,7.68,18.38,True,2025,2025-05-01,May,0.29470452801227937
ORD-001092,C-0165,2024-08-30,Marketplace,Debit Card,Midwest,2,Electronics,118.17,15,17.73,14.36,42.06,15.07,3.21,No,0.0,100.44,74.7,25.74,74.7,True,2024,2024-08-01,August,0.25627240143369173
ORD-001093,C-0636,2024-06-20,Marketplace,Debit Card,Southwest,2,Electronics,285.38,0,0.0,18.84,92.69,42.81,8.58,No,0.0,285.38,162.92,122.46,162.92000000000002,True,2024,2024-06-01,June,0.42911206111150046
ORD-001094,C-0586,2025-05-08,Marketplace,Credit Card,Midwest,1,Clothing,90.19,25,22.55,13.42,33.04,10.15,2.26,No,0.0,67.64,58.87,8.77,58.87,True,2025,2025-05-01,May,0.1296570076877587
ORD-001095,C-0221,2024-12-08,Website,Credit Card,Southwest,2,Clothing,162.77,25,40.69,42.96,104.53,0.0,3.84,No,0.0,122.08,151.33,-29.25,151.33,True,2024,2024-12-01,December,-0.23959698558322412
ORD-001096,C-0481,2024-04-03,Website,PayPal,West Coast,2,Books,28.38,15,4.26,11.96,12.35,0.0,1.0,No,0.0,24.12,25.31,-1.19,25.310000000000002,True,2024,2024-04-01,April,-0.04933665008291874
ORD-001097,C-0776,2024-10-15,Website,Credit Card,Southwest,1,Toys,138.24,5,6.91,18.2,41.76,0.0,4.11,Yes,131.33,0.0,64.07,-64.07,64.07,True,2024,2024-10-01,October,
ORD-001098,C-0639,2025-08-26,Social Commerce,Gift Card,Midwest,4,Books,171.12,0,0.0,44.94,61.38,13.69,5.26,No,0.0,171.12,125.27,45.85,125.27,True,2025,2025-08-01,August,0.26794062646096306
ORD-001099,C-0700,2024-09-13,Mobile App,Credit Card,West Coast,2,Sports,80.56,5,4.03,18.28,35.01,0.0,2.52,No,0.0,76.53,55.81,20.72,55.81,True,2024,2024-09-01,September,0.27074349928132757
ORD-001100,C-0279,2025-07-17,Website,Credit Card,Midwest,1,Books,10.0,20,2.0,6.14,3.35,0.0,0.53,No,0.0,8.0,10.02,-2.02,10.02,True,2025,2025-07-01,July,-0.2525
ORD-001101,C-0362,2024-10-22,Mobile App,Credit Card,Southwest,3,Toys,198.75,0,0.0,41.52,92.52,0.0,6.06,Yes,198.75,0.0,140.1,-140.1,140.1,True,2024,2024-10-01,October,
ORD-001102,C-0204,2024-07-13,Website,Debit Card,West Coast,1,Home & Kitchen,114.16,10,11.42,22.52,53.3,0.0,3.28,No,0.0,102.74,79.1,23.64,79.1,True,2024,2024-07-01,July,0.23009538641230293
ORD-001103,C-0213,2024-11-01,Marketplace,Credit Card,Northeast,2,Books,168.24,0,0.0,34.8,88.72,25.24,5.18,No,0.0,168.24,153.94,14.3,153.94,True,2024,2024-11-01,November,0.08499762244412744
ORD-001104,C-0763,2025-09-04,Website,Debit Card,Northeast,1,Food & Beverage,52.69,15,7.9,5.82,23.14,0.0,1.6,No,0.0,44.79,30.56,14.23,30.560000000000002,True,2025,2025-09-01,September,0.31770484483143563
ORD-001105,C-0369,2025-03-06,Marketplace,PayPal,Southeast,1,Books,10.0,20,2.0,6.14,3.35,1.2,0.53,No,0.0,8.0,11.22,-3.22,11.219999999999999,True,2025,2025-03-01,March,-0.4025
ORD-001106,C-0682,2025-03-20,Website,Gift Card,Northeast,2,Electronics,113.9,0,0.0,17.3,47.73,0.0,3.6,No,0.0,113.9,68.63,45.27,68.63,True,2025,2025-03-01,March,0.3974539069359087
ORD-001107,C-0063,2025-06-21,Marketplace,Credit Card,Southeast,1,Books,31.87,0,0.0,9.58,10.3,4.78,1.22,No,0.0,31.87,25.88,5.99,25.880000000000003,True,2025,2025-06-01,June,0.1879510511452777
ORD-001108,C-0586,2024-10-11,Mobile App,Credit Card,West Coast,1,Electronics,68.98,0,0.0,14.54,25.39,0.0,2.3,No,0.0,68.98,42.23,26.75,42.23,True,2024,2024-10-01,October,0.3877935633516961
ORD-001109,C-0670,2025-06-29,Social Commerce,PayPal,Southeast,1,Food & Beverage,11.52,15,1.73,7.58,3.71,0.78,0.58,No,0.0,9.79,12.65,-2.86,12.649999999999999,True,2025,2025-06-01,June,-0.29213483146067415
ORD-001110,C-0065,2024-08-22,Marketplace,Credit Card,Midwest,3,Toys,273.65,15,41.05,31.22,95.48,34.89,7.05,No,0.0,232.6,168.64,63.96,168.64000000000001,True,2024,2024-08-01,August,0.27497850386930356
ORD-001111,C-0303,2025-02-26,Mobile App,Credit Card,Southeast,1,Home & Kitchen,329.7,0,0.0,9.4,99.76,0.0,9.86,No,0.0,329.7,119.02,210.68,119.02000000000001,True,2025,2025-02-01,February,0.6390051562026084
ORD-001112,C-0272,2025-03-19,Mobile App,Credit Card,Southwest,1,Food & Beverage,136.04,10,13.6,6.3,39.68,0.0,3.85,No,0.0,122.44,49.83,72.61,49.83,True,2025,2025-03-01,March,0.5930251551780464
ORD-001113,C-0453,2025-04-01,Mobile App,PayPal,Midwest,1,Food & Beverage,408.12,10,40.81,18.9,119.04,0.0,10.95,No,0.0,367.31,148.89,218.42,148.89,True,2025,2025-04-01,April,0.59464757289483
ORD-001114,C-0270,2024-10-14,Social Commerce,PayPal,Southwest,2,Food & Beverage,248.16,0,0.0,32.18,123.44,19.85,7.5,No,0.0,248.16,182.97,65.19,182.97,True,2024,2024-10-01,October,0.2626934235976789
ORD-001115,C-0413,2025-03-03,Mobile App,PayPal,West Coast,4,Sports,198.43,0,0.0,75.32,95.19,0.0,6.05,No,0.0,198.43,176.56,21.87,176.56,True,2025,2025-03-01,March,0.11021518923549867
ORD-001116,C-0368,2025-07-26,Website,Buy Now Pay Later,West Coast,1,Clothing,56.0,20,11.2,12.86,19.82,0.0,1.6,No,0.0,44.8,34.28,10.52,34.28,True,2025,2025-07-01,July,0.23482142857142857
ORD-001117,C-0347,2025-06-13,Mobile App,PayPal,West Coast,1,Sports,41.97,5,2.1,13.42,12.24,0.0,1.46,No,0.0,39.87,27.12,12.75,27.12,True,2025,2025-06-01,June,0.3197893152746426
ORD-001118,C-0791,2024-06-15,Website,Credit Card,Southwest,3,Books,62.03,0,0.0,30.08,25.92,0.0,2.1,No,0.0,62.03,58.1,3.93,58.1,True,2024,2024-06-01,June,0.06335644043204901
ORD-001119,C-0553,2025-03-24,Marketplace,Debit Card,West Coast,1,Books,17.64,5,0.88,15.42,10.55,2.51,0.79,No,0.0,16.76,29.27,-12.51,29.269999999999996,True,2025,2025-03-01,March,-0.7464200477326968
ORD-001120,C-0075,2025-08-04,Mobile App,Credit Card,Northeast,2,Toys,84.38,0,0.0,22.6,39.89,0.0,2.75,No,0.0,84.38,65.24,19.14,65.24000000000001,True,2025,2025-08-01,August,0.22683100260725292
ORD-001121,C-0357,2025-06-20,Website,PayPal,Southeast,1,Food & Beverage,55.68,5,2.78,14.84,16.48,0.0,1.83,No,0.0,52.9,33.15,19.75,33.15,True,2025,2025-06-01,June,0.3733459357277883
ORD-001122,C-0182,2025-03-22,Marketplace,PayPal,Northeast,4,Food & Beverage,74.41,10,7.44,60.22,30.7,10.05,2.24,No,0.0,66.97,103.21,-36.24,103.21,True,2025,2025-03-01,March,-0.5411378229057787
ORD-001123,C-0228,2025-02-12,Marketplace,Credit Card,Southeast,1,Books,23.61,0,0.0,8.22,7.31,3.54,0.98,No,0.0,23.61,20.05,3.56,20.05,True,2025,2025-02-01,February,0.15078356628547226
ORD-001124,C-0369,2024-09-28,Website,PayPal,Midwest,3,Sports,146.54,15,21.98,45.6,65.46,0.0,3.91,No,0.0,124.56,114.97,9.59,114.97,True,2024,2024-09-01,September,0.07699100834938985
ORD-001125,C-0512,2025-04-14,Marketplace,PayPal,Southwest,3,Clothing,144.31,10,14.43,29.2,85.77,19.48,4.07,No,0.0,129.88,138.52,-8.64,138.51999999999998,True,2025,2025-04-01,April,-0.06652294425623653
ORD-001126,C-0387,2025-01-25,Marketplace,PayPal,Southwest,3,Sports,69.72,0,0.0,34.26,29.4,10.46,2.32,No,0.0,69.72,76.44,-6.72,76.44,True,2025,2025-01-01,January,-0.09638554216867469
ORD-001127,C-0792,2025-02-27,Mobile App,PayPal,Midwest,3,Toys,266.99,20,53.4,49.52,91.69,0.0,6.49,No,0.0,213.59,147.7,65.89,147.70000000000002,True,2025,2025-02-01,February,0.30848822510417157
ORD-001128,C-0102,2025-05-03,Website,Debit Card,Midwest,2,Beauty,164.83,20,32.97,21.3,54.15,0.0,4.12,No,0.0,131.86,79.57,52.29,79.57000000000001,True,2025,2025-05-01,May,0.3965569543455179
ORD-001129,C-0285,2024-07-10,Marketplace,Credit Card,Northeast,1,Electronics,91.57,5,4.58,15.5,26.92,13.05,2.82,No,0.0,86.99,58.29,28.7,58.29,True,2024,2024-07-01,July,0.3299229796528337
ORD-001130,C-0527,2024-06-19,Marketplace,Credit Card,Southwest,4,Electronics,451.05,25,112.76,54.04,153.14,50.74,10.11,No,0.0,338.29,268.03,70.26,268.03,True,2024,2024-06-01,June,0.2076916255283928
ORD-001131,C-0254,2025-07-21,Website,Debit Card,West Coast,1,Beauty,36.6,15,5.49,10.62,14.64,0.0,1.2,No,0.0,31.11,26.46,4.65,26.459999999999997,True,2025,2025-07-01,July,0.14946962391513985
ORD-001132,C-0715,2025-01-12,Mobile App,PayPal,Southwest,1,Beauty,16.16,10,1.62,4.54,7.01,0.0,0.72,No,0.0,14.54,12.27,2.27,12.270000000000001,True,2025,2025-01-01,January,0.156121045392022
ORD-001133,C-0619,2025-01-22,Mobile App,Buy Now Pay Later,Northeast,1,Clothing,94.4,0,0.0,21.88,51.18,0.0,3.04,No,0.0,94.4,76.1,18.3,76.10000000000001,True,2025,2025-01-01,January,0.1938559322033898
ORD-001134,C-0279,2025-08-09,Website,PayPal,West Coast,3,Books,245.17,0,0.0,32.78,128.92,0.0,7.41,No,0.0,245.17,169.11,76.06,169.10999999999999,True,2025,2025-08-01,August,0.3102337153811641
ORD-001135,C-0211,2025-07-03,Website,Buy Now Pay Later,Southwest,2,Sports,102.82,0,0.0,37.86,55.27,0.0,3.28,No,0.0,102.82,96.41,6.41,96.41,True,2025,2025-07-01,July,0.06234195681773975
ORD-001136,C-0384,2025-09-12,Website,Credit Card,West Coast,4,Books,145.64,5,7.28,35.44,49.99,0.0,4.31,No,0.0,138.36,89.74,48.62,89.74000000000001,True,2025,2025-09-01,September,0.35140213934663195
ORD-001137,C-0498,2025-08-04,Mobile App,PayPal,Northeast,1,Food & Beverage,63.96,0,0.0,11.42,37.28,0.0,2.15,No,0.0,63.96,50.85,13.11,50.85,True,2025,2025-08-01,August,0.20497185741088178
ORD-001138,C-0103,2025-06-29,Social Commerce,Credit Card,Southwest,1,Beauty,20.45,20,4.09,10.22,7.45,1.31,0.77,No,0.0,16.36,19.75,-3.39,19.75,True,2025,2025-06-01,June,-0.20721271393643034
ORD-001139,C-0103,2024-09-24,Mobile App,Debit Card,Northeast,1,Sports,13.96,0,0.0,5.18,7.06,0.0,0.7,No,0.0,13.96,12.94,1.02,12.939999999999998,True,2024,2024-09-01,September,0.07306590257879655
ORD-001140,C-0589,2025-07-16,Website,Credit Card,Northeast,1,Clothing,73.51,10,7.35,10.54,25.02,0.0,2.22,No,0.0,66.16,37.78,28.38,37.78,True,2025,2025-07-01,July,0.4289600967351874
ORD-001141,C-0204,2024-12-10,Website,Credit Card,Southwest,1,Food & Beverage,52.69,10,5.27,5.82,23.14,0.0,1.68,No,0.0,47.42,30.64,16.78,30.64,True,2024,2024-12-01,December,0.35385913116828344
ORD-001142,C-0059,2025-08-14,Website,Buy Now Pay Later,Midwest,1,Food & Beverage,35.64,5,1.78,13.18,10.44,0.0,1.28,No,0.0,33.86,24.9,8.96,24.9,True,2025,2025-08-01,August,0.26461901949202604
ORD-001143,C-0575,2025-06-09,Social Commerce,Debit Card,Southeast,2,Clothing,85.49,5,4.27,20.16,40.7,6.5,2.66,No,0.0,81.22,70.02,11.2,70.02,True,2025,2025-06-01,June,0.13789706968726914
ORD-001144,C-0489,2024-12-27,Mobile App,Credit Card,Southwest,3,Electronics,319.8,0,0.0,28.18,117.4,0.0,9.57,No,0.0,319.8,155.15,164.65,155.15,True,2024,2024-12-01,December,0.5148530331457161
ORD-001145,C-0455,2025-02-03,Mobile App,Debit Card,Northeast,2,Books,96.4,0,0.0,29.22,36.05,0.0,3.1,Yes,96.4,0.0,68.37,-68.37,68.36999999999999,True,2025,2025-02-01,February,
ORD-001146,C-0392,2025-11-08,Social Commerce,PayPal,Southeast,4,Clothing,228.81,0,0.0,54.44,105.17,18.3,6.94,No,0.0,228.81,184.85,43.96,184.85000000000002,True,2025,2025-11-01,November,0.19212447008434946
ORD-001147,C-0055,2025-06-01,Mobile App,PayPal,Southwest,1,Food & Beverage,41.34,15,6.2,11.18,21.84,0.0,1.32,No,0.0,35.14,34.34,0.8,34.339999999999996,True,2025,2025-06-01,June,0.022766078542970976
ORD-001148,C-0398,2025-11-12,Website,Credit Card,Southwest,2,Sports,310.84,0,0.0,24.58,94.94,0.0,9.31,No,0.0,310.84,128.83,182.01,128.82999999999998,True,2025,2025-11-01,November,0.5855424012353623
ORD-001149,C-0396,2025-03-22,Website,Credit Card,Southeast,1,Home & Kitchen,62.18,0,0.0,6.06,26.96,0.0,2.1,No,0.0,62.18,35.12,27.06,35.120000000000005,True,2025,2025-03-01,March,0.4351881633965905
ORD-001150,C-0459,2025-10-30,Website,Gift Card,Southwest,3,Electronics,128.85,0,0.0,65.4,71.96,0.0,4.04,No,0.0,128.85,141.4,-12.55,141.4,True,2025,2025-10-01,October,-0.0974000776096236
ORD-001151,C-0723,2025-07-06,Website,Gift Card,Northeast,1,Toys,45.16,20,9.03,9.9,21.86,0.0,1.35,No,0.0,36.13,33.11,3.02,33.11,True,2025,2025-07-01,July,0.08358704677553279
ORD-001152,C-0247,2024-12-16,Mobile App,Credit Card,West Coast,1,Electronics,78.79,0,0.0,13.5,31.36,0.0,2.58,No,0.0,78.79,47.44,31.35,47.44,True,2024,2024-12-01,December,0.39789313364640183
ORD-001153,C-0770,2024-09-20,Website,Credit Card,Southeast,1,Food & Beverage,27.84,0,0.0,7.42,8.24,0.0,1.11,No,0.0,27.84,16.77,11.07,16.77,True,2024,2024-09-01,September,0.3976293103448276
ORD-001154,C-0443,2025-04-12,Mobile App,PayPal,Midwest,2,Clothing,119.1,0,0.0,19.56,46.76,0.0,3.75,No,0.0,119.1,70.07,49.03,70.07,True,2025,2025-04-01,April,0.41167086481947945
ORD-001155,C-0667,2025-06-23,Website,Gift Card,Midwest,1,Beauty,17.62,0,0.0,11.66,8.53,0.0,0.81,No,0.0,17.62,21.0,-3.38,20.999999999999996,True,2025,2025-06-01,June,-0.19182746878547105
ORD-001156,C-0029,2024-08-29,Website,Credit Card,West Coast,2,Clothing,87.85,20,17.57,43.14,36.56,0.0,2.34,No,0.0,70.28,82.04,-11.76,82.04,True,2024,2024-08-01,August,-0.16733067729083664
ORD-001157,C-0296,2024-04-30,Mobile App,PayPal,Southwest,5,Electronics,541.83,0,0.0,76.0,197.75,0.0,16.01,No,0.0,541.83,289.76,252.07,289.76,True,2024,2024-04-01,April,0.4652197183618478
ORD-001158,C-0138,2025-08-25,Social Commerce,PayPal,Southwest,1,Beauty,18.83,0,0.0,9.9,11.04,1.51,0.85,No,0.0,18.83,23.3,-4.47,23.3,True,2025,2025-08-01,August,-0.2373871481678173
ORD-001159,C-0705,2025-06-11,Website,PayPal,Northeast,1,Toys,168.08,20,33.62,8.44,51.94,0.0,4.2,No,0.0,134.46,64.58,69.88,64.58,True,2025,2025-06-01,June,0.5197084634835638
ORD-001160,C-0512,2024-09-22,Marketplace,Buy Now Pay Later,Northeast,1,Food & Beverage,50.95,25,12.74,14.38,18.74,5.73,1.41,No,0.0,38.21,40.26,-2.05,40.25999999999999,True,2024,2024-09-01,September,-0.0536508767338393
ORD-001161,C-0614,2025-07-21,Marketplace,PayPal,Midwest,3,Home & Kitchen,268.01,0,0.0,30.74,91.05,40.2,8.07,Yes,268.01,0.0,170.06,-170.06,170.06,True,2025,2025-07-01,July,
ORD-001162,C-0275,2025-07-03,Marketplace,Credit Card,Northeast,1,Sports,53.21,15,7.98,3.98,36.39,6.78,1.61,No,0.0,45.23,48.76,-3.53,48.76,True,2025,2025-07-01,July,-0.07804554499226178
ORD-001163,C-0554,2025-05-20,Social Commerce,Debit Card,Southeast,3,Books,106.82,10,10.68,38.9,39.3,7.69,3.09,No,0.0,96.14,88.98,7.16,88.97999999999999,True,2025,2025-05-01,May,0.07447472436030789
ORD-001164,C-0179,2025-11-02,Website,Gift Card,Southwest,2,Food & Beverage,228.02,5,11.4,23.24,83.03,0.0,6.58,No,0.0,216.62,112.85,103.77,112.85,True,2025,2025-11-01,November,0.4790416397377896
ORD-001165,C-0044,2025-05-21,Marketplace,Gift Card,West Coast,2,Electronics,276.71,0,0.0,15.48,107.05,41.51,8.32,No,0.0,276.71,172.36,104.35,172.35999999999999,True,2025,2025-05-01,May,0.3771096093382964
ORD-001166,C-0744,2025-06-20,Website,Buy Now Pay Later,Southeast,1,Clothing,40.89,10,4.09,15.1,16.21,0.0,1.37,No,0.0,36.8,32.68,4.12,32.68,True,2025,2025-06-01,June,0.11195652173913044
ORD-001167,C-0742,2025-01-09,Website,Credit Card,West Coast,2,Books,66.11,20,13.22,15.8,25.44,0.0,1.83,No,0.0,52.89,43.07,9.82,43.07,True,2025,2025-01-01,January,0.1856683683115901
ORD-001168,C-0064,2025-07-18,Mobile App,Credit Card,West Coast,1,Sports,124.64,5,6.23,26.36,69.58,0.0,3.73,No,0.0,118.41,99.67,18.74,99.67,True,2025,2025-07-01,July,0.1582636601638375
ORD-001169,C-0516,2025-10-21,Mobile App,Credit Card,West Coast,1,Food & Beverage,111.44,5,5.57,9.02,36.34,0.0,3.37,No,0.0,105.87,48.73,57.14,48.73,True,2025,2025-10-01,October,0.5397185227165391
ORD-001170,C-0498,2024-08-01,Social Commerce,Credit Card,Southwest,1,Beauty,25.01,0,0.0,7.9,9.01,2.0,1.03,No,0.0,25.01,19.94,5.07,19.94,True,2024,2024-08-01,August,0.202718912435026
ORD-001171,C-0100,2025-03-18,Marketplace,Buy Now Pay Later,Midwest,2,Clothing,78.27,0,0.0,26.04,38.09,11.74,2.57,No,0.0,78.27,78.44,-0.17,78.43999999999998,True,2025,2025-03-01,March,-0.0021719688258592055
ORD-001172,C-0371,2025-10-02,Website,Buy Now Pay Later,Southwest,2,Home & Kitchen,110.14,10,11.01,16.28,47.93,0.0,3.17,No,0.0,99.13,67.38,31.75,67.38000000000001,True,2025,2025-10-01,October,0.32028649248461616
ORD-001173,C-0509,2025-05-10,Marketplace,Buy Now Pay Later,Southwest,2,Toys,53.18,0,0.0,22.68,27.55,7.98,1.84,No,0.0,53.18,60.05,-6.87,60.05000000000001,True,2025,2025-05-01,May,-0.1291839037232042
ORD-001174,C-0676,2025-12-23,Mobile App,Credit Card,Southwest,2,Toys,170.11,25,42.53,20.28,71.68,0.0,4.0,No,0.0,127.58,95.96,31.62,95.96000000000001,True,2025,2025-12-01,December,0.2478444897319329
ORD-001175,C-0060,2025-10-04,Social Commerce,Credit Card,Northeast,1,Sports,49.35,5,2.47,8.38,26.77,3.75,1.66,No,0.0,46.88,40.56,6.32,40.559999999999995,True,2025,2025-10-01,October,0.1348122866894198
ORD-001176,C-0015,2025-02-01,Website,Credit Card,Southwest,2,Clothing,88.65,20,17.73,23.72,27.97,0.0,2.36,No,0.0,70.92,54.05,16.87,54.05,True,2025,2025-02-01,February,0.23787366046249295
ORD-001177,C-0078,2024-12-25,Mobile App,Credit Card,West Coast,2,Clothing,72.1,5,3.61,50.48,36.54,0.0,2.29,No,0.0,68.49,89.31,-20.82,89.31,True,2024,2024-12-01,December,-0.30398598335523436
ORD-001178,C-0085,2025-02-09,Mobile App,Buy Now Pay Later,Midwest,1,Electronics,37.71,0,0.0,14.46,11.89,0.0,1.39,No,0.0,37.71,27.74,9.97,27.740000000000002,True,2025,2025-02-01,February,0.2643861044815699
ORD-001179,C-0677,2024-10-20,Marketplace,Credit Card,Midwest,2,Books,71.21,0,0.0,23.8,24.29,10.68,2.37,No,0.0,71.21,61.14,10.07,61.14,True,2024,2024-10-01,October,0.14141272293217247
ORD-001180,C-0588,2024-11-09,Mobile App,Gift Card,Southeast,1,Books,16.19,10,1.62,14.7,5.89,0.0,0.72,No,0.0,14.57,21.31,-6.74,21.31,True,2024,2024-11-01,November,-0.4625943719972546
ORD-001181,C-0438,2024-12-22,Mobile App,PayPal,Midwest,3,Home & Kitchen,256.37,0,0.0,41.04,106.75,0.0,7.73,No,0.0,256.37,155.52,100.85,155.51999999999998,True,2024,2024-12-01,December,0.3933767601513437
ORD-001182,C-0717,2024-03-14,Website,PayPal,West Coast,3,Home & Kitchen,232.38,5,11.62,44.94,78.09,0.0,6.7,No,0.0,220.76,129.73,91.03,129.73,True,2024,2024-03-01,March,0.41234825149483606
ORD-001183,C-0023,2024-11-30,Marketplace,Credit Card,West Coast,1,Food & Beverage,41.34,15,6.2,11.18,21.84,5.27,1.32,No,0.0,35.14,39.61,-4.47,39.60999999999999,True,2024,2024-11-01,November,-0.12720546385885032
ORD-001184,C-0160,2025-03-15,Mobile App,Credit Card,Midwest,2,Clothing,245.81,0,0.0,37.84,93.47,0.0,7.43,No,0.0,245.81,138.74,107.07,138.74,True,2025,2025-03-01,March,0.43558032626825594
ORD-001185,C-0086,2024-10-09,Mobile App,Credit Card,Northeast,2,Books,195.03,5,9.75,11.56,70.04,0.0,5.67,No,0.0,185.28,87.27,98.01,87.27000000000001,True,2024,2024-10-01,October,0.5289831606217616
ORD-001186,C-0619,2024-04-30,Mobile App,Credit Card,Midwest,1,Food & Beverage,86.62,20,17.32,7.58,37.79,0.0,2.31,No,0.0,69.3,47.68,21.62,47.68,True,2024,2024-04-01,April,0.311976911976912
ORD-001187,C-0088,2025-10-29,Website,Debit Card,Midwest,1,Beauty,73.2,20,14.64,21.24,29.28,0.0,2.0,No,0.0,58.56,52.52,6.04,52.519999999999996,True,2025,2025-10-01,October,0.10314207650273224
ORD-001188,C-0600,2024-08-09,Mobile App,Buy Now Pay Later,Southeast,1,Sports,13.96,15,2.09,5.18,7.06,0.0,0.64,No,0.0,11.87,12.88,-1.01,12.879999999999999,True,2024,2024-08-01,August,-0.08508845829823083
ORD-001189,C-0241,2025-09-09,Website,PayPal,Northeast,3,Clothing,55.44,10,5.54,30.26,30.09,0.0,1.75,No,0.0,49.9,62.1,-12.2,62.1,True,2025,2025-09-01,September,-0.24448897795591182
ORD-001190,C-0699,2025-03-18,Marketplace,Debit Card,Northeast,2,Electronics,136.64,5,6.83,16.68,57.2,19.47,4.06,No,0.0,129.81,97.41,32.4,97.41,True,2025,2025-03-01,March,0.24959556274555117
ORD-001191,C-0445,2025-03-25,Mobile App,Debit Card,West Coast,1,Beauty,33.33,0,0.0,32.82,21.93,0.0,1.27,No,0.0,33.33,56.02,-22.69,56.02,True,2025,2025-03-01,March,-0.6807680768076808
ORD-001192,C-0367,2024-03-11,Mobile App,PayPal,Midwest,3,Toys,399.55,0,0.0,79.38,215.71,0.0,11.89,No,0.0,399.55,306.98,92.57,306.98,True,2024,2024-03-01,March,0.23168564635214614
ORD-001193,C-0794,2024-07-08,Mobile App,PayPal,Southeast,3,Beauty,115.4,10,11.54,32.72,42.5,0.0,3.31,No,0.0,103.86,78.53,25.33,78.53,True,2024,2024-07-01,July,0.2438860003851338
ORD-001194,C-0118,2024-12-24,Mobile App,Credit Card,West Coast,1,Books,23.61,20,4.72,8.22,7.31,0.0,0.85,No,0.0,18.89,16.38,2.51,16.380000000000003,True,2024,2024-12-01,December,0.1328745367919534
ORD-001195,C-0025,2024-11-02,Website,PayPal,West Coast,2,Toys,48.39,10,4.84,43.76,17.3,0.0,1.56,No,0.0,43.55,62.62,-19.07,62.620000000000005,True,2024,2024-11-01,November,-0.4378874856486797
ORD-001196,C-0053,2025-03-23,Social Commerce,PayPal,Southwest,1,Beauty,23.64,5,1.18,23.8,11.62,1.8,0.95,Yes,22.46,0.0,38.17,-38.17,38.17,True,2025,2025-03-01,March,
ORD-001197,C-0028,2024-12-16,Social Commerce,Buy Now Pay Later,Southwest,3,Food & Beverage,153.55,10,15.36,26.98,70.15,11.06,4.31,No,0.0,138.19,112.5,25.69,112.50000000000001,True,2024,2024-12-01,December,0.18590346624213042
ORD-001198,C-0517,2024-12-17,Website,Debit Card,West Coast,1,Food & Beverage,223.28,15,33.49,28.44,75.68,0.0,5.8,No,0.0,189.79,109.92,79.87,109.92,True,2024,2024-12-01,December,0.42083355287422947
ORD-001199,C-0781,2025-02-22,Website,Gift Card,Northeast,4,Beauty,338.73,0,0.0,58.6,130.09,0.0,10.12,No,0.0,338.73,198.81,139.92,198.81,True,2025,2025-02-01,February,0.41307235851563184
ORD-001200,C-0651,2025-03-26,Mobile App,PayPal,Northeast,2,Clothing,144.2,15,21.63,52.4,72.04,0.0,3.85,No,0.0,122.57,128.29,-5.72,128.29,True,2025,2025-03-01,March,-0.046667210573549806
ORD-001201,C-0117,2025-02-11,Marketplace,Buy Now Pay Later,Midwest,1,Home & Kitchen,13.82,10,1.38,15.18,6.6,1.87,0.66,No,0.0,12.44,24.31,-11.87,24.310000000000002,True,2025,2025-02-01,February,-0.9541800643086816
ORD-001202,C-0444,2025-11-23,Social Commerce,Credit Card,Southwest,2,Electronics,241.64,0,0.0,38.24,151.96,19.33,7.31,No,0.0,241.64,216.84,24.8,216.84000000000003,True,2025,2025-11-01,November,0.10263201456712466
ORD-001203,C-0038,2025-01-09,Social Commerce,Credit Card,Southeast,2,Books,79.47,20,15.89,31.78,33.18,5.09,2.14,No,0.0,63.58,72.19,-8.61,72.19000000000001,True,2025,2025-01-01,January,-0.1354199433784209
ORD-001204,C-0679,2024-11-03,Marketplace,Credit Card,Northeast,1,Sports,72.69,0,0.0,20.1,38.91,10.9,2.41,No,0.0,72.69,72.32,0.37,72.32,True,2024,2024-11-01,November,0.005090108680698858
ORD-001205,C-0373,2025-12-11,Mobile App,Buy Now Pay Later,West Coast,1,Electronics,68.98,15,10.35,14.54,25.39,0.0,2.0,No,0.0,58.63,41.93,16.7,41.93,True,2025,2025-12-01,December,0.28483711410540674
ORD-001206,C-0752,2025-11-30,Social Commerce,PayPal,Southeast,5,Food & Beverage,386.97,15,58.05,65.44,150.94,26.31,9.84,No,0.0,328.92,252.53,76.39,252.53,True,2025,2025-11-01,November,0.23224492277757508
ORD-001207,C-0078,2025-05-10,Website,Buy Now Pay Later,Southeast,1,Books,16.1,10,1.61,12.62,5.42,0.0,0.72,No,0.0,14.49,18.76,-4.27,18.759999999999998,True,2025,2025-05-01,May,-0.2946859903381642
ORD-001208,C-0041,2024-12-27,Mobile App,Credit Card,West Coast,3,Books,244.16,5,12.21,42.72,82.33,0.0,7.03,No,0.0,231.95,132.08,99.87,132.07999999999998,True,2024,2024-12-01,December,0.4305669325285622
ORD-001209,C-0454,2025-08-19,Mobile App,Debit Card,West Coast,2,Electronics,496.37,5,24.82,35.78,148.88,0.0,13.97,No,0.0,471.55,198.63,272.92,198.63,True,2025,2025-08-01,August,0.5787721344502174
ORD-001210,C-0041,2024-12-21,Website,Debit Card,Northeast,3,Sports,355.16,20,71.03,62.54,117.04,0.0,8.54,No,0.0,284.13,188.12,96.01,188.12,True,2024,2024-12-01,December,0.3379087037623623
ORD-001211,C-0271,2025-10-17,Website,Credit Card,Southwest,1,Toys,246.87,20,49.37,39.06,112.95,0.0,6.03,No,0.0,197.5,158.04,39.46,158.04,True,2025,2025-10-01,October,0.19979746835443038
ORD-001212,C-0159,2025-06-17,Mobile App,PayPal,Northeast,1,Books,31.87,0,0.0,9.58,10.3,0.0,1.22,No,0.0,31.87,21.1,10.77,21.1,True,2025,2025-06-01,June,0.3379353624097898
ORD-001213,C-0742,2025-09-06,Marketplace,Credit Card,Midwest,1,Clothing,20.57,20,4.11,7.02,7.36,2.47,0.78,No,0.0,16.46,17.63,-1.17,17.63,True,2025,2025-09-01,September,-0.07108140947752126
ORD-001214,C-0703,2024-05-19,Website,Credit Card,Southwest,1,Electronics,20.67,0,0.0,4.3,5.96,0.0,0.9,No,0.0,20.67,11.16,9.51,11.16,True,2024,2024-05-01,May,0.4600870827285921
ORD-001215,C-0112,2025-10-24,Website,Credit Card,Northeast,2,Sports,77.89,25,19.47,36.82,39.05,0.0,1.99,No,0.0,58.42,77.86,-19.44,77.86,True,2025,2025-10-01,October,-0.3327627524820267
ORD-001216,C-0199,2025-07-11,Website,Debit Card,Southwest,1,Toys,10.05,15,1.51,9.18,6.91,0.0,0.55,No,0.0,8.54,16.64,-8.1,16.64,True,2025,2025-07-01,July,-0.9484777517564403
ORD-001217,C-0541,2025-07-18,Mobile App,Gift Card,Midwest,1,Books,16.8,0,0.0,4.14,8.25,0.0,0.79,No,0.0,16.8,13.18,3.62,13.18,True,2025,2025-07-01,July,0.21547619047619046
ORD-001218,C-0115,2024-10-26,Marketplace,Debit Card,Midwest,1,Home & Kitchen,57.08,0,0.0,11.26,26.65,8.56,1.96,No,0.0,57.08,48.43,8.65,48.43,True,2024,2024-10-01,October,0.15154169586545202
ORD-001219,C-0792,2024-12-28,Mobile App,PayPal,Southwest,2,Home & Kitchen,214.73,0,0.0,32.1,83.14,0.0,6.53,No,0.0,214.73,121.77,92.96,121.77000000000001,True,2024,2024-12-01,December,0.4329157546686537
ORD-001220,C-0596,2025-02-28,Social Commerce,Buy Now Pay Later,Midwest,1,Home & Kitchen,62.18,0,0.0,6.06,26.96,4.97,2.1,No,0.0,62.18,40.09,22.09,40.09,True,2025,2025-02-01,February,0.35525892569958184
ORD-001221,C-0386,2025-03-12,Social Commerce,Credit Card,Northeast,5,Books,334.11,10,33.41,71.24,139.51,24.06,9.02,No,0.0,300.7,243.83,56.87,243.83,True,2025,2025-03-01,March,0.18912537412703692
ORD-001222,C-0730,2024-11-08,Mobile App,PayPal,Southeast,2,Sports,115.34,0,0.0,25.94,45.01,0.0,3.64,No,0.0,115.34,74.59,40.75,74.59,True,2024,2024-11-01,November,0.35330327726721
ORD-001223,C-0239,2025-11-10,Website,Buy Now Pay Later,Northeast,2,Toys,45.58,25,11.39,10.44,16.13,0.0,1.29,No,0.0,34.19,27.86,6.33,27.86,True,2025,2025-11-01,November,0.18514185434337527
ORD-001224,C-0382,2025-03-01,Website,Debit Card,Southeast,1,Books,10.0,0,0.0,6.14,3.35,0.0,0.59,No,0.0,10.0,10.08,-0.08,10.08,True,2025,2025-03-01,March,-0.008
ORD-001225,C-0105,2025-05-11,Website,Gift Card,West Coast,1,Home & Kitchen,115.01,0,0.0,13.18,35.49,0.0,3.64,No,0.0,115.01,52.31,62.7,52.31,True,2025,2025-05-01,May,0.5451699852186767
ORD-001226,C-0421,2025-03-01,Social Commerce,Buy Now Pay Later,West Coast,1,Toys,52.54,25,13.13,5.82,30.58,3.15,1.44,No,0.0,39.41,40.99,-1.58,40.989999999999995,True,2025,2025-03-01,March,-0.04009134737376301
ORD-001227,C-0743,2024-06-21,Mobile App,Debit Card,Midwest,3,Clothing,139.26,5,6.96,32.9,62.85,0.0,4.14,No,0.0,132.3,99.89,32.41,99.89,True,2024,2024-06-01,June,0.24497354497354493
ORD-001228,C-0476,2025-02-09,Mobile App,Debit Card,Midwest,1,Sports,19.26,0,0.0,5.26,7.33,0.0,0.86,No,0.0,19.26,13.45,5.81,13.45,True,2025,2025-02-01,February,0.30166147455867076
ORD-001229,C-0493,2024-12-03,Marketplace,Credit Card,West Coast,3,Beauty,131.04,0,0.0,44.48,53.91,19.66,4.1,No,0.0,131.04,122.15,8.89,122.14999999999998,True,2024,2024-12-01,December,0.06784188034188035
ORD-001230,C-0220,2025-08-14,Website,Credit Card,Southeast,2,Books,35.86,20,7.17,24.04,17.76,0.0,1.13,Yes,28.69,-0.0,42.93,-42.93,42.93,True,2025,2025-08-01,August,
ORD-001231,C-0728,2025-07-10,Social Commerce,Debit Card,Northeast,3,Sports,176.11,20,35.22,38.7,84.4,11.27,4.39,No,0.0,140.89,138.76,2.13,138.76,True,2025,2025-07-01,July,0.015118177301440841
ORD-001232,C-0349,2025-09-21,Mobile App,Debit Card,Northeast,1,Sports,91.38,10,9.14,23.16,56.42,0.0,2.68,No,0.0,82.24,82.26,-0.02,82.26,True,2025,2025-09-01,September,-0.00024319066147859925
ORD-001233,C-0222,2024-09-22,Marketplace,PayPal,Midwest,2,Clothing,119.28,15,17.89,28.9,64.95,15.21,3.24,No,0.0,101.39,112.3,-10.91,112.3,True,2024,2024-09-01,September,-0.10760430022684683
ORD-001234,C-0538,2024-12-01,Mobile App,Credit Card,Northeast,2,Books,131.8,10,13.18,20.2,44.92,0.0,3.74,No,0.0,118.62,68.86,49.76,68.86,True,2024,2024-12-01,December,0.41949081099308716
ORD-001235,C-0044,2024-11-02,Website,Debit Card,Midwest,3,Clothing,237.42,0,0.0,35.92,107.46,0.0,7.19,No,0.0,237.42,150.57,86.85,150.57,True,2024,2024-11-01,November,0.3658074298711145
ORD-001236,C-0253,2024-12-15,Website,Credit Card,Northeast,1,Electronics,126.75,10,12.68,40.74,68.85,0.0,3.61,No,0.0,114.07,113.2,0.87,113.2,True,2024,2024-12-01,December,0.007626895765757868
ORD-001237,C-0543,2025-03-25,Website,Credit Card,Midwest,1,Toys,76.83,25,19.21,9.02,27.31,0.0,1.97,No,0.0,57.62,38.3,19.32,38.3,True,2025,2025-03-01,March,0.3353002429711906
ORD-001238,C-0101,2025-09-16,Marketplace,Credit Card,Southwest,1,Clothing,6.07,10,0.61,12.94,4.14,0.82,0.46,Yes,5.46,0.0,18.36,-18.36,18.36,True,2025,2025-09-01,September,
ORD-001239,C-0183,2025-01-10,Website,PayPal,West Coast,2,Clothing,112.48,0,0.0,28.28,58.74,0.0,3.56,No,0.0,112.48,90.58,21.9,90.58000000000001,True,2025,2025-01-01,January,0.194701280227596
ORD-001240,C-0408,2025-06-19,Marketplace,Debit Card,Southwest,1,Clothing,46.68,0,0.0,10.3,15.73,7.0,1.65,No,0.0,46.68,34.68,12.0,34.68,True,2025,2025-06-01,June,0.2570694087403599
ORD-001241,C-0390,2025-05-01,Website,Gift Card,Southwest,1,Beauty,24.9,0,0.0,39.54,10.95,0.0,1.02,No,0.0,24.9,51.51,-26.61,51.51,True,2025,2025-05-01,May,-1.0686746987951807
ORD-001242,C-0596,2025-08-20,Marketplace,PayPal,Southwest,2,Books,64.95,10,6.5,19.4,29.15,8.77,2.0,No,0.0,58.45,59.32,-0.87,59.31999999999999,True,2025,2025-08-01,August,-0.014884516680923866
ORD-001243,C-0333,2025-05-26,Mobile App,PayPal,West Coast,2,Clothing,41.77,0,0.0,18.36,26.5,0.0,1.51,No,0.0,41.77,46.37,-4.6,46.37,True,2025,2025-05-01,May,-0.11012688532439548
ORD-001244,C-0699,2025-07-13,Website,Gift Card,Northeast,2,Clothing,114.78,25,28.7,24.9,44.88,0.0,2.8,No,0.0,86.08,72.58,13.5,72.58,True,2025,2025-07-01,July,0.15683085501858737
ORD-001245,C-0069,2025-03-11,Mobile App,Credit Card,Southwest,2,Sports,96.06,20,19.21,16.84,60.53,0.0,2.53,No,0.0,76.85,79.9,-3.05,79.9,True,2025,2025-03-01,March,-0.039687703318152245
ORD-001246,C-0259,2025-07-27,Website,PayPal,West Coast,1,Electronics,42.25,0,0.0,13.58,22.95,0.0,1.53,No,0.0,42.25,38.06,4.19,38.06,True,2025,2025-07-01,July,0.0991715976331361
ORD-001247,C-0036,2025-11-15,Marketplace,PayPal,Southeast,2,Clothing,144.84,0,0.0,20.52,51.55,21.73,4.5,No,0.0,144.84,98.3,46.54,98.3,True,2025,2025-11-01,November,0.3213200773267053
ORD-001248,C-0782,2025-05-15,Website,PayPal,Southwest,1,Books,35.98,5,1.8,23.48,15.76,0.0,1.29,No,0.0,34.18,40.53,-6.35,40.53,True,2025,2025-05-01,May,-0.18578115857226446
ORD-001249,C-0475,2025-07-23,Website,Credit Card,Midwest,1,Toys,69.12,0,0.0,9.1,20.88,0.0,2.3,No,0.0,69.12,32.28,36.84,32.279999999999994,True,2025,2025-07-01,July,0.5329861111111112
ORD-001250,C-0080,2024-08-27,Mobile App,Credit Card,Southeast,2,Toys,147.91,15,22.19,22.6,52.24,0.0,3.95,No,0.0,125.72,78.79,46.93,78.79,True,2024,2024-08-01,August,0.37328985046134266
ORD-001251,C-0043,2025-05-07,Social Commerce,Debit Card,Southeast,2,Clothing,198.83,20,39.77,54.64,98.51,12.72,4.91,No,0.0,159.06,170.78,-11.72,170.78,True,2025,2025-05-01,May,-0.07368288696089527
ORD-001252,C-0097,2025-03-18,Marketplace,Buy Now Pay Later,Northeast,5,Food & Beverage,244.46,15,36.67,92.62,103.0,31.17,6.33,No,0.0,207.79,233.12,-25.33,233.12000000000003,True,2025,2025-03-01,March,-0.1219019202079022
ORD-001253,C-0769,2024-08-06,Website,Credit Card,Northeast,1,Books,16.19,10,1.62,14.7,5.89,0.0,0.72,No,0.0,14.57,21.31,-6.74,21.31,True,2024,2024-08-01,August,-0.4625943719972546
ORD-001254,C-0113,2025-08-08,Website,Credit Card,Northeast,1,Sports,45.69,0,0.0,11.58,28.21,0.0,1.63,No,0.0,45.69,41.42,4.27,41.42,True,2025,2025-08-01,August,0.09345589844604946
ORD-001255,C-0161,2025-06-16,Mobile App,Buy Now Pay Later,West Coast,2,Clothing,74.69,15,11.2,17.8,27.67,0.0,2.14,No,0.0,63.49,47.61,15.88,47.61,True,2025,2025-06-01,June,0.25011812883918727
ORD-001256,C-0377,2024-08-03,Website,PayPal,Southeast,3,Toys,332.74,15,49.91,55.74,116.83,0.0,8.5,No,0.0,282.83,181.07,101.76,181.07,True,2024,2024-08-01,August,0.35979210126224237
ORD-001257,C-0599,2024-09-07,Mobile App,PayPal,West Coast,2,Clothing,199.19,10,19.92,40.88,66.55,0.0,5.5,No,0.0,179.27,112.93,66.34,112.93,True,2024,2024-09-01,September,0.3700563395994868
ORD-001258,C-0329,2024-12-30,Website,Buy Now Pay Later,Midwest,1,Toys,14.74,20,2.95,5.58,4.57,0.0,0.64,No,0.0,11.79,10.79,1.0,10.790000000000001,True,2024,2024-12-01,December,0.08481764206955048
ORD-001259,C-0528,2024-12-14,Marketplace,Gift Card,Southeast,3,Electronics,394.07,10,39.41,60.06,158.02,53.2,10.59,No,0.0,354.66,281.87,72.79,281.87,True,2024,2024-12-01,December,0.20523882027857668
ORD-001260,C-0038,2025-08-18,Marketplace,Buy Now Pay Later,Northeast,1,Sports,29.69,15,4.45,6.06,18.66,3.79,1.03,No,0.0,25.24,29.54,-4.3,29.54,True,2025,2025-08-01,August,-0.17036450079239304
ORD-001261,C-0651,2025-04-30,Mobile App,Credit Card,Midwest,2,Beauty,193.27,0,0.0,37.36,88.69,0.0,5.9,No,0.0,193.27,131.95,61.32,131.95,True,2025,2025-04-01,April,0.3172763491488591
ORD-001262,C-0579,2025-01-24,Website,Gift Card,West Coast,1,Sports,103.35,0,0.0,5.02,30.95,0.0,3.3,No,0.0,103.35,39.27,64.08,39.269999999999996,True,2025,2025-01-01,January,0.6200290275761974
ORD-001263,C-0196,2024-02-22,Marketplace,Credit Card,West Coast,3,Home & Kitchen,259.8,5,12.99,35.42,98.18,37.02,7.46,No,0.0,246.81,178.08,68.73,178.08000000000004,True,2024,2024-02-01,February,0.2784733195575544
ORD-001264,C-0692,2025-08-18,Mobile App,Credit Card,Midwest,4,Sports,96.25,15,14.44,52.0,41.35,0.0,2.67,No,0.0,81.81,96.02,-14.21,96.02,True,2025,2025-08-01,August,-0.17369514729250704
ORD-001265,C-0506,2025-07-29,Mobile App,Credit Card,Northeast,1,Sports,17.4,0,0.0,12.3,7.23,0.0,0.8,No,0.0,17.4,20.33,-2.93,20.330000000000002,True,2025,2025-07-01,July,-0.16839080459770117
ORD-001266,C-0405,2024-09-02,Website,Debit Card,Southwest,2,Books,75.99,20,15.2,22.2,30.15,0.0,2.06,No,0.0,60.79,54.41,6.38,54.41,True,2024,2024-09-01,September,0.10495147228162527
ORD-001267,C-0578,2025-11-28,Mobile App,PayPal,Southeast,1,Books,53.0,20,10.6,11.0,16.12,0.0,1.53,No,0.0,42.4,28.65,13.75,28.650000000000002,True,2025,2025-11-01,November,0.3242924528301887
ORD-001268,C-0171,2025-01-25,Marketplace,Credit Card,Southeast,1,Clothing,267.3,0,0.0,20.34,97.65,40.09,8.05,Yes,267.3,-0.0,166.13,-166.13,166.13000000000002,True,2025,2025-01-01,January,
ORD-001269,C-0728,2024-10-15,Website,Buy Now Pay Later,Midwest,2,Books,49.02,10,4.9,24.04,19.44,0.0,1.58,No,0.0,44.12,45.06,-0.94,45.06,True,2024,2024-10-01,October,-0.02130553037171351
ORD-001270,C-0600,2025-06-30,Social Commerce,Credit Card,West Coast,1,Beauty,18.83,0,0.0,9.9,11.04,1.51,0.85,No,0.0,18.83,23.3,-4.47,23.3,True,2025,2025-06-01,June,-0.2373871481678173
ORD-001271,C-0629,2025-05-01,Mobile App,PayPal,Southeast,2,Food & Beverage,32.52,10,3.25,26.36,16.58,0.0,1.15,No,0.0,29.27,44.09,-14.82,44.089999999999996,True,2025,2025-05-01,May,-0.5063204646395627
ORD-001272,C-0276,2025-08-14,Social Commerce,PayPal,Northeast,1,Clothing,75.72,10,7.57,18.04,53.68,5.45,2.28,No,0.0,68.15,79.45,-11.3,79.45,True,2025,2025-08-01,August,-0.16581071166544387
ORD-001273,C-0669,2025-01-06,Website,Credit Card,Southeast,1,Toys,29.5,20,5.9,11.74,16.62,0.0,0.98,No,0.0,23.6,29.34,-5.74,29.34,True,2025,2025-01-01,January,-0.24322033898305084
ORD-001274,C-0439,2025-04-24,Social Commerce,Gift Card,Southeast,2,Toys,778.86,5,38.94,53.16,267.27,59.19,21.76,No,0.0,739.92,401.38,338.54,401.37999999999994,True,2025,2025-04-01,April,0.45753594983241436
ORD-001275,C-0514,2025-05-29,Social Commerce,Debit Card,Southeast,2,Sports,105.92,10,10.59,32.82,49.93,7.63,3.06,No,0.0,95.33,93.44,1.89,93.44,True,2025,2025-05-01,May,0.01982586803734396
ORD-001276,C-0797,2025-08-12,Website,PayPal,Midwest,1,Food & Beverage,389.4,0,0.0,11.46,115.92,0.0,11.59,No,0.0,389.4,138.97,250.43,138.97,True,2025,2025-08-01,August,0.6431176168464304
ORD-001277,C-0284,2025-03-30,Social Commerce,Debit Card,West Coast,1,Clothing,59.15,5,2.96,9.98,19.36,4.5,1.93,No,0.0,56.19,35.77,20.42,35.77,True,2025,2025-03-01,March,0.36340985940558823
ORD-001278,C-0039,2025-07-20,Marketplace,PayPal,Northeast,2,Electronics,142.32,10,14.23,20.04,54.77,19.21,4.01,No,0.0,128.09,98.03,30.06,98.03000000000002,True,2025,2025-07-01,July,0.23467874150987586
ORD-001279,C-0038,2025-07-12,Marketplace,Credit Card,West Coast,2,Home & Kitchen,121.15,10,12.12,23.8,49.45,16.35,3.46,No,0.0,109.03,93.06,15.97,93.05999999999999,True,2025,2025-07-01,July,0.14647344767495185
ORD-001280,C-0422,2025-01-21,Website,Credit Card,Northeast,1,Books,10.41,15,1.56,9.58,4.56,0.0,0.56,No,0.0,8.85,14.7,-5.85,14.700000000000001,True,2025,2025-01-01,January,-0.6610169491525424
ORD-001281,C-0028,2025-01-12,Marketplace,Credit Card,Northeast,1,Home & Kitchen,33.22,20,6.64,8.94,19.46,3.99,1.07,No,0.0,26.58,33.46,-6.88,33.46,True,2025,2025-01-01,January,-0.25884123401053427
ORD-001282,C-0786,2025-05-18,Website,PayPal,West Coast,1,Food & Beverage,28.96,10,2.9,9.02,8.3,0.0,1.06,No,0.0,26.06,18.38,7.68,18.38,True,2025,2025-05-01,May,0.29470452801227937
ORD-001283,C-0482,2025-07-18,Website,Credit Card,West Coast,2,Electronics,172.3,0,0.0,19.08,78.36,0.0,5.3,No,0.0,172.3,102.74,69.56,102.74,True,2025,2025-07-01,July,0.40371445153801505
ORD-001284,C-0540,2024-09-27,Website,Gift Card,Southwest,1,Electronics,260.5,15,39.08,11.82,78.92,0.0,6.72,No,0.0,221.42,97.46,123.96,97.46000000000001,True,2024,2024-09-01,September,0.5598410261042363
ORD-001285,C-0115,2025-07-06,Marketplace,Buy Now Pay Later,West Coast,3,Toys,138.51,0,0.0,39.6,57.25,20.78,4.32,No,0.0,138.51,121.95,16.56,121.94999999999999,True,2025,2025-07-01,July,0.11955815464587394
ORD-001286,C-0064,2025-03-27,Website,Credit Card,Northeast,1,Electronics,56.08,0,0.0,13.42,29.44,0.0,1.93,No,0.0,56.08,44.79,11.29,44.79,True,2025,2025-03-01,March,0.20131954350927245
ORD-001287,C-0574,2025-06-24,Mobile App,Credit Card,Northeast,1,Beauty,18.83,15,2.82,9.9,11.04,0.0,0.76,Yes,16.01,-0.0,21.7,-21.7,21.7,True,2025,2025-06-01,June,
ORD-001288,C-0565,2025-08-08,Website,PayPal,Midwest,1,Beauty,52.86,10,5.29,34.98,25.59,0.0,1.68,No,0.0,47.57,62.25,-14.68,62.24999999999999,True,2025,2025-08-01,August,-0.3085978557914652
ORD-001289,C-0091,2024-06-25,Website,PayPal,West Coast,2,Clothing,93.71,10,9.37,22.76,46.89,0.0,2.75,No,0.0,84.34,72.4,11.94,72.4,True,2024,2024-06-01,June,0.141569836376571
ORD-001290,C-0254,2025-11-11,Marketplace,Credit Card,West Coast,2,Food & Beverage,52.07,10,5.21,14.12,21.21,7.03,1.66,No,0.0,46.86,44.02,2.84,44.019999999999996,True,2025,2025-11-01,November,0.0606060606060606
ORD-001291,C-0571,2025-07-24,Website,Credit Card,Southeast,3,Home & Kitchen,237.9,15,35.69,61.24,100.09,0.0,6.16,No,0.0,202.21,167.49,34.72,167.49,True,2025,2025-07-01,July,0.17170268532713515
ORD-001292,C-0498,2025-06-06,Website,Credit Card,Midwest,1,Clothing,51.68,5,2.58,29.56,19.78,0.0,1.72,No,0.0,49.1,51.06,-1.96,51.06,True,2025,2025-06-01,June,-0.03991853360488798
ORD-001293,C-0293,2025-09-15,Marketplace,PayPal,West Coast,2,Sports,44.26,20,8.85,17.08,19.78,5.31,1.33,No,0.0,35.41,43.5,-8.09,43.5,True,2025,2025-09-01,September,-0.22846653487715338
ORD-001294,C-0384,2025-06-23,Mobile App,Debit Card,Midwest,4,Books,357.64,0,0.0,68.42,161.26,0.0,10.67,No,0.0,357.64,240.35,117.29,240.35,True,2025,2025-06-01,June,0.3279554859635388
ORD-001295,C-0012,2025-09-06,Website,PayPal,West Coast,1,Beauty,75.03,0,0.0,23.7,27.03,0.0,2.48,No,0.0,75.03,53.21,21.82,53.21,True,2025,2025-09-01,September,0.29081700653072107
ORD-001296,C-0713,2024-08-13,Mobile App,Buy Now Pay Later,Midwest,2,Sports,73.99,0,0.0,20.74,40.51,0.0,2.45,No,0.0,73.99,63.7,10.29,63.7,True,2024,2024-08-01,August,0.1390728476821192
ORD-001297,C-0239,2024-12-28,Website,Credit Card,Southeast,1,Clothing,44.72,10,4.47,9.42,31.09,0.0,1.47,No,0.0,40.25,41.98,-1.73,41.98,True,2024,2024-12-01,December,-0.04298136645962733
ORD-001298,C-0226,2025-06-20,Marketplace,Gift Card,Northeast,4,Books,170.21,0,0.0,71.04,60.13,25.53,5.24,No,0.0,170.21,161.94,8.27,161.94000000000003,True,2025,2025-06-01,June,0.04858703953939251
ORD-001299,C-0232,2024-12-18,Website,PayPal,West Coast,3,Home & Kitchen,253.98,15,38.1,37.68,81.39,0.0,6.56,No,0.0,215.88,125.63,90.25,125.63,True,2024,2024-12-01,December,0.41805632758940153
ORD-001300,C-0118,2025-04-24,Website,Buy Now Pay Later,Midwest,1,Sports,206.7,0,0.0,10.04,61.9,0.0,6.29,No,0.0,206.7,78.23,128.47,78.23,True,2025,2025-04-01,April,0.6215287856797291
ORD-001301,C-0086,2025-06-08,Mobile App,Debit Card,Northeast,1,Electronics,109.6,0,0.0,11.58,57.57,0.0,3.48,No,0.0,109.6,72.63,36.97,72.63000000000001,True,2025,2025-06-01,June,0.3373175182481752
ORD-001302,C-0086,2025-06-17,Website,Debit Card,Northeast,1,Clothing,49.76,20,9.95,14.04,27.54,0.0,1.45,No,0.0,39.81,43.03,-3.22,43.03,True,2025,2025-06-01,June,-0.08088419994976137
ORD-001303,C-0111,2024-12-20,Website,Buy Now Pay Later,West Coast,1,Food & Beverage,41.34,15,6.2,11.18,21.84,0.0,1.32,No,0.0,35.14,34.34,0.8,34.339999999999996,True,2024,2024-12-01,December,0.022766078542970976
ORD-001304,C-0610,2025-03-28,Website,Credit Card,Midwest,1,Sports,91.38,10,9.14,23.16,56.42,0.0,2.68,No,0.0,82.24,82.26,-0.02,82.26,True,2025,2025-03-01,March,-0.00024319066147859925
ORD-001305,C-0184,2025-07-31,Marketplace,Credit Card,Northeast,1,Toys,10.05,0,0.0,9.18,6.91,1.51,0.59,No,0.0,10.05,18.19,-8.14,18.19,True,2025,2025-07-01,July,-0.8099502487562189
ORD-001306,C-0464,2025-03-08,Mobile App,PayPal,West Coast,1,Beauty,36.6,0,0.0,10.62,14.64,0.0,1.36,Yes,36.6,0.0,26.62,-26.62,26.619999999999997,True,2025,2025-03-01,March,
ORD-001307,C-0088,2025-01-02,Website,PayPal,Northeast,1,Sports,45.69,0,0.0,11.58,28.21,0.0,1.63,No,0.0,45.69,41.42,4.27,41.42,True,2025,2025-01-01,January,0.09345589844604946
ORD-001308,C-0495,2025-06-16,Website,Debit Card,Southeast,2,Beauty,204.46,0,0.0,43.28,78.49,0.0,6.23,No,0.0,204.46,128.0,76.46,128.0,True,2025,2025-06-01,June,0.37396067690501805
ORD-001309,C-0367,2025-03-20,Mobile App,Gift Card,Southwest,1,Books,33.6,0,0.0,8.28,16.5,0.0,1.27,Yes,33.6,0.0,26.05,-26.05,26.05,True,2025,2025-03-01,March,
ORD-001310,C-0773,2025-06-03,Marketplace,PayPal,Northeast,1,Food & Beverage,27.16,5,1.36,11.34,13.64,3.87,1.05,No,0.0,25.8,29.9,-4.1,29.900000000000002,True,2025,2025-06-01,June,-0.15891472868217052
ORD-001311,C-0730,2024-12-24,Marketplace,Credit Card,West Coast,4,Toys,230.96,0,0.0,89.28,92.49,34.64,7.0,No,0.0,230.96,223.41,7.55,223.40999999999997,True,2024,2024-12-01,December,0.032689643228264634
ORD-001312,C-0595,2024-07-28,Website,Gift Card,Southwest,2,Food & Beverage,152.73,25,38.18,34.02,55.26,0.0,3.62,No,0.0,114.55,92.9,21.65,92.9,True,2024,2024-07-01,July,0.18900043649061543
ORD-001313,C-0042,2025-08-02,Mobile App,Credit Card,Southeast,2,Electronics,92.75,10,9.28,18.68,38.42,0.0,2.72,No,0.0,83.47,59.82,23.65,59.82,True,2025,2025-08-01,August,0.2833353300587037
ORD-001314,C-0149,2025-09-01,Website,Debit Card,Midwest,1,Books,18.27,20,3.65,9.26,11.45,0.0,0.72,No,0.0,14.62,21.43,-6.81,21.43,True,2025,2025-09-01,September,-0.46580027359781123
ORD-001315,C-0375,2025-03-23,Mobile App,Credit Card,Southeast,4,Beauty,256.32,0,0.0,56.3,93.01,0.0,7.73,No,0.0,256.32,157.04,99.28,157.04,True,2025,2025-03-01,March,0.3873283395755306
ORD-001316,C-0173,2025-05-22,Website,Debit Card,Midwest,2,Food & Beverage,68.92,25,17.23,23.46,31.27,0.0,1.8,No,0.0,51.69,56.53,-4.84,56.53,True,2025,2025-05-01,May,-0.09363513252079705
ORD-001317,C-0345,2025-03-10,Marketplace,Debit Card,Midwest,2,Books,87.55,15,13.13,16.68,27.82,11.16,2.46,No,0.0,74.42,58.12,16.3,58.12,True,2025,2025-03-01,March,0.21902714324106423
ORD-001318,C-0722,2025-06-04,Marketplace,Credit Card,West Coast,1,Books,54.81,25,13.7,27.78,34.35,6.17,1.49,No,0.0,41.11,69.79,-28.68,69.78999999999999,True,2025,2025-06-01,June,-0.6976404767696425
ORD-001319,C-0080,2025-10-23,Mobile App,PayPal,Southeast,3,Beauty,184.26,0,0.0,24.96,94.57,0.0,5.64,No,0.0,184.26,125.17,59.09,125.17,True,2025,2025-10-01,October,0.3206881580375557
ORD-001320,C-0438,2025-06-02,Marketplace,Credit Card,Northeast,1,Sports,96.35,0,0.0,3.82,38.61,14.45,3.09,No,0.0,96.35,59.97,36.38,59.97,True,2025,2025-06-01,June,0.3775817332641412
ORD-001321,C-0448,2024-09-30,Social Commerce,Credit Card,West Coast,3,Clothing,125.85,5,6.29,29.06,52.37,9.56,3.77,No,0.0,119.56,94.76,24.8,94.75999999999999,True,2024,2024-09-01,September,0.20742723318835732
ORD-001322,C-0315,2025-08-14,Website,PayPal,Southwest,1,Beauty,16.16,20,3.23,4.54,7.01,0.0,0.67,No,0.0,12.93,12.22,0.71,12.22,True,2025,2025-08-01,August,0.05491105955143078
ORD-001323,C-0063,2024-04-29,Marketplace,Credit Card,Northeast,4,Food & Beverage,360.08,20,72.02,49.5,175.69,43.21,8.65,No,0.0,288.06,277.05,11.01,277.04999999999995,True,2024,2024-04-01,April,0.03822120391585086
ORD-001324,C-0452,2024-08-31,Marketplace,Credit Card,Southwest,1,Sports,19.26,0,0.0,5.26,7.33,2.89,0.86,No,0.0,19.26,16.34,2.92,16.34,True,2024,2024-08-01,August,0.15160955347871233
ORD-001325,C-0057,2025-01-24,Marketplace,Buy Now Pay Later,Midwest,1,Toys,94.27,0,0.0,7.98,37.2,14.14,3.03,No,0.0,94.27,62.35,31.92,62.35000000000001,True,2025,2025-01-01,January,0.3386018881934868
ORD-001326,C-0121,2024-08-17,Website,Credit Card,Midwest,1,Electronics,20.67,0,0.0,4.3,5.96,0.0,0.9,No,0.0,20.67,11.16,9.51,11.16,True,2024,2024-08-01,August,0.4600870827285921
ORD-001327,C-0457,2024-12-04,Website,PayPal,Northeast,1,Home & Kitchen,58.8,20,11.76,12.44,22.82,0.0,1.66,No,0.0,47.04,36.92,10.12,36.919999999999995,True,2024,2024-12-01,December,0.2151360544217687
ORD-001328,C-0568,2025-10-28,Mobile App,Debit Card,West Coast,2,Beauty,91.03,20,18.21,24.66,46.54,0.0,2.41,No,0.0,72.82,73.61,-0.79,73.61,True,2025,2025-10-01,October,-0.010848667948365835
ORD-001329,C-0484,2025-10-27,Social Commerce,Credit Card,West Coast,3,Home & Kitchen,227.61,5,11.38,38.4,100.89,17.3,6.57,No,0.0,216.23,163.16,53.07,163.16,True,2025,2025-10-01,October,0.245433103639643
ORD-001330,C-0682,2025-05-06,Marketplace,PayPal,Southwest,1,Sports,13.9,10,1.39,15.96,9.7,1.88,0.66,No,0.0,12.51,28.2,-15.69,28.2,True,2025,2025-05-01,May,-1.2541966426858513
ORD-001331,C-0649,2024-12-20,Website,Credit Card,Northeast,1,Home & Kitchen,58.8,0,0.0,12.44,22.82,0.0,2.01,No,0.0,58.8,37.27,21.53,37.269999999999996,True,2024,2024-12-01,December,0.36615646258503404
ORD-001332,C-0041,2025-12-16,Marketplace,Credit Card,Southeast,1,Food & Beverage,28.96,0,0.0,9.02,8.3,4.34,1.14,No,0.0,28.96,22.8,6.16,22.8,True,2025,2025-12-01,December,0.212707182320442
ORD-001333,C-0695,2024-11-28,Marketplace,PayPal,Southeast,3,Toys,224.95,5,11.25,25.28,81.38,32.05,6.5,No,0.0,213.7,145.21,68.49,145.20999999999998,True,2024,2024-11-01,November,0.32049602246139447
ORD-001334,C-0070,2025-01-13,Social Commerce,Credit Card,Southeast,4,Home & Kitchen,449.42,10,44.94,110.08,185.99,32.36,12.03,Yes,404.48,0.0,340.46,-340.46,340.46,True,2025,2025-01-01,January,
ORD-001335,C-0694,2025-09-20,Social Commerce,Credit Card,West Coast,1,Electronics,384.76,15,57.71,20.12,145.18,26.16,9.78,Yes,327.05,0.0,201.24,-201.24,201.24,True,2025,2025-09-01,September,
ORD-001336,C-0509,2025-06-15,Website,PayPal,Northeast,3,Food & Beverage,179.93,10,17.99,25.78,63.38,0.0,5.0,No,0.0,161.94,94.16,67.78,94.16,True,2025,2025-06-01,June,0.4185500802766457
ORD-001337,C-0048,2025-05-03,Social Commerce,Credit Card,Midwest,1,Beauty,24.02,5,1.2,3.98,10.75,1.83,0.96,No,0.0,22.82,17.52,5.3,17.520000000000003,True,2025,2025-05-01,May,0.2322524101665206
ORD-001338,C-0118,2025-07-08,Mobile App,Credit Card,Northeast,2,Sports,195.82,0,0.0,24.6,73.4,0.0,5.98,No,0.0,195.82,103.98,91.84,103.98,True,2025,2025-07-01,July,0.46900214482688185
ORD-001339,C-0495,2024-12-05,Website,Debit Card,Northeast,1,Electronics,24.31,0,0.0,5.74,7.13,0.0,1.0,Yes,24.31,0.0,13.87,-13.87,13.870000000000001,True,2024,2024-12-01,December,
ORD-001340,C-0197,2025-12-07,Website,Buy Now Pay Later,West Coast,1,Books,46.4,15,6.96,15.96,13.54,0.0,1.44,No,0.0,39.44,30.94,8.5,30.94,True,2025,2025-12-01,December,0.21551724137931036
ORD-001341,C-0106,2025-09-16,Website,Credit Card,West Coast,2,Clothing,131.07,10,13.11,20.2,44.79,0.0,3.72,No,0.0,117.96,68.71,49.25,68.71,True,2025,2025-09-01,September,0.4175144116649712
ORD-001342,C-0302,2025-08-17,Marketplace,Credit Card,Southeast,4,Electronics,451.1,0,0.0,63.64,206.48,67.66,13.38,No,0.0,451.1,351.16,99.94,351.15999999999997,True,2025,2025-08-01,August,0.2215473287519397
ORD-001343,C-0274,2025-04-30,Website,Debit Card,West Coast,2,Beauty,39.52,0,0.0,28.84,21.67,0.0,1.45,No,0.0,39.52,51.96,-12.44,51.96000000000001,True,2025,2025-04-01,April,-0.3147773279352226
ORD-001344,C-0518,2025-09-20,Website,Debit Card,West Coast,2,Sports,133.08,0,0.0,17.54,44.21,0.0,4.16,No,0.0,133.08,65.91,67.17,65.91,True,2025,2025-09-01,September,0.5047339945897205
ORD-001345,C-0747,2025-02-03,Website,PayPal,Southeast,3,Sports,224.07,0,0.0,24.26,70.31,0.0,6.8,No,0.0,224.07,101.37,122.7,101.37,True,2025,2025-02-01,February,0.5475967331637435
ORD-001346,C-0143,2024-11-10,Website,PayPal,West Coast,1,Home & Kitchen,88.2,15,13.23,18.66,34.23,0.0,2.47,No,0.0,74.97,55.36,19.61,55.36,True,2024,2024-11-01,November,0.26157129518474054
ORD-001347,C-0650,2025-11-05,Social Commerce,Credit Card,Southwest,1,Beauty,47.32,25,11.83,9.1,20.94,2.84,1.33,No,0.0,35.49,34.21,1.28,34.209999999999994,True,2025,2025-11-01,November,0.03606649760495914
ORD-001348,C-0098,2025-03-09,Social Commerce,Credit Card,Northeast,1,Beauty,17.62,0,0.0,11.66,8.53,1.41,0.81,No,0.0,17.62,22.41,-4.79,22.409999999999997,True,2025,2025-03-01,March,-0.27185017026106695
ORD-001349,C-0709,2024-11-20,Marketplace,Credit Card,Northeast,1,Beauty,77.53,10,7.75,4.78,24.83,10.47,2.32,No,0.0,69.78,42.4,27.38,42.4,True,2024,2024-11-01,November,0.3923760389796503
ORD-001350,C-0056,2024-10-08,Marketplace,Buy Now Pay Later,Midwest,2,Beauty,167.84,15,25.18,29.14,75.97,21.4,4.44,No,0.0,142.66,130.95,11.71,130.95,True,2024,2024-10-01,October,0.08208327491938877
ORD-001351,C-0692,2025-01-28,Marketplace,Credit Card,Southwest,1,Toys,59.85,5,2.99,13.38,20.49,8.53,1.95,No,0.0,56.86,44.35,12.51,44.35,True,2025,2025-01-01,January,0.22001406964474146
ORD-001352,C-0064,2025-03-16,Website,PayPal,Midwest,3,Clothing,194.36,5,9.72,43.2,80.37,0.0,5.65,No,0.0,184.64,129.22,55.42,129.22,True,2025,2025-03-01,March,0.30015164644714043
ORD-001353,C-0301,2025-06-16,Website,Credit Card,Midwest,1,Sports,29.59,5,1.48,4.7,12.42,0.0,1.12,No,0.0,28.11,18.24,9.87,18.240000000000002,True,2025,2025-06-01,June,0.3511205976520811
ORD-001354,C-0621,2024-11-03,Marketplace,PayPal,Midwest,1,Home & Kitchen,67.09,0,0.0,10.54,26.96,10.06,2.25,No,0.0,67.09,49.81,17.28,49.81,True,2024,2024-11-01,November,0.2575644656431659
ORD-001355,C-0216,2025-10-15,Website,PayPal,Southwest,1,Toys,153.66,0,0.0,18.04,54.62,0.0,4.76,No,0.0,153.66,77.42,76.24,77.42,True,2025,2025-10-01,October,0.49616035402837433
ORD-001356,C-0081,2024-11-08,Marketplace,Credit Card,Southeast,1,Electronics,43.34,5,2.17,9.58,15.91,6.18,1.49,Yes,41.17,0.0,33.16,-33.16,33.160000000000004,True,2024,2024-11-01,November,
ORD-001357,C-0656,2025-05-05,Marketplace,Credit Card,Southeast,1,Electronics,43.34,15,6.5,9.58,15.91,5.53,1.37,No,0.0,36.84,32.39,4.45,32.39,True,2025,2025-05-01,May,0.12079261672095548
ORD-001358,C-0099,2025-04-10,Mobile App,PayPal,Northeast,3,Home & Kitchen,334.57,0,0.0,33.04,130.27,0.0,10.0,No,0.0,334.57,173.31,161.26,173.31,True,2025,2025-04-01,April,0.48199181038347727
ORD-001359,C-0239,2025-07-30,Marketplace,Buy Now Pay Later,Southwest,2,Home & Kitchen,254.18,5,12.71,39.3,99.39,36.22,7.3,No,0.0,241.47,182.21,59.26,182.21,True,2025,2025-07-01,July,0.24541350892450406
ORD-001360,C-0173,2025-08-31,Mobile App,PayPal,Southwest,1,Sports,91.38,0,0.0,23.16,56.42,0.0,2.95,No,0.0,91.38,82.53,8.85,82.53,True,2025,2025-08-01,August,0.09684832567301378
ORD-001361,C-0034,2024-11-27,Website,Credit Card,Midwest,1,Clothing,12.14,15,1.82,25.88,8.28,0.0,0.6,No,0.0,10.32,34.76,-24.44,34.76,True,2024,2024-11-01,November,-2.368217054263566
ORD-001362,C-0156,2025-05-24,Website,PayPal,Southwest,2,Toys,71.11,5,3.56,15.64,26.34,0.0,2.26,No,0.0,67.55,44.24,23.31,44.24,True,2025,2025-05-01,May,0.34507772020725386
ORD-001363,C-0374,2024-10-07,Website,Credit Card,Northeast,1,Electronics,192.38,5,9.62,10.06,72.59,0.0,5.6,No,0.0,182.76,88.25,94.51,88.25,True,2024,2024-10-01,October,0.5171262858393522
ORD-001364,C-0662,2024-08-06,Marketplace,Debit Card,Southeast,5,Toys,774.53,10,77.45,82.14,262.78,104.56,20.52,No,0.0,697.08,470.0,227.08,469.99999999999994,True,2024,2024-08-01,August,0.32575887989900726
ORD-001365,C-0243,2025-07-31,Website,PayPal,Midwest,3,Electronics,191.78,15,28.77,29.92,91.23,0.0,5.03,No,0.0,163.01,126.18,36.83,126.18,True,2025,2025-07-01,July,0.2259370590761303
ORD-001366,C-0292,2025-10-25,Website,Credit Card,Northeast,2,Toys,142.97,5,7.15,19.4,46.08,0.0,4.24,No,0.0,135.82,69.72,66.1,69.71999999999998,True,2025,2025-10-01,October,0.4866735385068473
ORD-001367,C-0319,2025-03-22,Website,Gift Card,West Coast,1,Toys,44.22,0,0.0,16.74,13.71,0.0,1.58,No,0.0,44.22,32.03,12.19,32.03,True,2025,2025-03-01,March,0.27566711895070106
ORD-001368,C-0081,2025-03-25,Mobile App,Buy Now Pay Later,Northeast,1,Home & Kitchen,154.72,0,0.0,11.5,47.55,0.0,4.79,No,0.0,154.72,63.84,90.88,63.839999999999996,True,2025,2025-03-01,March,0.5873836608066184
ORD-001369,C-0287,2024-06-21,Website,Debit Card,Midwest,1,Home & Kitchen,73.72,5,3.69,11.0,39.34,0.0,2.33,No,0.0,70.03,52.67,17.36,52.67,True,2024,2024-06-01,June,0.24789375981722117
ORD-001370,C-0794,2025-05-30,Website,PayPal,Southwest,1,Electronics,135.82,0,0.0,5.82,43.05,0.0,4.24,No,0.0,135.82,53.11,82.71,53.11,True,2025,2025-05-01,May,0.6089677514357238
ORD-001371,C-0418,2025-07-12,Website,Buy Now Pay Later,Midwest,1,Home & Kitchen,70.07,25,17.52,9.9,30.37,0.0,1.82,No,0.0,52.55,42.09,10.46,42.09,True,2025,2025-07-01,July,0.19904852521408187
ORD-001372,C-0574,2025-04-02,Website,PayPal,Northeast,3,Home & Kitchen,391.37,0,0.0,64.78,142.79,0.0,11.65,No,0.0,391.37,219.22,172.15,219.22,True,2025,2025-04-01,April,0.43986508930168383
ORD-001373,C-0694,2024-09-08,Social Commerce,Credit Card,Southwest,2,Toys,112.84,15,16.93,33.62,50.91,7.67,3.08,No,0.0,95.91,95.28,0.63,95.28,True,2024,2024-09-01,September,0.0065686581169846735
ORD-001374,C-0305,2025-09-25,Marketplace,PayPal,Midwest,1,Books,16.8,0,0.0,4.14,8.25,2.52,0.79,No,0.0,16.8,15.7,1.1,15.7,True,2025,2025-09-01,September,0.06547619047619048
ORD-001375,C-0646,2025-01-12,Social Commerce,Credit Card,Southwest,1,Books,9.94,0,0.0,7.34,6.71,0.8,0.59,No,0.0,9.94,15.44,-5.5,15.440000000000001,True,2025,2025-01-01,January,-0.5533199195171027
ORD-001376,C-0456,2025-07-26,Marketplace,Credit Card,Southwest,1,Toys,249.02,15,37.35,11.96,77.06,31.75,6.44,No,0.0,211.67,127.21,84.46,127.21000000000001,True,2025,2025-07-01,July,0.39901733830963293
ORD-001377,C-0470,2025-08-17,Mobile App,Debit Card,Northeast,2,Electronics,169.42,10,16.94,38.5,68.43,0.0,4.72,No,0.0,152.48,111.65,40.83,111.65,True,2025,2025-08-01,August,0.2677728226652676
ORD-001378,C-0679,2025-09-27,Mobile App,Credit Card,Southwest,3,Sports,207.77,0,0.0,42.56,81.31,0.0,6.33,No,0.0,207.77,130.2,77.57,130.20000000000002,True,2025,2025-09-01,September,0.3733455263031236
ORD-001379,C-0330,2025-01-01,Social Commerce,Gift Card,Southwest,2,Beauty,36.14,10,3.61,19.56,12.12,2.6,1.24,No,0.0,32.53,35.52,-2.99,35.52,True,2025,2025-01-01,January,-0.09191515524131572
ORD-001380,C-0720,2025-11-20,Website,PayPal,Midwest,2,Toys,40.48,10,4.05,27.14,19.67,0.0,1.36,No,0.0,36.43,48.17,-11.74,48.17,True,2025,2025-11-01,November,-0.3222618720834477
ORD-001381,C-0776,2025-07-17,Social Commerce,Credit Card,Midwest,2,Beauty,50.91,5,2.55,25.88,31.06,3.87,1.7,No,0.0,48.36,62.51,-14.15,62.51,True,2025,2025-07-01,July,-0.2925971877584781
ORD-001382,C-0763,2025-08-20,Mobile App,PayPal,Midwest,1,Toys,82.29,0,0.0,13.02,37.65,0.0,2.69,No,0.0,82.29,53.36,28.93,53.36,True,2025,2025-08-01,August,0.35156155061368327
ORD-001383,C-0425,2025-08-25,Website,Credit Card,West Coast,1,Toys,75.84,0,0.0,12.3,34.48,0.0,2.5,No,0.0,75.84,49.28,26.56,49.28,True,2025,2025-08-01,August,0.35021097046413496
ORD-001384,C-0137,2024-08-16,Website,PayPal,Northeast,1,Food & Beverage,230.18,15,34.53,16.44,67.9,0.0,5.97,Yes,195.65,0.0,90.31,-90.31,90.31,True,2024,2024-08-01,August,
ORD-001385,C-0038,2025-09-28,Mobile App,Credit Card,West Coast,4,Books,309.01,0,0.0,56.6,128.37,0.0,9.26,No,0.0,309.01,194.23,114.78,194.23,True,2025,2025-09-01,September,0.3714442898288081
ORD-001386,C-0005,2025-09-24,Website,Gift Card,Midwest,2,Clothing,102.42,0,0.0,13.88,59.51,0.0,3.27,Yes,102.42,0.0,76.66,-76.66,76.66,True,2025,2025-09-01,September,
ORD-001387,C-0781,2025-10-13,Website,Credit Card,Northeast,1,Home & Kitchen,29.4,0,0.0,6.22,11.41,0.0,1.15,No,0.0,29.4,18.78,10.62,18.779999999999998,True,2025,2025-10-01,October,0.36122448979591837
ORD-001388,C-0090,2025-10-19,Social Commerce,Gift Card,Southeast,1,Home & Kitchen,230.02,0,0.0,26.36,70.98,18.4,6.97,No,0.0,230.02,122.71,107.31,122.71000000000001,True,2025,2025-10-01,October,0.46652465003043214
ORD-001389,C-0374,2024-03-07,Mobile App,Credit Card,Southeast,1,Electronics,73.14,10,7.31,41.7,48.57,0.0,2.21,No,0.0,65.83,92.48,-26.65,92.48,True,2024,2024-03-01,March,-0.4048306243354094
ORD-001390,C-0525,2025-09-05,Website,Debit Card,Northeast,1,Books,17.99,15,2.7,11.74,7.88,0.0,0.74,No,0.0,15.29,20.36,-5.07,20.36,True,2025,2025-09-01,September,-0.33158927403531724
ORD-001391,C-0388,2025-06-07,Mobile App,Credit Card,Southeast,2,Toys,107.93,15,16.19,18.6,41.89,0.0,2.96,No,0.0,91.74,63.45,28.29,63.45,True,2025,2025-06-01,June,0.3083714846304774
ORD-001392,C-0287,2025-11-25,Mobile App,Buy Now Pay Later,Southwest,2,Food & Beverage,88.97,0,0.0,26.92,35.72,0.0,2.88,No,0.0,88.97,65.52,23.45,65.52,True,2025,2025-11-01,November,0.26357199055861524
ORD-001393,C-0063,2025-02-14,Website,Buy Now Pay Later,Northeast,2,Toys,87.34,5,4.37,19.48,27.1,0.0,2.71,No,0.0,82.97,49.29,33.68,49.29,True,2025,2025-02-01,February,0.4059298541641557
ORD-001394,C-0078,2025-06-25,Marketplace,PayPal,West Coast,2,Clothing,130.61,15,19.59,41.06,57.58,16.65,3.52,No,0.0,111.02,118.81,-7.79,118.80999999999999,True,2025,2025-06-01,June,-0.07016753738065214
ORD-001395,C-0561,2024-12-14,Marketplace,PayPal,Northeast,2,Home & Kitchen,156.19,10,15.62,17.32,59.51,21.09,4.38,No,0.0,140.57,102.3,38.27,102.3,True,2024,2024-12-01,December,0.27224870171444837
ORD-001396,C-0111,2024-09-30,Website,PayPal,Southwest,2,Toys,31.06,0,0.0,15.4,14.14,0.0,1.2,No,0.0,31.06,30.74,0.32,30.74,True,2024,2024-09-01,September,0.010302640051513202
ORD-001397,C-0684,2024-10-04,Mobile App,Credit Card,Southeast,1,Books,17.99,20,3.6,11.74,7.88,0.0,0.72,No,0.0,14.39,20.34,-5.95,20.34,True,2024,2024-10-01,October,-0.4134815844336345
ORD-001398,C-0528,2025-04-08,Website,PayPal,Southwest,2,Sports,78.31,0,0.0,17.4,35.07,0.0,2.57,No,0.0,78.31,55.04,23.27,55.04,True,2025,2025-04-01,April,0.2971523432511812
ORD-001399,C-0164,2025-09-03,Mobile App,Credit Card,Southeast,1,Toys,45.16,10,4.52,9.9,21.86,0.0,1.48,Yes,40.64,0.0,33.24,-33.24,33.239999999999995,True,2025,2025-09-01,September,
ORD-001400,C-0527,2025-07-11,Marketplace,Buy Now Pay Later,Northeast,2,Sports,53.55,0,0.0,17.0,21.12,8.03,1.85,No,0.0,53.55,48.0,5.55,48.00000000000001,True,2025,2025-07-01,July,0.10364145658263306
ORD-001401,C-0162,2025-08-16,Marketplace,Debit Card,Midwest,1,Home & Kitchen,13.82,15,2.07,15.18,6.6,1.76,0.64,No,0.0,11.75,24.18,-12.43,24.180000000000003,True,2025,2025-08-01,August,-1.057872340425532
ORD-001402,C-0587,2024-11-30,Mobile App,Buy Now Pay Later,Southeast,1,Beauty,36.92,5,1.85,7.74,12.95,0.0,1.32,No,0.0,35.07,22.01,13.06,22.009999999999998,True,2024,2024-11-01,November,0.3723980610208155
ORD-001403,C-0656,2025-09-15,Website,PayPal,Northeast,3,Toys,188.87,10,18.89,38.02,103.48,0.0,5.23,No,0.0,169.98,146.73,23.25,146.73,True,2025,2025-09-01,September,0.1367807977409107
ORD-001404,C-0535,2025-11-27,Website,Credit Card,Southwest,1,Sports,192.7,25,48.17,7.64,77.22,0.0,4.49,No,0.0,144.53,89.35,55.18,89.35,True,2025,2025-11-01,November,0.3817892479070089
ORD-001405,C-0579,2025-08-08,Mobile App,Debit Card,Southwest,1,Books,10.62,0,0.0,9.18,5.38,0.0,0.61,No,0.0,10.62,15.17,-4.55,15.169999999999998,True,2025,2025-08-01,August,-0.428436911487759
ORD-001406,C-0236,2025-08-24,Website,Debit Card,Southeast,2,Electronics,214.09,5,10.7,9.08,66.7,0.0,6.2,No,0.0,203.39,81.98,121.41,81.98,True,2025,2025-08-01,August,0.5969320025566646
ORD-001407,C-0061,2025-06-21,Website,PayPal,Southwest,1,Clothing,64.65,0,0.0,45.3,37.2,0.0,2.17,No,0.0,64.65,84.67,-20.02,84.67,True,2025,2025-06-01,June,-0.3096674400618716
ORD-001408,C-0006,2025-03-05,Mobile App,Debit Card,Midwest,2,Clothing,74.5,0,0.0,12.2,39.38,0.0,2.46,No,0.0,74.5,54.04,20.46,54.04,True,2025,2025-03-01,March,0.2746308724832215
ORD-001409,C-0259,2025-07-14,Social Commerce,Credit Card,Southwest,1,Books,9.03,10,0.9,13.98,6.37,0.65,0.54,Yes,8.13,-0.0,21.54,-21.54,21.54,True,2025,2025-07-01,July,
ORD-001410,C-0138,2025-04-19,Marketplace,PayPal,West Coast,1,Home & Kitchen,41.46,10,4.15,45.54,19.8,5.6,1.38,No,0.0,37.31,72.32,-35.01,72.32,True,2025,2025-04-01,April,-0.938354328598231
ORD-001411,C-0463,2025-07-11,Website,Debit Card,Southeast,4,Electronics,428.14,25,107.03,59.4,159.72,0.0,9.61,No,0.0,321.11,228.73,92.38,228.73000000000002,True,2025,2025-07-01,July,0.28768957678054247
ORD-001412,C-0009,2024-10-08,Website,Credit Card,Southeast,1,Food & Beverage,129.8,0,0.0,3.82,38.64,0.0,4.06,No,0.0,129.8,46.52,83.28,46.52,True,2024,2024-10-01,October,0.6416024653312788
ORD-001413,C-0237,2025-05-06,Website,Credit Card,Midwest,1,Food & Beverage,129.8,5,6.49,3.82,38.64,0.0,3.88,No,0.0,123.31,46.34,76.97,46.34,True,2025,2025-05-01,May,0.6241991728164787
ORD-001414,C-0621,2025-04-09,Marketplace,PayPal,West Coast,2,Clothing,75.34,10,7.53,24.68,25.25,10.17,2.27,No,0.0,67.81,62.37,5.44,62.370000000000005,True,2025,2025-04-01,April,0.08022415572924348
ORD-001415,C-0423,2025-01-21,Marketplace,Credit Card,Northeast,2,Clothing,107.56,20,21.51,29.38,57.45,12.91,2.8,No,0.0,86.05,102.54,-16.49,102.53999999999999,True,2025,2025-01-01,January,-0.1916327716443928
ORD-001416,C-0231,2025-07-11,Marketplace,PayPal,Southwest,1,Books,53.0,25,13.25,11.0,16.12,5.96,1.45,No,0.0,39.75,34.53,5.22,34.53,True,2025,2025-07-01,July,0.13132075471698113
ORD-001417,C-0437,2025-06-19,Mobile App,Buy Now Pay Later,Northeast,3,Clothing,341.1,10,34.11,32.46,152.43,0.0,9.2,No,0.0,306.99,194.09,112.9,194.09,True,2025,2025-06-01,June,0.3677644222938858
ORD-001418,C-0173,2025-10-26,Marketplace,Gift Card,Midwest,3,Toys,138.54,25,34.64,23.38,54.84,15.59,3.31,No,0.0,103.9,97.12,6.78,97.12,True,2025,2025-10-01,October,0.06525505293551492
ORD-001419,C-0033,2025-01-02,Website,Credit Card,Southwest,1,Clothing,100.26,0,0.0,8.44,63.28,0.0,3.21,No,0.0,100.26,74.93,25.33,74.92999999999999,True,2025,2025-01-01,January,0.25264312786754434
ORD-001420,C-0087,2024-06-24,Social Commerce,Credit Card,West Coast,1,Home & Kitchen,83.78,25,20.95,14.22,25.22,5.03,2.12,No,0.0,62.83,46.59,16.24,46.589999999999996,True,2024,2024-06-01,June,0.25847525067642846
ORD-001421,C-0072,2025-02-18,Website,Credit Card,Southeast,1,Electronics,24.38,25,6.09,13.9,16.19,0.0,0.83,No,0.0,18.29,30.92,-12.63,30.92,True,2025,2025-02-01,February,-0.6905412793876436
ORD-001422,C-0644,2024-11-22,Social Commerce,PayPal,Southeast,1,Electronics,78.79,25,19.7,13.5,31.36,4.73,2.01,No,0.0,59.09,51.6,7.49,51.6,True,2024,2024-11-01,November,0.1267557962430191
ORD-001423,C-0125,2025-06-14,Website,PayPal,Midwest,3,Books,255.54,0,0.0,54.22,96.34,0.0,7.71,No,0.0,255.54,158.27,97.27,158.27,True,2025,2025-06-01,June,0.3806449088205369
ORD-001424,C-0217,2024-08-02,Mobile App,Credit Card,West Coast,1,Sports,62.94,0,0.0,6.62,26.48,0.0,2.13,No,0.0,62.94,35.23,27.71,35.230000000000004,True,2024,2024-08-01,August,0.44026056561804894
ORD-001425,C-0602,2024-11-30,Mobile App,Gift Card,West Coast,1,Toys,140.4,15,21.06,29.7,57.63,0.0,3.76,No,0.0,119.34,91.09,28.25,91.09,True,2024,2024-11-01,November,0.23671861907156025
ORD-001426,C-0763,2025-05-24,Mobile App,PayPal,West Coast,2,Books,96.43,10,9.64,28.92,41.91,0.0,2.82,No,0.0,86.79,73.65,13.14,73.64999999999999,True,2025,2025-05-01,May,0.15139993086761147
ORD-001427,C-0520,2025-09-25,Website,Buy Now Pay Later,Southwest,1,Electronics,43.34,10,4.33,9.58,15.91,0.0,1.43,Yes,39.01,0.0,26.92,-26.92,26.92,True,2025,2025-09-01,September,
ORD-001428,C-0249,2025-10-18,Marketplace,PayPal,Southwest,2,Sports,153.51,10,15.35,20.12,54.9,20.72,4.31,No,0.0,138.16,100.05,38.11,100.05,True,2025,2025-10-01,October,0.275839606253619
ORD-001429,C-0252,2025-02-09,Mobile App,PayPal,Midwest,1,Clothing,94.4,5,4.72,21.88,51.18,0.0,2.9,No,0.0,89.68,75.96,13.72,75.96000000000001,True,2025,2025-02-01,February,0.15298840321141838
ORD-001430,C-0283,2025-08-04,Mobile App,Debit Card,Southeast,3,Beauty,268.49,0,0.0,60.62,111.32,0.0,8.09,No,0.0,268.49,180.03,88.46,180.03,True,2025,2025-08-01,August,0.32947223360274125
ORD-001431,C-0223,2024-12-30,Website,Credit Card,Northeast,1,Toys,188.54,0,0.0,15.96,74.4,0.0,5.77,No,0.0,188.54,96.13,92.41,96.13000000000001,True,2024,2024-12-01,December,0.49013471942293413
ORD-001432,C-0654,2025-09-17,Marketplace,Buy Now Pay Later,Midwest,2,Books,57.08,0,0.0,51.2,32.62,8.56,1.96,No,0.0,57.08,94.34,-37.26,94.33999999999999,True,2025,2025-09-01,September,-0.6527680448493343
ORD-001433,C-0357,2025-05-26,Website,Buy Now Pay Later,Southeast,2,Books,51.04,0,0.0,15.4,15.01,0.0,1.78,No,0.0,51.04,32.19,18.85,32.19,True,2025,2025-05-01,May,0.3693181818181819
ORD-001434,C-0389,2025-03-21,Website,Buy Now Pay Later,Southwest,2,Clothing,52.71,0,0.0,27.0,22.02,0.0,1.83,No,0.0,52.71,50.85,1.86,50.849999999999994,True,2025,2025-03-01,March,0.03528742174160501
ORD-001435,C-0070,2024-10-19,Website,Credit Card,Southwest,1,Sports,41.97,25,10.49,13.42,12.24,0.0,1.21,No,0.0,31.48,26.87,4.61,26.87,True,2024,2024-10-01,October,0.14644218551461247
ORD-001436,C-0629,2024-10-02,Social Commerce,Buy Now Pay Later,Northeast,1,Sports,55.06,0,0.0,5.82,21.08,4.4,1.9,No,0.0,55.06,33.2,21.86,33.199999999999996,True,2024,2024-10-01,October,0.3970214311660007
ORD-001437,C-0042,2024-11-20,Website,PayPal,Midwest,2,Toys,208.61,10,20.86,32.98,73.91,0.0,5.74,No,0.0,187.75,112.63,75.12,112.62999999999998,True,2024,2024-11-01,November,0.40010652463382157
ORD-001438,C-0176,2025-06-11,Marketplace,Credit Card,Northeast,1,Clothing,59.15,20,11.83,9.98,19.36,7.1,1.67,No,0.0,47.32,38.11,9.21,38.11,True,2025,2025-06-01,June,0.19463229078613695
ORD-001439,C-0141,2025-05-26,Marketplace,PayPal,Midwest,3,Sports,382.77,5,19.14,55.48,151.43,54.54,10.85,No,0.0,363.63,272.3,91.33,272.3,True,2025,2025-05-01,May,0.25116189533316835
ORD-001440,C-0217,2025-07-27,Website,Gift Card,Southeast,3,Books,153.96,15,23.09,85.46,63.47,0.0,4.1,No,0.0,130.87,153.03,-22.16,153.03,True,2025,2025-07-01,July,-0.1693283411018568
ORD-001441,C-0358,2025-11-19,Mobile App,Buy Now Pay Later,Southeast,1,Clothing,95.89,5,4.79,9.34,27.4,0.0,2.94,No,0.0,91.1,39.68,51.42,39.67999999999999,True,2025,2025-11-01,November,0.5644346871569704
ORD-001442,C-0282,2025-01-16,Mobile App,Debit Card,Northeast,5,Food & Beverage,169.52,25,42.38,76.34,64.85,0.0,3.99,No,0.0,127.14,145.18,-18.04,145.18,True,2025,2025-01-01,January,-0.14189082900739342
ORD-001443,C-0723,2024-03-30,Marketplace,Buy Now Pay Later,Northeast,3,Clothing,123.83,10,12.38,30.4,46.03,16.72,3.53,No,0.0,111.45,96.68,14.77,96.68,True,2024,2024-03-01,March,0.13252579632122027
ORD-001444,C-0736,2025-03-23,Marketplace,Debit Card,Midwest,2,Food & Beverage,127.18,0,0.0,29.7,40.46,19.08,3.99,No,0.0,127.18,93.23,33.95,93.22999999999999,True,2025,2025-03-01,March,0.266944488127064
ORD-001445,C-0572,2025-08-08,Social Commerce,PayPal,Northeast,3,Sports,595.43,15,89.31,45.66,206.85,40.49,14.98,No,0.0,506.12,307.98,198.14,307.98,True,2025,2025-08-01,August,0.39148818462024815
ORD-001446,C-0142,2025-12-28,Mobile App,Credit Card,Southeast,1,Electronics,185.03,0,0.0,5.42,66.69,0.0,5.67,Yes,185.03,0.0,77.78,-77.78,77.78,True,2025,2025-12-01,December,
ORD-001447,C-0525,2024-12-14,Mobile App,Debit Card,Southeast,1,Clothing,56.0,0,0.0,12.86,19.82,0.0,1.92,No,0.0,56.0,34.6,21.4,34.6,True,2024,2024-12-01,December,0.3821428571428571
ORD-001448,C-0442,2025-02-19,Social Commerce,Credit Card,Southwest,3,Sports,273.3,10,27.33,42.94,114.51,19.68,7.43,No,0.0,245.97,184.56,61.41,184.56,True,2025,2025-02-01,February,0.2496645932430784
ORD-001449,C-0279,2024-11-01,Website,PayPal,Southeast,1,Clothing,24.88,0,0.0,7.02,13.77,0.0,1.02,No,0.0,24.88,21.81,3.07,21.81,True,2024,2024-11-01,November,0.12339228295819936
ORD-001450,C-0315,2024-07-22,Website,PayPal,Southeast,1,Beauty,88.77,0,0.0,34.98,30.84,0.0,2.87,No,0.0,88.77,68.69,20.08,68.69,True,2024,2024-07-01,July,0.22620254590514813
ORD-001451,C-0516,2024-11-26,Mobile App,Credit Card,Midwest,2,Sports,107.36,5,5.37,33.3,50.27,0.0,3.26,No,0.0,101.99,86.83,15.16,86.83,True,2024,2024-11-01,November,0.14864202372781646
ORD-001452,C-0452,2025-06-17,Mobile App,Credit Card,West Coast,1,Food & Beverage,52.69,20,10.54,5.82,23.14,0.0,1.52,No,0.0,42.15,30.48,11.67,30.48,True,2025,2025-06-01,June,0.27686832740213524
ORD-001453,C-0580,2025-08-17,Website,Debit Card,Southwest,1,Food & Beverage,96.12,15,14.42,42.66,59.97,0.0,2.67,No,0.0,81.7,105.3,-23.6,105.3,True,2025,2025-08-01,August,-0.28886168910648713
ORD-001454,C-0499,2025-05-14,Website,Debit Card,Midwest,3,Electronics,216.49,15,32.47,44.08,68.67,0.0,5.64,No,0.0,184.02,118.39,65.63,118.39,True,2025,2025-05-01,May,0.3566460167373111
ORD-001455,C-0094,2025-09-10,Marketplace,Credit Card,Southwest,1,Food & Beverage,32.66,0,0.0,23.32,21.38,4.9,1.25,No,0.0,32.66,50.85,-18.19,50.85,True,2025,2025-09-01,September,-0.5569503980404165
ORD-001456,C-0355,2025-06-20,Marketplace,Gift Card,Southwest,1,Home & Kitchen,83.78,5,4.19,14.22,25.22,11.94,2.61,No,0.0,79.59,53.99,25.6,53.989999999999995,True,2025,2025-06-01,June,0.3216484482975248
ORD-001457,C-0248,2024-08-20,Marketplace,Credit Card,Southwest,4,Clothing,208.46,15,31.27,39.68,97.6,26.58,5.44,Yes,177.19,0.0,169.3,-169.3,169.3,True,2024,2024-08-01,August,
ORD-001458,C-0535,2025-08-31,Mobile App,PayPal,Southeast,1,Electronics,215.16,15,32.27,10.46,62.72,0.0,5.6,No,0.0,182.89,78.78,104.11,78.78,True,2025,2025-08-01,August,0.5692492755208048
ORD-001459,C-0191,2024-09-01,Social Commerce,Debit Card,Southeast,2,Food & Beverage,158.04,0,0.0,36.58,67.12,12.64,4.88,No,0.0,158.04,121.22,36.82,121.22,True,2024,2024-09-01,September,0.23297899266008607
ORD-001460,C-0678,2025-07-16,Marketplace,PayPal,Midwest,2,Beauty,91.13,0,0.0,18.12,38.46,13.67,2.94,No,0.0,91.13,73.19,17.94,73.19,True,2025,2025-07-01,July,0.19686162624821685
ORD-001461,C-0461,2024-08-27,Mobile App,PayPal,West Coast,1,Books,5.52,0,0.0,7.82,3.38,0.0,0.46,No,0.0,5.52,11.66,-6.14,11.66,True,2024,2024-08-01,August,-1.1123188405797102
ORD-001462,C-0070,2025-07-09,Social Commerce,PayPal,Northeast,5,Electronics,197.87,0,0.0,45.14,77.46,15.83,6.04,No,0.0,197.87,144.47,53.4,144.47,True,2025,2025-07-01,July,0.2698741598018901
ORD-001463,C-0120,2025-09-14,Social Commerce,Buy Now Pay Later,Southwest,2,Home & Kitchen,199.42,5,9.97,56.3,79.51,15.16,5.79,No,0.0,189.45,156.76,32.69,156.76,True,2025,2025-09-01,September,0.17255212457112695
ORD-001464,C-0060,2025-10-14,Social Commerce,Credit Card,West Coast,3,Beauty,243.77,10,24.38,52.24,104.51,17.55,6.66,No,0.0,219.39,180.96,38.43,180.96,True,2025,2025-10-01,October,0.17516750991385205
ORD-001465,C-0697,2024-12-05,Website,Credit Card,Southwest,1,Food & Beverage,35.64,0,0.0,13.18,10.44,0.0,1.33,No,0.0,35.64,24.95,10.69,24.949999999999996,True,2024,2024-12-01,December,0.2999438832772166
ORD-001466,C-0604,2024-12-26,Website,Credit Card,Northeast,2,Electronics,121.11,25,30.28,40.5,51.99,0.0,2.93,No,0.0,90.83,95.42,-4.59,95.42000000000002,True,2024,2024-12-01,December,-0.05053396454915777
ORD-001467,C-0363,2025-05-15,Mobile App,Credit Card,West Coast,3,Home & Kitchen,224.8,5,11.24,38.1,79.1,0.0,6.49,No,0.0,213.56,123.69,89.87,123.68999999999998,True,2025,2025-05-01,May,0.4208185053380783
ORD-001468,C-0303,2025-06-24,Website,PayPal,Southeast,2,Sports,347.28,0,0.0,24.88,138.25,0.0,10.37,No,0.0,347.28,173.5,173.78,173.5,True,2025,2025-06-01,June,0.5004031329186823
ORD-001469,C-0485,2024-04-16,Mobile App,Gift Card,Southwest,4,Home & Kitchen,175.51,10,17.55,52.78,76.47,0.0,4.88,Yes,157.96,-0.0,134.13,-134.13,134.13,True,2024,2024-04-01,April,
ORD-001470,C-0410,2024-05-13,Website,Debit Card,Southwest,2,Books,94.24,0,0.0,18.28,40.94,0.0,3.03,No,0.0,94.24,62.25,31.99,62.25,True,2024,2024-05-01,May,0.33945246179966043
ORD-001471,C-0773,2025-06-26,Website,Credit Card,Midwest,1,Electronics,91.68,0,0.0,10.06,40.36,0.0,2.96,No,0.0,91.68,53.38,38.3,53.38,True,2025,2025-06-01,June,0.41775741710296677
ORD-001472,C-0210,2024-07-16,Mobile App,Gift Card,Midwest,2,Toys,192.31,10,19.23,15.14,64.91,0.0,5.32,No,0.0,173.08,85.37,87.71,85.37,True,2024,2024-07-01,July,0.5067598798243586
ORD-001473,C-0786,2024-12-19,Website,PayPal,Southwest,5,Sports,240.8,0,0.0,37.74,84.99,0.0,7.28,No,0.0,240.8,130.01,110.79,130.01,True,2024,2024-12-01,December,0.46009136212624585
ORD-001474,C-0293,2025-07-16,Marketplace,Debit Card,Northeast,3,Toys,211.89,0,0.0,28.32,69.05,31.78,6.44,No,0.0,211.89,135.59,76.3,135.59,True,2025,2025-07-01,July,0.3600925008259002
ORD-001475,C-0582,2025-10-14,Marketplace,Gift Card,Southeast,4,Sports,110.42,15,16.56,44.22,48.68,14.08,3.02,No,0.0,93.86,110.0,-16.14,110.0,True,2025,2025-10-01,October,-0.17195823567014704
ORD-001476,C-0603,2025-01-18,Social Commerce,PayPal,Midwest,1,Sports,45.69,10,4.57,11.58,28.21,3.29,1.49,No,0.0,41.12,44.57,-3.45,44.57,True,2025,2025-01-01,January,-0.08390077821011674
ORD-001477,C-0515,2024-11-29,Mobile App,PayPal,Southwest,2,Electronics,240.21,25,60.05,26.46,82.98,0.0,5.52,No,0.0,180.16,114.96,65.2,114.96,True,2024,2024-11-01,November,0.3619005328596803
ORD-001478,C-0558,2025-04-05,Mobile App,PayPal,Southeast,1,Sports,29.59,0,0.0,4.7,12.42,0.0,1.16,No,0.0,29.59,18.28,11.31,18.28,True,2025,2025-04-01,April,0.3822237242311592
ORD-001479,C-0611,2025-01-22,Mobile App,Credit Card,Midwest,2,Home & Kitchen,216.13,25,54.03,17.08,71.32,0.0,5.0,No,0.0,162.1,93.4,68.7,93.39999999999999,True,2025,2025-01-01,January,0.4238124614435534
ORD-001480,C-0132,2025-10-12,Website,Credit Card,Midwest,1,Beauty,35.24,20,7.05,23.32,17.06,0.0,1.12,No,0.0,28.19,41.5,-13.31,41.49999999999999,True,2025,2025-10-01,October,-0.47215324583185525
ORD-001481,C-0027,2025-07-10,Mobile App,Buy Now Pay Later,Southwest,4,Sports,237.63,15,35.64,46.72,93.18,0.0,6.16,Yes,201.99,0.0,146.06,-146.06,146.06,True,2025,2025-07-01,July,
ORD-001482,C-0592,2026-01-03,Website,Buy Now Pay Later,Southeast,1,Books,53.0,20,10.6,11.0,16.12,0.0,1.53,No,0.0,42.4,28.65,13.75,28.650000000000002,True,2026,2026-01-01,January,0.3242924528301887
ORD-001483,C-0462,2024-05-09,Website,Credit Card,West Coast,3,Food & Beverage,353.34,20,70.67,38.4,114.72,0.0,8.5,No,0.0,282.67,161.62,121.05,161.62,True,2024,2024-05-01,May,0.4282378745533661
ORD-001484,C-0625,2025-04-11,Mobile App,PayPal,Northeast,2,Sports,198.65,0,0.0,27.62,70.86,0.0,6.06,No,0.0,198.65,104.54,94.11,104.54,True,2025,2025-04-01,April,0.4737477976340297
ORD-001485,C-0741,2025-02-07,Website,Credit Card,Northeast,1,Toys,84.04,5,4.2,4.22,25.97,0.0,2.62,No,0.0,79.84,32.81,47.03,32.809999999999995,True,2025,2025-02-01,February,0.5890531062124248
ORD-001486,C-0638,2025-08-26,Mobile App,Debit Card,West Coast,3,Home & Kitchen,110.68,20,22.14,20.1,37.9,0.0,2.87,No,0.0,88.54,60.87,27.67,60.87,True,2025,2025-08-01,August,0.31251411791280775
ORD-001487,C-0391,2025-06-11,Website,PayPal,West Coast,4,Sports,360.41,0,0.0,39.24,178.52,0.0,10.75,No,0.0,360.41,228.51,131.9,228.51000000000002,True,2025,2025-06-01,June,0.3659720873449682
ORD-001488,C-0284,2025-04-12,Website,Credit Card,Southeast,1,Sports,289.05,0,0.0,11.46,115.83,0.0,8.68,No,0.0,289.05,135.97,153.08,135.97,True,2025,2025-04-01,April,0.5295969555440235
ORD-001489,C-0553,2025-05-28,Marketplace,PayPal,Southeast,1,Sports,83.94,15,12.59,26.84,24.48,10.7,2.37,No,0.0,71.35,64.39,6.96,64.39,True,2025,2025-05-01,May,0.09754730203223547
ORD-001490,C-0464,2025-12-25,Website,Credit Card,Northeast,1,Clothing,118.3,10,11.83,19.96,38.72,0.0,3.39,No,0.0,106.47,62.07,44.4,62.07,True,2025,2025-12-01,December,0.4170188785573401
ORD-001491,C-0732,2025-09-30,Social Commerce,Gift Card,Southwest,1,Sports,55.06,20,11.01,5.82,21.08,3.52,1.58,No,0.0,44.05,32.0,12.05,32.0,True,2025,2025-09-01,September,0.2735527809307605
ORD-001492,C-0007,2024-06-01,Social Commerce,Gift Card,Southwest,1,Home & Kitchen,29.4,10,2.94,6.22,11.41,2.12,1.07,No,0.0,26.46,20.82,5.64,20.82,True,2024,2024-06-01,June,0.2131519274376417
ORD-001493,C-0517,2024-11-02,Mobile App,PayPal,Northeast,1,Books,35.98,0,0.0,23.48,15.76,0.0,1.34,No,0.0,35.98,40.58,-4.6,40.580000000000005,True,2024,2024-11-01,November,-0.12784880489160644
ORD-001494,C-0758,2024-11-21,Marketplace,Credit Card,Northeast,2,Electronics,132.71,15,19.91,42.1,44.5,16.92,3.57,No,0.0,112.8,107.09,5.71,107.08999999999999,True,2024,2024-11-01,November,0.05062056737588653
ORD-001495,C-0604,2025-08-12,Website,PayPal,Southeast,2,Electronics,47.47,0,0.0,27.88,25.8,0.0,1.68,Yes,47.47,0.0,55.36,-55.36,55.36,True,2025,2025-08-01,August,
ORD-001496,C-0431,2025-07-05,Marketplace,PayPal,West Coast,3,Food & Beverage,146.51,5,7.33,54.54,81.82,20.88,4.34,No,0.0,139.18,161.58,-22.4,161.57999999999998,True,2025,2025-07-01,July,-0.16094266417588732
ORD-001497,C-0771,2025-10-13,Website,PayPal,Southwest,2,Food & Beverage,258.29,0,0.0,44.96,125.18,0.0,7.79,No,0.0,258.29,177.93,80.36,177.93,True,2025,2025-10-01,October,0.3111231561423206
ORD-001498,C-0392,2025-02-05,Marketplace,Credit Card,West Coast,2,Sports,58.32,0,0.0,22.84,20.62,8.75,1.99,No,0.0,58.32,54.2,4.12,54.2,True,2025,2025-02-01,February,0.07064471879286695
ORD-001499,C-0021,2025-09-08,Mobile App,Gift Card,West Coast,2,Home & Kitchen,237.93,0,0.0,14.68,85.16,0.0,7.2,No,0.0,237.93,107.04,130.89,107.04,True,2025,2025-09-01,September,0.5501197831294918
ORD-001500,C-0733,2025-01-09,Marketplace,Credit Card,Southeast,1,Food & Beverage,58.23,0,0.0,38.1,25.41,8.73,1.99,No,0.0,58.23,74.23,-16.0,74.23,True,2025,2025-01-01,January,-0.2747724540614804
ORD-001501,C-0001,2025-02-15,Website,Credit Card,West Coast,1,Beauty,63.78,0,0.0,3.9,23.51,0.0,2.15,No,0.0,63.78,29.56,34.22,29.56,True,2025,2025-02-01,February,0.5365318281592976
ORD-001502,C-0111,2024-11-27,Mobile App,PayPal,Southwest,1,Food & Beverage,28.96,0,0.0,9.02,8.3,0.0,1.14,No,0.0,28.96,18.46,10.5,18.46,True,2024,2024-11-01,November,0.36256906077348067
ORD-001503,C-0634,2025-06-15,Website,PayPal,Midwest,5,Food & Beverage,878.4,0,0.0,54.56,308.68,0.0,25.77,Yes,878.4,0.0,389.01,-389.01,389.01,True,2025,2025-06-01,June,
ORD-001504,C-0655,2025-04-13,Mobile App,Debit Card,Southwest,1,Clothing,43.1,0,0.0,30.2,24.8,0.0,1.55,No,0.0,43.1,56.55,-13.45,56.55,True,2025,2025-04-01,April,-0.31206496519721577
ORD-001505,C-0025,2025-03-29,Marketplace,PayPal,Southwest,3,Toys,234.38,25,58.59,42.88,115.27,26.37,5.4,Yes,175.79,0.0,189.92,-189.92,189.92000000000002,True,2025,2025-03-01,March,
ORD-001506,C-0466,2025-11-14,Mobile App,Buy Now Pay Later,Southwest,1,Clothing,56.0,10,5.6,12.86,19.82,0.0,1.76,Yes,50.4,0.0,34.44,-34.44,34.44,True,2025,2025-11-01,November,
ORD-001507,C-0735,2025-02-28,Marketplace,Credit Card,Northeast,1,Clothing,127.02,10,12.7,15.8,62.54,17.15,3.62,No,0.0,114.32,99.11,15.21,99.11000000000001,True,2025,2025-02-01,February,0.13304758572428274
ORD-001508,C-0473,2025-07-16,Marketplace,Credit Card,Southeast,1,Toys,45.27,10,4.53,12.78,23.99,6.11,1.48,No,0.0,40.74,44.36,-3.62,44.35999999999999,True,2025,2025-07-01,July,-0.08885616102110948
ORD-001509,C-0153,2025-02-21,Social Commerce,Credit Card,Midwest,2,Books,53.02,10,5.3,21.72,19.42,3.82,1.68,No,0.0,47.72,46.64,1.08,46.64,True,2025,2025-02-01,February,0.022632020117351218
ORD-001510,C-0729,2025-10-07,Website,Credit Card,Midwest,1,Clothing,94.4,0,0.0,21.88,51.18,0.0,3.04,No,0.0,94.4,76.1,18.3,76.10000000000001,True,2025,2025-10-01,October,0.1938559322033898
ORD-001511,C-0242,2024-11-24,Website,Gift Card,Southwest,4,Books,163.09,0,0.0,43.98,82.06,0.0,5.03,No,0.0,163.09,131.07,32.02,131.07,True,2024,2024-11-01,November,0.19633331289472072
ORD-001512,C-0486,2025-06-03,Website,Buy Now Pay Later,Midwest,3,Sports,204.23,0,0.0,31.46,85.39,0.0,6.22,Yes,204.23,0.0,123.07,-123.07,123.07,True,2025,2025-06-01,June,
ORD-001513,C-0660,2025-07-07,Website,Credit Card,Southwest,2,Clothing,129.99,15,19.5,13.96,44.33,0.0,3.5,No,0.0,110.49,61.79,48.7,61.79,True,2025,2025-07-01,July,0.4407638700334872
ORD-001514,C-0372,2024-10-09,Mobile App,Credit Card,Northeast,1,Home & Kitchen,143.66,0,0.0,20.28,95.12,0.0,4.47,No,0.0,143.66,119.87,23.79,119.87,True,2024,2024-10-01,October,0.1655993317555339
ORD-001515,C-0216,2025-04-17,Website,Credit Card,Northeast,1,Clothing,46.68,15,7.0,10.3,15.73,0.0,1.45,No,0.0,39.68,27.48,12.2,27.48,True,2025,2025-04-01,April,0.3074596774193548
ORD-001516,C-0101,2025-09-23,Social Commerce,PayPal,Midwest,3,Sports,135.0,25,33.75,27.38,43.52,8.1,3.24,No,0.0,101.25,82.24,19.01,82.24,True,2025,2025-09-01,September,0.1877530864197531
ORD-001517,C-0629,2024-09-23,Website,Buy Now Pay Later,West Coast,2,Beauty,47.66,0,0.0,27.78,22.37,0.0,1.68,No,0.0,47.66,51.83,-4.17,51.830000000000005,True,2024,2024-09-01,September,-0.08749475451112045
ORD-001518,C-0760,2024-02-22,Social Commerce,Credit Card,Southeast,1,Food & Beverage,48.08,0,0.0,15.26,34.07,3.85,1.69,No,0.0,48.08,54.87,-6.79,54.87,True,2024,2024-02-01,February,-0.14122296173044926
ORD-001519,C-0335,2025-01-21,Marketplace,Credit Card,Northeast,2,Beauty,75.09,0,0.0,56.86,44.4,11.26,2.48,No,0.0,75.09,115.0,-39.91,115.0,True,2025,2025-01-01,January,-0.531495538686909
ORD-001520,C-0612,2025-05-13,Website,Buy Now Pay Later,Midwest,1,Sports,159.63,0,0.0,11.94,109.17,0.0,4.93,No,0.0,159.63,126.04,33.59,126.03999999999999,True,2025,2025-05-01,May,0.21042410574453427
ORD-001521,C-0173,2025-02-15,Website,Credit Card,Southwest,1,Clothing,62.28,5,3.11,10.54,23.32,0.0,2.02,No,0.0,59.17,35.88,23.29,35.88,True,2025,2025-02-01,February,0.39361162751394285
ORD-001522,C-0233,2025-07-23,Mobile App,Credit Card,Midwest,1,Home & Kitchen,104.73,10,10.47,14.94,34.15,0.0,3.03,No,0.0,94.26,52.12,42.14,52.12,True,2025,2025-07-01,July,0.44706131975387225
ORD-001523,C-0437,2024-08-04,Website,Credit Card,Southwest,1,Sports,72.98,5,3.65,24.76,30.4,0.0,2.31,No,0.0,69.33,57.47,11.86,57.47,True,2024,2024-08-01,August,0.17106591663060725
ORD-001524,C-0337,2025-05-18,Social Commerce,Credit Card,Northeast,1,Food & Beverage,28.96,0,0.0,9.02,8.3,2.32,1.14,No,0.0,28.96,20.78,8.18,20.78,True,2025,2025-05-01,May,0.2824585635359116
ORD-001525,C-0234,2024-08-28,Social Commerce,Gift Card,Midwest,4,Home & Kitchen,155.47,5,7.77,33.92,56.61,11.82,4.58,No,0.0,147.7,106.93,40.77,106.92999999999999,True,2024,2024-08-01,August,0.27603249830737986
ORD-001526,C-0165,2025-08-30,Social Commerce,PayPal,Southwest,2,Home & Kitchen,234.21,15,35.13,25.32,79.78,15.93,6.07,No,0.0,199.08,127.1,71.98,127.1,True,2025,2025-08-01,August,0.36156319067711473
ORD-001527,C-0325,2024-07-27,Mobile App,Debit Card,Midwest,3,Sports,241.62,10,24.16,26.1,78.06,0.0,6.61,No,0.0,217.46,110.77,106.69,110.77,True,2024,2024-07-01,July,0.4906189644072473
ORD-001528,C-0602,2025-09-17,Website,Credit Card,Northeast,2,Electronics,303.47,15,45.52,33.92,137.2,0.0,7.78,No,0.0,257.95,178.9,79.05,178.9,True,2025,2025-09-01,September,0.30645473929056016
ORD-001529,C-0356,2025-03-08,Mobile App,Debit Card,Northeast,2,Sports,262.56,0,0.0,22.44,95.11,0.0,7.91,No,0.0,262.56,125.46,137.1,125.46,True,2025,2025-03-01,March,0.5221663619744058
ORD-001530,C-0766,2025-04-14,Website,Buy Now Pay Later,Southeast,1,Home & Kitchen,33.22,15,4.98,8.94,19.46,0.0,1.12,No,0.0,28.24,29.52,-1.28,29.52,True,2025,2025-04-01,April,-0.0453257790368272
ORD-001531,C-0521,2025-10-29,Website,Debit Card,Southwest,2,Sports,173.3,10,17.33,11.72,64.33,0.0,4.82,No,0.0,155.97,80.87,75.1,80.87,True,2025,2025-10-01,October,0.4815028531127781
ORD-001532,C-0579,2024-08-15,Website,Credit Card,Southeast,2,Toys,105.2,15,15.78,22.2,31.58,0.0,2.89,No,0.0,89.42,56.67,32.75,56.67,True,2024,2024-08-01,August,0.36624916126146273
ORD-001533,C-0186,2024-10-28,Mobile App,Credit Card,Southeast,1,Home & Kitchen,62.18,0,0.0,6.06,26.96,0.0,2.1,No,0.0,62.18,35.12,27.06,35.120000000000005,True,2024,2024-10-01,October,0.4351881633965905
ORD-001534,C-0421,2025-08-09,Marketplace,Debit Card,Southeast,2,Food & Beverage,61.35,5,3.07,49.44,33.46,8.74,1.99,No,0.0,58.28,93.63,-35.35,93.63,True,2025,2025-08-01,August,-0.6065545641729582
ORD-001535,C-0044,2025-09-04,Website,Gift Card,Northeast,3,Electronics,274.59,10,27.46,17.46,96.04,0.0,7.47,No,0.0,247.13,120.97,126.16,120.97,True,2025,2025-09-01,September,0.5105005462711933
ORD-001536,C-0494,2025-02-23,Website,Debit Card,Southwest,2,Sports,48.92,5,2.45,21.4,17.09,0.0,1.65,No,0.0,46.47,40.14,6.33,40.13999999999999,True,2025,2025-02-01,February,0.13621691413815365
ORD-001537,C-0181,2025-11-05,Marketplace,Credit Card,West Coast,1,Clothing,63.94,0,0.0,8.46,20.51,9.59,2.15,No,0.0,63.94,40.71,23.23,40.71,True,2025,2025-11-01,November,0.36330935251798563
ORD-001538,C-0368,2025-09-27,Marketplace,Credit Card,Southeast,1,Beauty,18.83,25,4.71,9.9,11.04,2.12,0.71,No,0.0,14.12,23.77,-9.65,23.77,True,2025,2025-09-01,September,-0.6834277620396602
ORD-001539,C-0676,2024-09-20,Mobile App,PayPal,Midwest,1,Sports,29.59,20,5.92,4.7,12.42,0.0,0.99,No,0.0,23.67,18.11,5.56,18.11,True,2024,2024-09-01,September,0.2348964934516265
ORD-001540,C-0097,2024-12-30,Marketplace,PayPal,West Coast,2,Electronics,415.22,20,83.04,23.32,126.47,49.83,9.93,No,0.0,332.18,209.55,122.63,209.55,True,2024,2024-12-01,December,0.3691673189234752
ORD-001541,C-0356,2025-06-08,Mobile App,PayPal,Northeast,1,Clothing,25.84,5,1.29,14.78,9.89,0.0,1.01,No,0.0,24.55,25.68,-1.13,25.680000000000003,True,2025,2025-06-01,June,-0.0460285132382892
ORD-001542,C-0466,2024-04-23,Mobile App,Buy Now Pay Later,Northeast,4,Books,439.18,0,0.0,50.86,144.86,0.0,13.04,No,0.0,439.18,208.76,230.42,208.76000000000002,True,2024,2024-04-01,April,0.5246595928776355
ORD-001543,C-0421,2024-10-31,Mobile App,Credit Card,Midwest,2,Toys,114.39,15,17.16,21.88,44.87,0.0,3.12,No,0.0,97.23,69.87,27.36,69.87,True,2024,2024-10-01,October,0.2813946312866399
ORD-001544,C-0194,2024-08-09,Marketplace,Credit Card,Northeast,1,Food & Beverage,27.16,0,0.0,11.34,13.64,4.07,1.09,No,0.0,27.16,30.14,-2.98,30.14,True,2024,2024-08-01,August,-0.10972017673048601
ORD-001545,C-0538,2025-09-16,Mobile App,Credit Card,Southeast,1,Electronics,89.97,0,0.0,27.78,40.53,0.0,2.91,No,0.0,89.97,71.22,18.75,71.22,True,2025,2025-09-01,September,0.20840280093364455
ORD-001546,C-0194,2025-04-05,Mobile App,Buy Now Pay Later,West Coast,3,Home & Kitchen,235.07,0,0.0,38.4,126.79,0.0,7.12,No,0.0,235.07,172.31,62.76,172.31,True,2025,2025-04-01,April,0.2669843025481771
ORD-001547,C-0033,2024-09-14,Social Commerce,PayPal,West Coast,4,Books,213.22,20,42.64,41.36,88.02,13.65,5.25,Yes,170.58,-0.0,148.28,-148.28,148.28,True,2024,2024-09-01,September,
ORD-001548,C-0229,2025-10-06,Social Commerce,PayPal,Southwest,5,Toys,424.57,0,0.0,111.24,214.22,33.97,12.61,No,0.0,424.57,372.04,52.53,372.03999999999996,True,2025,2025-10-01,October,0.12372518077113315
ORD-001549,C-0181,2024-09-12,Marketplace,PayPal,Southwest,2,Electronics,249.5,10,24.95,18.2,90.18,33.68,6.81,No,0.0,224.55,148.87,75.68,148.87,True,2024,2024-09-01,September,0.33702961478512583
ORD-001550,C-0437,2024-04-14,Mobile App,Buy Now Pay Later,Northeast,1,Electronics,73.73,10,7.37,9.34,48.17,0.0,2.22,Yes,66.36,0.0,59.73,-59.73,59.730000000000004,True,2024,2024-04-01,April,
ORD-001551,C-0576,2025-09-09,Mobile App,Credit Card,Midwest,2,Clothing,146.71,0,0.0,31.78,54.3,0.0,4.55,Yes,146.71,0.0,90.63,-90.63,90.63,True,2025,2025-09-01,September,
ORD-001552,C-0295,2024-06-04,Mobile App,Credit Card,Northeast,1,Electronics,34.0,0,0.0,13.66,21.92,0.0,1.29,No,0.0,34.0,36.87,-2.87,36.87,True,2024,2024-06-01,June,-0.08441176470588235
ORD-001553,C-0367,2025-08-22,Website,Gift Card,Southwest,5,Electronics,159.91,5,8.0,47.78,60.88,0.0,4.71,No,0.0,151.91,113.37,38.54,113.36999999999999,True,2025,2025-08-01,August,0.25370285037193074
ORD-001554,C-0230,2024-10-29,Mobile App,PayPal,Midwest,1,Home & Kitchen,26.25,0,0.0,7.18,10.78,0.0,1.06,No,0.0,26.25,19.02,7.23,19.02,True,2024,2024-10-01,October,0.27542857142857147
ORD-001555,C-0249,2025-05-20,Website,PayPal,Midwest,4,Clothing,130.66,10,13.07,37.84,64.25,0.0,3.71,Yes,117.59,0.0,105.8,-105.8,105.8,True,2025,2025-05-01,May,
ORD-001556,C-0380,2024-03-26,Social Commerce,PayPal,Southeast,3,Home & Kitchen,565.02,0,0.0,46.68,185.2,45.2,16.69,No,0.0,565.02,293.77,271.25,293.77,True,2024,2024-03-01,March,0.4800715018937383
ORD-001557,C-0670,2025-08-16,Website,PayPal,Southeast,1,Clothing,24.88,10,2.49,7.02,13.77,0.0,0.95,No,0.0,22.39,21.74,0.65,21.74,True,2025,2025-08-01,August,0.029030817329164807
ORD-001558,C-0521,2025-07-12,Website,PayPal,West Coast,1,Sports,14.58,0,0.0,9.1,4.36,0.0,0.72,No,0.0,14.58,14.18,0.4,14.180000000000001,True,2025,2025-07-01,July,0.027434842249657067
ORD-001559,C-0360,2025-07-28,Marketplace,Debit Card,West Coast,1,Electronics,137.96,5,6.9,29.08,50.78,19.66,4.1,No,0.0,131.06,103.62,27.44,103.61999999999999,True,2025,2025-07-01,July,0.2093697543110026
ORD-001560,C-0334,2024-07-12,Mobile App,Credit Card,Southeast,2,Beauty,48.82,15,7.32,19.16,24.55,0.0,1.5,No,0.0,41.5,45.21,-3.71,45.21,True,2024,2024-07-01,July,-0.08939759036144579
ORD-001561,C-0743,2025-01-12,Marketplace,Debit Card,Southwest,1,Books,26.5,10,2.65,5.5,8.06,3.58,0.99,No,0.0,23.85,18.13,5.72,18.13,True,2025,2025-01-01,January,0.23983228511530397
ORD-001562,C-0502,2024-10-21,Website,Credit Card,Midwest,1,Beauty,8.3,10,0.83,13.18,3.65,0.0,0.52,No,0.0,7.47,17.35,-9.88,17.349999999999998,True,2024,2024-10-01,October,-1.3226238286479253
ORD-001563,C-0422,2025-08-13,Mobile App,Credit Card,Midwest,5,Clothing,319.6,0,0.0,44.6,126.2,0.0,9.57,No,0.0,319.6,180.37,139.23,180.37,True,2025,2025-08-01,August,0.4356382978723404
ORD-001564,C-0619,2025-03-08,Website,Credit Card,Midwest,1,Home & Kitchen,47.07,0,0.0,28.02,14.01,0.0,1.67,No,0.0,47.07,43.7,3.37,43.7,True,2025,2025-03-01,March,0.07159549606968345
ORD-001565,C-0582,2024-06-14,Website,Credit Card,Midwest,2,Books,134.28,20,26.86,17.72,43.02,0.0,3.42,No,0.0,107.42,64.16,43.26,64.16,True,2024,2024-06-01,June,0.4027183019921802
ORD-001566,C-0222,2024-11-07,Website,PayPal,West Coast,2,Toys,179.56,0,0.0,19.2,85.56,0.0,5.51,No,0.0,179.56,110.27,69.29,110.27000000000001,True,2024,2024-11-01,November,0.38588772555134776
ORD-001567,C-0685,2025-12-14,Website,Buy Now Pay Later,West Coast,1,Beauty,16.16,0,0.0,4.54,7.01,0.0,0.77,No,0.0,16.16,12.32,3.84,12.32,True,2025,2025-12-01,December,0.2376237623762376
ORD-001568,C-0760,2025-06-21,Mobile App,Credit Card,Southeast,2,Electronics,159.54,5,7.98,15.96,50.07,0.0,4.7,No,0.0,151.56,70.73,80.83,70.73,True,2025,2025-06-01,June,0.5333201372393771
ORD-001569,C-0770,2024-10-30,Mobile App,Credit Card,Southeast,1,Books,16.1,0,0.0,12.62,5.42,0.0,0.77,No,0.0,16.1,18.81,-2.71,18.81,True,2024,2024-10-01,October,-0.16832298136645962
ORD-001570,C-0447,2025-07-04,Marketplace,Credit Card,Southeast,2,Home & Kitchen,148.76,20,29.75,21.32,67.01,17.85,3.75,No,0.0,119.01,109.93,9.08,109.93,True,2025,2025-07-01,July,0.07629610957062431
ORD-001571,C-0489,2025-04-30,Website,PayPal,Midwest,1,Toys,29.5,10,2.95,11.74,16.62,0.0,1.07,No,0.0,26.55,29.43,-2.88,29.43,True,2025,2025-04-01,April,-0.10847457627118644
ORD-001572,C-0770,2025-06-08,Mobile App,Credit Card,Midwest,4,Beauty,182.53,0,0.0,49.12,64.18,0.0,5.59,No,0.0,182.53,118.89,63.64,118.89000000000001,True,2025,2025-06-01,June,0.3486550156138717
ORD-001573,C-0574,2024-12-11,Social Commerce,Buy Now Pay Later,West Coast,1,Clothing,61.71,5,3.09,21.06,22.08,4.69,2.0,No,0.0,58.62,49.83,8.79,49.83,True,2024,2024-12-01,December,0.14994882292732856
ORD-001574,C-0153,2025-05-07,Marketplace,Credit Card,Midwest,4,Sports,297.86,25,74.46,53.82,120.51,33.51,6.78,No,0.0,223.4,214.62,8.78,214.62,True,2025,2025-05-01,May,0.03930170098478066
ORD-001575,C-0689,2025-03-09,Website,Credit Card,Northeast,2,Sports,303.11,5,15.16,34.7,129.97,0.0,8.65,No,0.0,287.95,173.32,114.63,173.32000000000002,True,2025,2025-03-01,March,0.3980899461712103
ORD-001576,C-0366,2025-08-12,Mobile App,PayPal,Southeast,2,Sports,96.94,0,0.0,20.28,48.4,0.0,3.11,No,0.0,96.94,71.79,25.15,71.79,True,2025,2025-08-01,August,0.2594388281411182
ORD-001577,C-0702,2024-09-26,Mobile App,Gift Card,West Coast,3,Sports,82.14,0,0.0,16.42,31.89,0.0,2.68,Yes,82.14,0.0,50.99,-50.99,50.99,True,2024,2024-09-01,September,
ORD-001578,C-0192,2025-05-07,Mobile App,Debit Card,Southeast,2,Sports,126.97,10,12.7,58.48,71.99,0.0,3.61,No,0.0,114.27,134.08,-19.81,134.08,True,2025,2025-05-01,May,-0.17336133718386276
ORD-001579,C-0785,2025-05-24,Website,Gift Card,West Coast,2,Beauty,120.69,10,12.07,37.14,58.03,0.0,3.45,No,0.0,108.62,98.62,10.0,98.62,True,2025,2025-05-01,May,0.09206407659731172
ORD-001580,C-0742,2025-07-30,Website,Credit Card,Northeast,2,Sports,137.15,0,0.0,30.82,60.87,0.0,4.28,No,0.0,137.15,95.97,41.18,95.97,True,2025,2025-07-01,July,0.3002551950419249
ORD-001581,C-0681,2024-12-25,Social Commerce,Debit Card,Southwest,2,Electronics,44.8,20,8.96,21.72,16.03,2.87,1.34,No,0.0,35.84,41.96,-6.12,41.96,True,2024,2024-12-01,December,-0.17075892857142855
ORD-001582,C-0672,2025-03-20,Marketplace,PayPal,Northeast,2,Beauty,100.38,0,0.0,14.52,38.15,15.06,3.21,No,0.0,100.38,70.94,29.44,70.94,True,2025,2025-03-01,March,0.29328551504283723
ORD-001583,C-0763,2025-09-27,Mobile App,Credit Card,West Coast,1,Electronics,37.71,0,0.0,14.46,11.89,0.0,1.39,No,0.0,37.71,27.74,9.97,27.740000000000002,True,2025,2025-09-01,September,0.2643861044815699
ORD-001584,C-0407,2025-03-09,Mobile App,PayPal,West Coast,3,Sports,92.13,0,0.0,47.18,55.39,0.0,2.97,No,0.0,92.13,105.54,-13.41,105.53999999999999,True,2025,2025-03-01,March,-0.14555519374796483
ORD-001585,C-0372,2024-09-11,Website,PayPal,Midwest,2,Books,91.04,10,9.1,29.3,36.84,0.0,2.68,No,0.0,81.94,68.82,13.12,68.82000000000001,True,2024,2024-09-01,September,0.1601171588967537
ORD-001586,C-0544,2025-06-25,Marketplace,Credit Card,Southeast,4,Home & Kitchen,374.39,0,0.0,84.38,177.26,56.16,11.16,No,0.0,374.39,328.96,45.43,328.96,True,2025,2025-06-01,June,0.1213440529928684
ORD-001587,C-0551,2024-11-21,Mobile App,Gift Card,Southeast,2,Food & Beverage,89.23,10,8.92,24.12,32.99,0.0,2.63,No,0.0,80.31,59.74,20.57,59.74,True,2024,2024-11-01,November,0.2561324866143693
ORD-001588,C-0414,2025-08-31,Website,Credit Card,Southwest,2,Electronics,532.12,5,26.61,37.84,190.0,0.0,14.96,No,0.0,505.51,242.8,262.71,242.8,True,2025,2025-08-01,August,0.519692983323772
ORD-001589,C-0371,2024-09-08,Mobile App,Credit Card,Southwest,1,Electronics,37.71,0,0.0,14.46,11.89,0.0,1.39,No,0.0,37.71,27.74,9.97,27.740000000000002,True,2024,2024-09-01,September,0.2643861044815699
ORD-001590,C-0382,2025-12-19,Website,PayPal,Southwest,3,Beauty,251.99,5,12.6,65.9,99.2,0.0,7.24,Yes,239.39,0.0,172.34,-172.34,172.34000000000003,True,2025,2025-12-01,December,
ORD-001591,C-0425,2025-09-20,Website,Credit Card,Southeast,1,Toys,100.66,20,20.13,10.46,36.48,0.0,2.64,No,0.0,80.53,49.58,30.95,49.58,True,2025,2025-09-01,September,0.3843288215571836
ORD-001592,C-0460,2025-05-31,Mobile App,PayPal,Southeast,4,Sports,181.44,10,18.14,59.94,71.54,0.0,5.04,No,0.0,163.3,136.52,26.78,136.52,True,2025,2025-05-01,May,0.16399265156154316
ORD-001593,C-0121,2025-03-10,Website,Buy Now Pay Later,Northeast,2,Sports,27.45,10,2.75,21.48,14.14,0.0,1.02,No,0.0,24.7,36.64,-11.94,36.64000000000001,True,2025,2025-03-01,March,-0.4834008097165992
ORD-001594,C-0311,2025-01-12,Website,PayPal,Southeast,1,Sports,29.69,0,0.0,6.06,18.66,0.0,1.16,No,0.0,29.69,25.88,3.81,25.88,True,2025,2025-01-01,January,0.12832603570225665
ORD-001595,C-0391,2024-04-11,Mobile App,Gift Card,Northeast,2,Clothing,37.98,0,0.0,40.66,18.17,0.0,1.4,No,0.0,37.98,60.23,-22.25,60.23,True,2024,2024-04-01,April,-0.5858346498156926
ORD-001596,C-0203,2025-03-27,Website,Credit Card,Northeast,2,Clothing,97.49,10,9.75,31.14,38.78,0.0,2.84,No,0.0,87.74,72.76,14.98,72.76,True,2025,2025-03-01,March,0.17073170731707318
ORD-001597,C-0552,2025-01-22,Mobile App,Debit Card,Northeast,1,Beauty,11.11,0,0.0,10.94,7.31,0.0,0.62,No,0.0,11.11,18.87,-7.76,18.87,True,2025,2025-01-01,January,-0.6984698469846985
ORD-001598,C-0661,2025-01-19,Website,Debit Card,Midwest,1,Sports,242.06,5,12.1,9.56,75.52,0.0,6.97,No,0.0,229.96,92.05,137.91,92.05,True,2025,2025-01-01,January,0.599712993564098
ORD-001599,C-0693,2025-08-08,Website,PayPal,Southeast,1,Sports,91.38,10,9.14,23.16,56.42,0.0,2.68,No,0.0,82.24,82.26,-0.02,82.26,True,2025,2025-08-01,August,-0.00024319066147859925
ORD-001600,C-0276,2025-10-16,Website,Credit Card,Southwest,2,Sports,71.24,10,7.12,23.4,40.12,0.0,2.16,No,0.0,64.12,65.68,-1.56,65.67999999999999,True,2025,2025-10-01,October,-0.024329382407985028
ORD-001601,C-0727,2024-07-28,Marketplace,Debit Card,Southwest,2,Toys,95.88,0,0.0,15.72,31.68,14.38,3.08,No,0.0,95.88,64.86,31.02,64.86,True,2024,2024-07-01,July,0.3235294117647059
ORD-001602,C-0193,2025-05-22,Marketplace,PayPal,Southeast,3,Toys,194.07,15,29.11,63.66,108.96,24.74,5.08,No,0.0,164.96,202.44,-37.48,202.44000000000003,True,2025,2025-05-01,May,-0.2272065955383123
ORD-001603,C-0502,2025-02-14,Website,Debit Card,Southwest,1,Beauty,25.01,10,2.5,7.9,9.01,0.0,0.95,No,0.0,22.51,17.86,4.65,17.86,True,2025,2025-02-01,February,0.20657485561972458
ORD-001604,C-0564,2025-08-14,Mobile App,Buy Now Pay Later,Southeast,4,Beauty,157.53,20,31.51,55.08,78.15,0.0,3.95,No,0.0,126.02,137.18,-11.16,137.18,True,2025,2025-08-01,August,-0.08855737184573878
ORD-001605,C-0135,2024-09-10,Website,Buy Now Pay Later,Midwest,1,Food & Beverage,11.52,10,1.15,7.58,3.71,0.0,0.6,No,0.0,10.37,11.89,-1.52,11.889999999999999,True,2024,2024-09-01,September,-0.14657666345226616
ORD-001606,C-0632,2025-02-23,Mobile App,Credit Card,Midwest,2,Food & Beverage,279.0,5,13.95,17.64,110.38,0.0,7.99,Yes,265.05,0.0,136.01,-136.01,136.01,True,2025,2025-02-01,February,
ORD-001607,C-0637,2025-05-31,Marketplace,Credit Card,Southeast,2,Electronics,69.92,10,6.99,25.86,33.73,9.44,2.12,No,0.0,62.93,71.15,-8.22,71.15,True,2025,2025-05-01,May,-0.13062132528205944
ORD-001608,C-0795,2024-06-23,Marketplace,PayPal,Northeast,2,Food & Beverage,101.77,0,0.0,17.16,48.83,15.27,3.25,No,0.0,101.77,84.51,17.26,84.50999999999999,True,2024,2024-06-01,June,0.1695981133929449
ORD-001609,C-0502,2025-09-18,Marketplace,Credit Card,Midwest,2,Clothing,132.49,0,0.0,19.96,42.04,19.87,4.14,No,0.0,132.49,86.01,46.48,86.01,True,2025,2025-09-01,September,0.3508189297305457
ORD-001610,C-0214,2025-09-13,Marketplace,Credit Card,West Coast,3,Food & Beverage,83.81,15,12.57,29.3,31.57,10.69,2.37,No,0.0,71.24,73.93,-2.69,73.93,True,2025,2025-09-01,September,-0.03775968556990455
ORD-001611,C-0567,2025-08-13,Website,Debit Card,Northeast,1,Food & Beverage,408.12,15,61.22,18.9,119.04,0.0,10.36,No,0.0,346.9,148.3,198.6,148.3,True,2025,2025-08-01,August,0.5724992793312194
ORD-001612,C-0488,2025-06-30,Website,Buy Now Pay Later,Southeast,2,Electronics,326.84,25,81.71,54.56,163.15,0.0,7.41,No,0.0,245.13,225.12,20.01,225.12,True,2025,2025-06-01,June,0.08163015542773223
ORD-001613,C-0244,2025-06-15,Marketplace,PayPal,Southeast,3,Food & Beverage,232.84,10,23.28,35.42,70.55,31.43,6.38,No,0.0,209.56,143.78,65.78,143.78,True,2025,2025-06-01,June,0.31389578163771714
ORD-001614,C-0243,2024-11-07,Marketplace,Credit Card,Midwest,2,Home & Kitchen,283.84,10,28.38,21.22,112.89,38.32,7.71,No,0.0,255.46,180.14,75.32,180.14000000000001,True,2024,2024-11-01,November,0.29484067955844356
ORD-001615,C-0079,2025-02-26,Mobile App,Debit Card,Southeast,4,Home & Kitchen,239.58,20,47.92,48.68,140.91,0.0,5.86,No,0.0,191.66,195.45,-3.79,195.45000000000002,True,2025,2025-02-01,February,-0.01977460085568194
ORD-001616,C-0030,2025-04-11,Marketplace,Gift Card,West Coast,1,Clothing,93.89,10,9.39,6.14,32.81,12.67,2.75,Yes,84.5,0.0,54.37,-54.37,54.370000000000005,True,2025,2025-04-01,April,
ORD-001617,C-0567,2025-04-12,Website,Gift Card,Midwest,2,Books,35.76,15,5.36,30.34,15.23,0.0,1.18,No,0.0,30.4,46.75,-16.35,46.75,True,2025,2025-04-01,April,-0.5378289473684211
ORD-001618,C-0661,2024-12-10,Website,Debit Card,Midwest,1,Clothing,40.98,5,2.05,31.86,14.07,0.0,1.43,No,0.0,38.93,47.36,-8.43,47.36,True,2024,2024-12-01,December,-0.2165425122013871
ORD-001619,C-0504,2024-03-09,Website,PayPal,Midwest,1,Toys,69.12,10,6.91,9.1,20.88,0.0,2.1,No,0.0,62.21,32.08,30.13,32.08,True,2024,2024-03-01,March,0.48432727857257674
ORD-001620,C-0233,2025-09-06,Website,PayPal,Midwest,2,Food & Beverage,91.72,5,4.59,34.66,35.41,0.0,2.83,No,0.0,87.13,72.9,14.23,72.89999999999999,True,2025,2025-09-01,September,0.1633191782394124
ORD-001621,C-0240,2025-01-05,Website,Buy Now Pay Later,Southwest,2,Books,189.88,5,9.49,37.2,79.36,0.0,5.53,No,0.0,180.39,122.09,58.3,122.09,True,2025,2025-01-01,January,0.3231886468207772
ORD-001622,C-0690,2025-08-20,Marketplace,Credit Card,Midwest,1,Sports,35.19,0,0.0,5.02,11.71,5.28,1.32,No,0.0,35.19,23.33,11.86,23.330000000000002,True,2025,2025-08-01,August,0.33702756464904804
ORD-001623,C-0156,2024-11-23,Website,Debit Card,West Coast,1,Sports,188.82,20,37.76,19.86,79.44,0.0,4.68,No,0.0,151.06,103.98,47.08,103.97999999999999,True,2024,2024-11-01,November,0.31166423937508275
ORD-001624,C-0033,2024-12-14,Mobile App,Credit Card,West Coast,2,Home & Kitchen,43.65,20,8.73,19.48,18.01,0.0,1.31,No,0.0,34.92,38.8,-3.88,38.800000000000004,True,2024,2024-12-01,December,-0.1111111111111111
ORD-001625,C-0576,2024-08-30,Website,PayPal,Southeast,3,Food & Beverage,492.51,15,73.88,27.92,151.04,0.0,12.44,No,0.0,418.63,191.4,227.23,191.39999999999998,True,2024,2024-08-01,August,0.5427943530086233
ORD-001626,C-0794,2025-02-16,Website,Credit Card,West Coast,2,Beauty,77.1,15,11.56,54.96,28.35,0.0,2.2,No,0.0,65.54,85.51,-19.97,85.51,True,2025,2025-02-01,February,-0.30469942020140367
ORD-001627,C-0430,2025-03-19,Marketplace,Credit Card,Southeast,2,Toys,212.8,5,10.64,38.18,83.62,30.32,6.16,No,0.0,202.16,158.28,43.88,158.28,True,2025,2025-03-01,March,0.21705579738820738
ORD-001628,C-0172,2025-08-09,Website,Credit Card,Midwest,2,Home & Kitchen,194.23,20,38.85,45.2,83.61,0.0,4.81,No,0.0,155.38,133.62,21.76,133.62,True,2025,2025-08-01,August,0.14004376367614882
ORD-001629,C-0333,2025-09-22,Website,Gift Card,Northeast,3,Electronics,612.37,0,0.0,48.4,216.56,0.0,18.06,No,0.0,612.37,283.02,329.35,283.02,True,2025,2025-09-01,September,0.5378284370560282
ORD-001630,C-0791,2025-02-04,Marketplace,Credit Card,Northeast,2,Electronics,187.37,0,0.0,30.98,94.57,28.11,5.73,No,0.0,187.37,159.39,27.98,159.39,True,2025,2025-02-01,February,0.14933020227357635
ORD-001631,C-0709,2024-11-27,Mobile App,Credit Card,Northeast,2,Sports,140.92,0,0.0,23.88,53.69,0.0,4.39,No,0.0,140.92,81.96,58.96,81.96,True,2024,2024-11-01,November,0.4183934147033778
ORD-001632,C-0296,2024-05-04,Mobile App,Buy Now Pay Later,West Coast,1,Sports,29.69,10,2.97,6.06,18.66,0.0,1.07,No,0.0,26.72,25.79,0.93,25.79,True,2024,2024-05-01,May,0.03480538922155689
ORD-001633,C-0401,2025-06-29,Website,Buy Now Pay Later,West Coast,1,Home & Kitchen,85.29,15,12.79,11.22,48.36,0.0,2.4,No,0.0,72.5,61.98,10.52,61.98,True,2025,2025-06-01,June,0.14510344827586205
ORD-001634,C-0021,2025-08-23,Mobile App,Credit Card,Southeast,2,Electronics,398.66,10,39.87,21.46,127.29,0.0,10.7,No,0.0,358.79,159.45,199.34,159.45,True,2025,2025-08-01,August,0.5555896206694724
ORD-001635,C-0230,2025-06-28,Mobile App,Credit Card,Southwest,1,Food & Beverage,54.32,0,0.0,22.68,27.28,0.0,1.88,No,0.0,54.32,51.84,2.48,51.84,True,2025,2025-06-01,June,0.045655375552282766
ORD-001636,C-0680,2025-08-31,Mobile App,PayPal,Midwest,2,Electronics,141.56,0,0.0,33.06,70.29,0.0,4.41,No,0.0,141.56,107.76,33.8,107.76,True,2025,2025-08-01,August,0.23876801356315341
ORD-001637,C-0758,2024-12-13,Website,PayPal,Northeast,1,Sports,49.35,5,2.47,8.38,26.77,0.0,1.66,No,0.0,46.88,36.81,10.07,36.809999999999995,True,2024,2024-12-01,December,0.2148037542662116
ORD-001638,C-0370,2025-10-26,Social Commerce,PayPal,Southeast,2,Clothing,47.26,0,0.0,18.9,21.19,3.78,1.67,No,0.0,47.26,45.54,1.72,45.540000000000006,True,2025,2025-10-01,October,0.03639441388066018
ORD-001639,C-0658,2025-03-14,Website,Credit Card,Midwest,3,Clothing,280.96,20,56.19,59.1,97.29,0.0,6.82,No,0.0,224.77,163.21,61.56,163.21,True,2025,2025-03-01,March,0.2738799661876585
ORD-001640,C-0800,2025-06-11,Website,Credit Card,West Coast,3,Toys,167.61,10,16.76,44.32,70.38,0.0,4.67,No,0.0,150.85,119.37,31.48,119.36999999999999,True,2025,2025-06-01,June,0.20868412330129268
ORD-001641,C-0654,2025-02-07,Mobile App,Gift Card,Midwest,1,Toys,45.27,25,11.32,12.78,23.99,0.0,1.28,No,0.0,33.95,38.05,-4.1,38.05,True,2025,2025-02-01,February,-0.12076583210603827
ORD-001642,C-0063,2025-01-12,Social Commerce,Credit Card,Northeast,1,Beauty,20.45,10,2.04,10.22,7.45,1.47,0.83,No,0.0,18.41,19.97,-1.56,19.97,True,2025,2025-01-01,January,-0.08473655621944595
ORD-001643,C-0667,2024-12-19,Mobile App,PayPal,Northeast,1,Books,46.4,5,2.32,15.96,13.54,0.0,1.58,No,0.0,44.08,31.08,13.0,31.08,True,2024,2024-12-01,December,0.29491833030852993
ORD-001644,C-0689,2025-09-12,Mobile App,Buy Now Pay Later,Northeast,3,Sports,208.14,25,52.03,39.34,91.41,0.0,4.83,No,0.0,156.11,135.58,20.53,135.58,True,2025,2025-09-01,September,0.13150983281019793
ORD-001645,C-0297,2025-10-01,Mobile App,Credit Card,Southeast,1,Food & Beverage,334.32,20,66.86,27.06,109.02,0.0,8.06,No,0.0,267.46,144.14,123.32,144.14,True,2025,2025-10-01,October,0.4610782920810589
ORD-001646,C-0017,2025-08-19,Marketplace,PayPal,Southeast,2,Food & Beverage,110.64,10,11.06,11.56,48.54,14.94,3.19,No,0.0,99.58,78.23,21.35,78.23,True,2025,2025-08-01,August,0.21440048202450293
ORD-001647,C-0690,2025-09-15,Website,Debit Card,Midwest,1,Beauty,117.33,5,5.87,29.46,47.7,0.0,3.53,No,0.0,111.46,80.69,30.77,80.69,True,2025,2025-09-01,September,0.27606316167234884
ORD-001648,C-0124,2025-03-04,Marketplace,Credit Card,Southwest,1,Books,57.93,0,0.0,17.7,18.69,8.69,1.98,No,0.0,57.93,47.06,10.87,47.059999999999995,True,2025,2025-03-01,March,0.1876402554807526
ORD-001649,C-0631,2025-07-31,Mobile App,Credit Card,Midwest,2,Toys,95.67,10,9.57,22.6,51.75,0.0,2.8,No,0.0,86.1,77.15,8.95,77.14999999999999,True,2025,2025-07-01,July,0.10394889663182345
ORD-001650,C-0558,2025-04-18,Marketplace,Credit Card,Southeast,1,Clothing,20.57,0,0.0,7.02,7.36,3.09,0.9,No,0.0,20.57,18.37,2.2,18.369999999999997,True,2025,2025-04-01,April,0.10695187165775402
ORD-001651,C-0792,2025-03-15,Marketplace,Credit Card,Southeast,3,Toys,155.52,0,0.0,35.54,61.52,23.33,4.81,No,0.0,155.52,125.2,30.32,125.2,True,2025,2025-03-01,March,0.1949588477366255
ORD-001652,C-0714,2025-09-21,Website,Buy Now Pay Later,Southeast,1,Beauty,58.23,5,2.91,13.42,22.42,0.0,1.9,No,0.0,55.32,37.74,17.58,37.74,True,2025,2025-09-01,September,0.3177874186550976
ORD-001653,C-0619,2025-06-10,Mobile App,Debit Card,Southeast,3,Books,75.38,0,0.0,41.3,34.8,0.0,2.49,No,0.0,75.38,78.59,-3.21,78.58999999999999,True,2025,2025-06-01,June,-0.04258423985141948
ORD-001654,C-0731,2024-08-12,Mobile App,Credit Card,Midwest,1,Electronics,215.16,5,10.76,10.46,62.72,0.0,6.23,No,0.0,204.4,79.41,124.99,79.41000000000001,True,2024,2024-08-01,August,0.6114970645792563
ORD-001655,C-0437,2025-10-08,Mobile App,Debit Card,West Coast,1,Food & Beverage,9.48,15,1.42,13.1,3.49,0.0,0.53,No,0.0,8.06,17.12,-9.06,17.12,True,2025,2025-10-01,October,-1.1240694789081886
ORD-001656,C-0633,2024-09-22,Website,Debit Card,Southwest,5,Electronics,329.22,20,65.84,58.9,124.94,0.0,7.94,No,0.0,263.38,191.78,71.6,191.78,True,2024,2024-09-01,September,0.27185055812893916
ORD-001657,C-0114,2024-06-09,Website,Buy Now Pay Later,Midwest,2,Electronics,84.93,10,8.49,20.36,32.79,0.0,2.52,No,0.0,76.44,55.67,20.77,55.67,True,2024,2024-06-01,June,0.271716378859236
ORD-001658,C-0118,2025-01-16,Website,Gift Card,Northeast,2,Sports,252.06,20,50.41,15.7,78.87,0.0,6.15,No,0.0,201.65,100.72,100.93,100.72000000000001,True,2025,2025-01-01,January,0.5005207041904289
ORD-001659,C-0573,2025-05-31,Marketplace,Buy Now Pay Later,West Coast,2,Sports,295.8,0,0.0,16.82,94.45,44.37,8.88,No,0.0,295.8,164.52,131.28,164.52,True,2025,2025-05-01,May,0.44381338742393506
ORD-001660,C-0370,2024-12-07,Website,Debit Card,Southwest,1,Food & Beverage,85.06,10,8.51,11.82,36.72,0.0,2.52,No,0.0,76.55,51.06,25.49,51.06,True,2024,2024-12-01,December,0.3329849771391247
ORD-001661,C-0184,2025-08-17,Mobile App,PayPal,West Coast,2,Electronics,194.84,0,0.0,13.96,63.39,0.0,5.95,No,0.0,194.84,83.3,111.54,83.3,True,2025,2025-08-01,August,0.5724697187435845
ORD-001662,C-0675,2024-05-09,Marketplace,Credit Card,Southwest,3,Toys,101.81,25,25.45,40.4,51.51,11.45,2.51,No,0.0,76.36,105.87,-29.51,105.87,True,2024,2024-05-01,May,-0.38645887899423786
ORD-001663,C-0733,2025-08-23,Website,Credit Card,Southeast,1,Clothing,86.75,5,4.34,12.94,26.86,0.0,2.69,Yes,82.41,0.0,42.49,-42.49,42.489999999999995,True,2025,2025-08-01,August,
ORD-001664,C-0519,2025-01-16,Marketplace,Credit Card,West Coast,5,Electronics,460.11,0,0.0,73.92,158.44,69.02,13.64,No,0.0,460.11,315.02,145.09,315.02,True,2025,2025-01-01,January,0.3153376366521049
ORD-001665,C-0257,2024-09-18,Mobile App,Credit Card,Southwest,1,Toys,63.63,15,9.54,8.38,31.76,0.0,1.87,No,0.0,54.09,42.01,12.08,42.01,True,2024,2024-09-01,September,0.22333148456276575
ORD-001666,C-0462,2025-08-03,Mobile App,PayPal,Northeast,1,Sports,27.71,10,2.77,12.94,11.44,0.0,1.02,No,0.0,24.94,25.4,-0.46,25.4,True,2025,2025-08-01,August,-0.018444266238973536
ORD-001667,C-0306,2024-05-10,Website,Debit Card,Midwest,2,Clothing,218.96,15,32.84,42.96,97.82,0.0,5.7,No,0.0,186.12,146.48,39.64,146.48,True,2024,2024-05-01,May,0.21298087255534065
ORD-001668,C-0189,2025-03-15,Website,Buy Now Pay Later,Southwest,5,Electronics,337.11,10,33.71,61.72,152.64,0.0,9.1,No,0.0,303.4,223.46,79.94,223.45999999999998,True,2025,2025-03-01,March,0.26348055372445617
ORD-001669,C-0702,2024-03-07,Marketplace,PayPal,Southwest,1,Sports,19.26,5,0.96,5.26,7.33,2.75,0.83,No,0.0,18.3,16.17,2.13,16.169999999999998,True,2024,2024-03-01,March,0.11639344262295082
ORD-001670,C-0112,2024-10-22,Website,Credit Card,Northeast,2,Books,53.2,15,7.98,12.92,19.73,0.0,1.61,No,0.0,45.22,34.26,10.96,34.26,True,2024,2024-10-01,October,0.24237063246351176
ORD-001671,C-0136,2025-02-15,Marketplace,Credit Card,Southeast,2,Toys,260.83,0,0.0,44.24,120.01,39.12,7.86,No,0.0,260.83,211.23,49.6,211.23000000000002,True,2025,2025-02-01,February,0.1901621745964805
ORD-001672,C-0703,2024-09-02,Marketplace,PayPal,Midwest,1,Sports,19.26,15,2.89,5.26,7.33,2.46,0.77,No,0.0,16.37,15.82,0.55,15.82,True,2024,2024-09-01,September,0.03359804520464264
ORD-001673,C-0223,2025-07-29,Marketplace,Credit Card,Northeast,2,Sports,74.41,10,7.44,15.48,49.75,10.05,2.24,No,0.0,66.97,77.52,-10.55,77.52,True,2025,2025-07-01,July,-0.1575332238315664
ORD-001674,C-0234,2024-10-06,Mobile App,PayPal,Midwest,2,Electronics,95.12,5,4.76,36.34,51.28,0.0,2.92,No,0.0,90.36,90.54,-0.18,90.54,True,2024,2024-10-01,October,-0.00199203187250996
ORD-001675,C-0245,2025-09-27,Website,Buy Now Pay Later,Midwest,1,Toys,72.56,10,7.26,8.7,35.81,0.0,2.19,No,0.0,65.3,46.7,18.6,46.7,True,2025,2025-09-01,September,0.2848392036753446
ORD-001676,C-0397,2025-06-18,Website,Debit Card,Northeast,1,Home & Kitchen,57.08,15,8.56,11.26,26.65,0.0,1.71,No,0.0,48.52,39.62,8.9,39.62,True,2025,2025-06-01,June,0.1834295136026381
ORD-001677,C-0560,2025-02-15,Mobile App,Credit Card,Northeast,2,Food & Beverage,121.56,10,12.16,33.22,64.82,0.0,3.47,No,0.0,109.4,101.51,7.89,101.50999999999999,True,2025,2025-02-01,February,0.07212065813528336
ORD-001678,C-0282,2025-02-03,Marketplace,PayPal,Northeast,4,Clothing,137.29,0,0.0,77.78,56.8,20.59,4.28,No,0.0,137.29,159.45,-22.16,159.45,True,2025,2025-02-01,February,-0.1614101536892709
ORD-001679,C-0005,2025-05-12,Mobile App,Gift Card,West Coast,1,Food & Beverage,129.8,5,6.49,3.82,38.64,0.0,3.88,No,0.0,123.31,46.34,76.97,46.34,True,2025,2025-05-01,May,0.6241991728164787
ORD-001680,C-0592,2025-07-16,Mobile App,Gift Card,Southwest,2,Sports,66.29,0,0.0,16.68,33.3,0.0,2.22,No,0.0,66.29,52.2,14.09,52.199999999999996,True,2025,2025-07-01,July,0.21255091265650924
ORD-001681,C-0404,2025-04-30,Marketplace,Credit Card,Northeast,3,Books,217.33,0,0.0,31.22,70.03,32.6,6.6,No,0.0,217.33,140.45,76.88,140.45,True,2025,2025-04-01,April,0.3537477568674366
ORD-001682,C-0786,2025-12-27,Mobile App,PayPal,Midwest,1,Clothing,13.66,0,0.0,10.62,4.69,0.0,0.7,No,0.0,13.66,16.01,-2.35,16.009999999999998,True,2025,2025-12-01,December,-0.1720351390922401
ORD-001683,C-0373,2025-10-18,Website,PayPal,Midwest,3,Clothing,154.01,0,0.0,27.94,80.78,0.0,4.77,No,0.0,154.01,113.49,40.52,113.49,True,2025,2025-10-01,October,0.2630997987143692
ORD-001684,C-0677,2025-12-16,Mobile App,Credit Card,West Coast,1,Home & Kitchen,215.49,0,0.0,30.42,142.68,0.0,6.55,No,0.0,215.49,179.65,35.84,179.65000000000003,True,2025,2025-12-01,December,0.16631862267390599
ORD-001685,C-0307,2025-07-28,Mobile App,Debit Card,Northeast,1,Electronics,29.99,5,1.5,9.26,13.51,0.0,1.13,No,0.0,28.49,23.9,4.59,23.9,True,2025,2025-07-01,July,0.16110916110916113
ORD-001686,C-0460,2025-03-25,Website,PayPal,West Coast,2,Toys,136.58,5,6.83,10.04,56.55,0.0,4.06,No,0.0,129.75,70.65,59.1,70.65,True,2025,2025-03-01,March,0.4554913294797688
ORD-001687,C-0696,2024-09-29,Website,Credit Card,Northeast,1,Food & Beverage,85.06,5,4.25,11.82,36.72,0.0,2.64,No,0.0,80.81,51.18,29.63,51.18,True,2024,2024-09-01,September,0.3666625417646331
ORD-001688,C-0076,2025-08-05,Mobile App,Credit Card,Northeast,3,Electronics,572.61,5,28.63,24.16,196.39,0.0,16.08,No,0.0,543.98,236.63,307.35,236.63,True,2025,2025-08-01,August,0.5650023897937424
ORD-001689,C-0542,2025-11-11,Mobile App,Credit Card,West Coast,2,Books,27.3,5,1.36,23.24,17.82,0.0,1.05,No,0.0,25.94,42.11,-16.17,42.11,True,2025,2025-11-01,November,-0.6233616037008481
ORD-001690,C-0170,2025-07-31,Mobile App,PayPal,Northeast,3,Food & Beverage,458.95,20,91.79,46.8,159.37,0.0,10.95,No,0.0,367.16,217.12,150.04,217.12,True,2025,2025-07-01,July,0.40865017975814355
ORD-001691,C-0732,2024-09-06,Marketplace,Gift Card,Northeast,2,Food & Beverage,112.12,20,22.42,36.4,61.48,13.46,2.9,No,0.0,89.7,114.24,-24.54,114.24000000000001,True,2024,2024-09-01,September,-0.2735785953177257
ORD-001692,C-0108,2025-07-04,Marketplace,Credit Card,West Coast,3,Books,112.79,20,22.56,52.94,38.17,13.53,2.92,No,0.0,90.23,107.56,-17.33,107.56,True,2025,2025-07-01,July,-0.19206472348442866
ORD-001693,C-0107,2025-09-10,Mobile App,PayPal,Southeast,1,Electronics,182.6,0,0.0,8.78,60.94,0.0,5.6,No,0.0,182.6,75.32,107.28,75.32,True,2025,2025-09-01,September,0.587513691128149
ORD-001694,C-0774,2024-12-30,Marketplace,Credit Card,West Coast,2,Home & Kitchen,275.56,0,0.0,32.9,80.02,41.33,8.29,No,0.0,275.56,162.54,113.02,162.54,True,2024,2024-12-01,December,0.4101466105385397
ORD-001695,C-0441,2025-01-15,Marketplace,PayPal,Midwest,2,Beauty,94.12,0,0.0,19.0,40.15,14.12,3.03,No,0.0,94.12,76.3,17.82,76.3,True,2025,2025-01-01,January,0.189332766680833
ORD-001696,C-0033,2025-09-01,Social Commerce,PayPal,West Coast,2,Beauty,97.7,15,14.65,12.84,33.16,6.64,2.71,No,0.0,83.05,55.35,27.7,55.35,True,2025,2025-09-01,September,0.33353401565322094
ORD-001697,C-0049,2025-07-08,Social Commerce,Gift Card,Northeast,1,Food & Beverage,129.8,5,6.49,3.82,38.64,9.86,3.88,Yes,123.31,0.0,56.2,-56.2,56.2,True,2025,2025-07-01,July,
ORD-001698,C-0449,2025-06-16,Marketplace,PayPal,Southwest,1,Beauty,11.82,15,1.77,11.9,5.81,1.51,0.59,No,0.0,10.05,19.81,-9.76,19.810000000000002,True,2025,2025-06-01,June,-0.9711442786069651
ORD-001699,C-0383,2024-04-16,Website,Buy Now Pay Later,Southeast,2,Food & Beverage,178.36,0,0.0,36.4,76.68,0.0,5.47,No,0.0,178.36,118.55,59.81,118.55000000000001,True,2024,2024-04-01,April,0.3353330343126261
ORD-001700,C-0474,2024-12-13,Marketplace,PayPal,Midwest,3,Food & Beverage,452.96,0,0.0,34.96,145.17,67.94,13.44,No,0.0,452.96,261.51,191.45,261.51,True,2024,2024-12-01,December,0.4226642529141646
ORD-001701,C-0569,2024-08-23,Marketplace,PayPal,Midwest,4,Home & Kitchen,472.27,10,47.23,70.9,205.09,63.76,12.63,Yes,425.04,-0.0,352.38,-352.38,352.38,True,2024,2024-08-01,August,
ORD-001702,C-0168,2025-06-06,Mobile App,Credit Card,West Coast,1,Clothing,49.76,10,4.98,14.04,27.54,0.0,1.6,No,0.0,44.78,43.18,1.6,43.18,True,2025,2025-06-01,June,0.03573023671281823
ORD-001703,C-0594,2025-07-13,Mobile App,Credit Card,Southeast,2,Sports,173.57,0,0.0,28.5,69.23,0.0,5.33,No,0.0,173.57,103.06,70.51,103.06,True,2025,2025-07-01,July,0.4062337961629314
ORD-001704,C-0426,2025-07-15,Website,Credit Card,Midwest,1,Beauty,23.64,10,2.36,23.8,11.62,0.0,0.92,No,0.0,21.28,36.34,-15.06,36.34,True,2025,2025-07-01,July,-0.7077067669172932
ORD-001705,C-0513,2025-06-12,Website,Debit Card,Northeast,1,Electronics,68.98,10,6.9,14.54,25.39,0.0,2.1,No,0.0,62.08,42.03,20.05,42.03,True,2025,2025-06-01,June,0.3229703608247423
ORD-001706,C-0749,2025-05-23,Mobile App,Credit Card,Midwest,1,Beauty,36.6,10,3.66,10.62,14.64,0.0,1.26,No,0.0,32.94,26.52,6.42,26.52,True,2025,2025-05-01,May,0.19489981785063754
ORD-001707,C-0044,2025-06-20,Marketplace,Credit Card,Southwest,3,Clothing,165.32,10,16.53,42.06,101.71,22.32,4.61,No,0.0,148.79,170.7,-21.91,170.7,True,2025,2025-06-01,June,-0.14725451979299686
ORD-001708,C-0049,2025-08-08,Website,PayPal,Midwest,1,Books,19.31,10,1.93,5.9,6.23,0.0,0.8,Yes,17.38,0.0,12.93,-12.93,12.930000000000001,True,2025,2025-08-01,August,
ORD-001709,C-0445,2025-05-08,Marketplace,Credit Card,Southwest,5,Clothing,235.23,10,23.52,81.94,117.98,31.76,6.44,No,0.0,211.71,238.12,-26.41,238.12,True,2025,2025-05-01,May,-0.1247461149685891
ORD-001710,C-0792,2025-06-29,Marketplace,PayPal,Midwest,2,Electronics,139.17,0,0.0,23.72,78.23,20.88,4.34,No,0.0,139.17,127.17,12.0,127.17,True,2025,2025-06-01,June,0.08622547962923044
ORD-001711,C-0382,2024-12-26,Mobile App,Debit Card,Midwest,1,Books,26.5,0,0.0,5.5,8.06,0.0,1.07,No,0.0,26.5,14.63,11.87,14.63,True,2024,2024-12-01,December,0.4479245283018868
ORD-001712,C-0338,2025-04-07,Mobile App,Gift Card,Southeast,2,Sports,281.41,5,14.07,44.06,139.2,0.0,8.05,No,0.0,267.34,191.31,76.03,191.31,True,2025,2025-04-01,April,0.28439440412957284
ORD-001713,C-0500,2025-09-09,Mobile App,PayPal,West Coast,2,Clothing,165.34,25,41.34,35.22,73.65,0.0,3.9,No,0.0,124.0,112.77,11.23,112.77000000000001,True,2025,2025-09-01,September,0.09056451612903225
ORD-001714,C-0052,2025-08-22,Website,Credit Card,West Coast,1,Toys,113.43,0,0.0,17.22,34.65,0.0,3.59,No,0.0,113.43,55.46,57.97,55.459999999999994,True,2025,2025-08-01,August,0.5110640923917834
ORD-001715,C-0728,2024-08-15,Website,Credit Card,Southeast,1,Beauty,94.64,0,0.0,18.2,41.88,0.0,3.04,No,0.0,94.64,63.12,31.52,63.12,True,2024,2024-08-01,August,0.3330515638207946
ORD-001716,C-0213,2025-09-23,Marketplace,Debit Card,Southeast,1,Electronics,20.67,15,3.1,4.3,5.96,2.64,0.81,No,0.0,17.57,13.71,3.86,13.71,True,2025,2025-09-01,September,0.21969265793966988
ORD-001717,C-0788,2024-08-17,Website,Credit Card,West Coast,1,Clothing,6.07,10,0.61,12.94,4.14,0.0,0.46,No,0.0,5.46,17.54,-12.08,17.54,True,2024,2024-08-01,August,-2.2124542124542126
ORD-001718,C-0558,2025-06-17,Marketplace,Credit Card,Northeast,3,Electronics,294.41,15,44.16,33.76,98.59,37.54,7.56,No,0.0,250.25,177.45,72.8,177.45,True,2025,2025-06-01,June,0.2909090909090909
ORD-001719,C-0030,2025-02-27,Marketplace,PayPal,Midwest,1,Clothing,20.57,10,2.06,7.02,7.36,2.78,0.84,No,0.0,18.51,18.0,0.51,18.0,True,2025,2025-02-01,February,0.027552674230145867
ORD-001720,C-0653,2025-03-12,Website,PayPal,Southeast,1,Electronics,370.06,10,37.01,10.84,133.38,0.0,9.96,No,0.0,333.05,154.18,178.87,154.18,True,2025,2025-03-01,March,0.537066506530551
ORD-001721,C-0483,2025-04-18,Mobile App,Gift Card,Midwest,1,Toys,90.83,15,13.62,15.42,26.68,0.0,2.54,No,0.0,77.21,44.64,32.57,44.64,True,2025,2025-04-01,April,0.42183654966973194
ORD-001722,C-0780,2025-02-25,Mobile App,Credit Card,Southeast,1,Electronics,137.96,5,6.9,29.08,50.78,0.0,4.1,No,0.0,131.06,83.96,47.1,83.96,True,2025,2025-02-01,February,0.35937738440408973
ORD-001723,C-0573,2024-07-18,Website,Credit Card,Southwest,3,Clothing,174.26,0,0.0,74.84,100.13,0.0,5.35,No,0.0,174.26,180.32,-6.06,180.32,True,2024,2024-07-01,July,-0.03477562263284747
ORD-001724,C-0322,2025-09-04,Website,Buy Now Pay Later,Southeast,3,Home & Kitchen,203.79,0,0.0,34.26,71.13,0.0,6.21,No,0.0,203.79,111.6,92.19,111.59999999999998,True,2025,2025-09-01,September,0.452377447372295
ORD-001725,C-0241,2025-03-23,Marketplace,Credit Card,Southeast,3,Food & Beverage,229.15,0,0.0,46.62,98.65,34.37,6.95,No,0.0,229.15,186.59,42.56,186.59,True,2025,2025-03-01,March,0.18572987126336463
ORD-001726,C-0058,2025-05-03,Mobile App,Debit Card,Southeast,1,Electronics,547.8,20,109.56,26.34,182.82,0.0,13.01,No,0.0,438.24,222.17,216.07,222.17,True,2025,2025-05-01,May,0.4930403431909456
ORD-001727,C-0140,2025-07-09,Website,PayPal,Southwest,1,Electronics,29.99,0,0.0,9.26,13.51,0.0,1.17,No,0.0,29.99,23.94,6.05,23.939999999999998,True,2025,2025-07-01,July,0.20173391130376792
ORD-001728,C-0596,2025-02-28,Mobile App,Credit Card,Southwest,1,Clothing,56.0,15,8.4,12.86,19.82,0.0,1.68,No,0.0,47.6,34.36,13.24,34.36,True,2025,2025-02-01,February,0.2781512605042017
ORD-001729,C-0687,2025-03-28,Marketplace,Gift Card,Midwest,1,Clothing,20.57,15,3.09,7.02,7.36,2.62,0.81,No,0.0,17.48,17.81,-0.33,17.81,True,2025,2025-03-01,March,-0.01887871853546911
ORD-001730,C-0629,2025-01-01,Marketplace,Credit Card,Southeast,4,Books,206.41,0,0.0,36.24,76.53,30.96,6.29,No,0.0,206.41,150.02,56.39,150.02,True,2025,2025-01-01,January,0.2731941281914636
ORD-001731,C-0007,2025-11-12,Marketplace,Credit Card,Southeast,3,Clothing,278.97,10,27.9,39.2,106.97,37.66,7.58,No,0.0,251.07,191.41,59.66,191.41000000000003,True,2025,2025-11-01,November,0.23762297367268093
ORD-001732,C-0227,2025-01-02,Marketplace,Buy Now Pay Later,Northeast,2,Toys,119.78,5,5.99,14.6,56.71,17.07,3.6,No,0.0,113.79,91.98,21.81,91.97999999999999,True,2025,2025-01-01,January,0.1916688636962826
ORD-001733,C-0284,2025-04-13,Mobile App,PayPal,West Coast,5,Clothing,432.51,15,64.88,57.4,165.87,0.0,10.96,No,0.0,367.63,234.23,133.4,234.23000000000002,True,2025,2025-04-01,April,0.3628648369284335
ORD-001734,C-0401,2025-10-03,Mobile App,Credit Card,West Coast,1,Food & Beverage,48.08,0,0.0,15.26,34.07,0.0,1.69,No,0.0,48.08,51.02,-2.94,51.019999999999996,True,2025,2025-10-01,October,-0.061148086522462564
ORD-001735,C-0531,2025-06-15,Mobile App,PayPal,Northeast,3,Home & Kitchen,132.04,25,33.01,30.1,54.14,0.0,3.17,Yes,99.03,0.0,87.41,-87.41,87.41000000000001,True,2025,2025-06-01,June,
ORD-001736,C-0659,2025-01-02,Mobile App,PayPal,West Coast,1,Home & Kitchen,115.01,10,11.5,13.18,35.49,0.0,3.3,No,0.0,103.51,51.97,51.54,51.97,True,2025,2025-01-01,January,0.4979229059994203
ORD-001737,C-0201,2025-09-22,Mobile App,Credit Card,Northeast,2,Sports,85.7,10,8.57,23.14,46.25,0.0,2.54,No,0.0,77.13,71.93,5.2,71.93,True,2025,2025-09-01,September,0.06741864384804876
ORD-001738,C-0512,2025-04-08,Website,Credit Card,Northeast,2,Toys,121.44,10,12.14,23.08,63.28,0.0,3.47,No,0.0,109.3,89.83,19.47,89.83,True,2025,2025-04-01,April,0.17813357731015553
ORD-001739,C-0238,2025-04-12,Website,Gift Card,Southwest,1,Sports,14.58,0,0.0,9.1,4.36,0.0,0.72,No,0.0,14.58,14.18,0.4,14.180000000000001,True,2025,2025-04-01,April,0.027434842249657067
ORD-001740,C-0256,2025-12-10,Social Commerce,Buy Now Pay Later,Southeast,3,Toys,299.63,10,29.96,34.24,111.74,21.57,8.12,No,0.0,269.67,175.67,94.0,175.67,True,2025,2025-12-01,December,0.3485741832610227
ORD-001741,C-0108,2025-06-21,Marketplace,Gift Card,Southeast,2,Home & Kitchen,544.12,0,0.0,22.96,163.47,81.62,16.08,No,0.0,544.12,284.13,259.99,284.13,True,2025,2025-06-01,June,0.4778173932220834
ORD-001742,C-0277,2025-06-04,Website,Credit Card,Southeast,3,Food & Beverage,518.95,15,77.84,61.94,252.37,0.0,13.09,No,0.0,441.11,327.4,113.71,327.4,True,2025,2025-06-01,June,0.2577815057468658
ORD-001743,C-0568,2024-08-25,Marketplace,Buy Now Pay Later,West Coast,2,Electronics,206.04,0,0.0,20.68,77.28,30.91,6.28,No,0.0,206.04,135.15,70.89,135.15,True,2024,2024-08-01,August,0.3440594059405941
ORD-001744,C-0504,2024-10-17,Website,PayPal,Northeast,1,Home & Kitchen,32.91,0,0.0,44.58,12.42,0.0,1.25,No,0.0,32.91,58.25,-25.34,58.25,True,2024,2024-10-01,October,-0.7699787298693407
ORD-001745,C-0451,2024-11-05,Social Commerce,Debit Card,Southwest,2,Sports,45.95,10,4.59,17.0,18.35,3.31,1.5,No,0.0,41.36,40.16,1.2,40.160000000000004,True,2024,2024-11-01,November,0.029013539651837523
ORD-001746,C-0032,2025-08-02,Marketplace,Buy Now Pay Later,Southeast,5,Toys,337.6,10,33.76,89.2,121.59,45.58,9.11,No,0.0,303.84,265.48,38.36,265.48,True,2025,2025-08-01,August,0.12625065824117956
ORD-001747,C-0601,2025-03-23,Mobile App,Buy Now Pay Later,Southeast,4,Food & Beverage,167.13,0,0.0,59.5,56.85,0.0,5.15,No,0.0,167.13,121.5,45.63,121.5,True,2025,2025-03-01,March,0.2730210016155089
ORD-001748,C-0311,2025-04-04,Marketplace,PayPal,Southwest,1,Clothing,90.19,0,0.0,13.42,33.04,13.53,2.92,No,0.0,90.19,62.91,27.28,62.910000000000004,True,2025,2025-04-01,April,0.30247255793325206
ORD-001749,C-0243,2025-08-22,Website,Credit Card,West Coast,2,Toys,131.68,5,6.58,39.6,62.7,0.0,3.93,No,0.0,125.1,106.23,18.87,106.23000000000002,True,2025,2025-08-01,August,0.15083932853717028
ORD-001750,C-0516,2025-08-25,Mobile App,Credit Card,Northeast,1,Home & Kitchen,67.09,0,0.0,10.54,26.96,0.0,2.25,No,0.0,67.09,39.75,27.34,39.75,True,2025,2025-08-01,August,0.40751229691459234
ORD-001751,C-0277,2024-09-27,Mobile App,Debit Card,Southwest,1,Home & Kitchen,314.19,10,31.42,44.82,102.45,0.0,8.5,No,0.0,282.77,155.77,127.0,155.77,True,2024,2024-09-01,September,0.4491282667892634
ORD-001752,C-0062,2025-02-09,Social Commerce,Credit Card,Midwest,1,Electronics,113.13,0,0.0,43.38,35.67,9.05,3.58,No,0.0,113.13,91.68,21.45,91.68,True,2025,2025-02-01,February,0.1896048793423495
ORD-001753,C-0342,2025-02-25,Website,Credit Card,Northeast,1,Electronics,24.38,15,3.66,13.9,16.19,0.0,0.9,No,0.0,20.72,30.99,-10.27,30.990000000000002,True,2025,2025-02-01,February,-0.49565637065637064
ORD-001754,C-0490,2024-03-28,Mobile App,Debit Card,Southwest,4,Sports,202.66,0,0.0,45.74,95.7,0.0,6.18,No,0.0,202.66,147.62,55.04,147.62,True,2024,2024-03-01,March,0.27158788118030197
ORD-001755,C-0073,2025-06-07,Website,Debit Card,Southeast,4,Home & Kitchen,388.48,25,97.12,44.3,131.24,0.0,8.75,No,0.0,291.36,184.29,107.07,184.29000000000002,True,2025,2025-06-01,June,0.3674835255354201
ORD-001756,C-0068,2025-05-10,Website,Debit Card,Southwest,1,Sports,36.49,0,0.0,12.38,15.2,0.0,1.36,No,0.0,36.49,28.94,7.55,28.939999999999998,True,2025,2025-05-01,May,0.2069060016442861
ORD-001757,C-0730,2025-03-22,Mobile App,PayPal,Northeast,1,Books,19.31,0,0.0,5.9,6.23,0.0,0.86,No,0.0,19.31,12.99,6.32,12.99,True,2025,2025-03-01,March,0.32729155877783533
ORD-001758,C-0597,2024-04-26,Website,PayPal,West Coast,2,Food & Beverage,361.41,0,0.0,78.6,131.19,0.0,10.78,No,0.0,361.41,220.57,140.84,220.57,True,2024,2024-04-01,April,0.389695913228743
ORD-001759,C-0746,2025-12-23,Social Commerce,Buy Now Pay Later,Southeast,2,Food & Beverage,157.13,5,7.86,20.6,64.55,11.94,4.63,No,0.0,149.27,101.72,47.55,101.72,True,2025,2025-12-01,December,0.3185502780196958
ORD-001760,C-0065,2025-07-19,Marketplace,Debit Card,West Coast,1,Home & Kitchen,26.25,15,3.94,7.18,10.78,3.35,0.95,No,0.0,22.31,22.26,0.05,22.26,True,2025,2025-07-01,July,0.002241147467503362
ORD-001761,C-0643,2025-01-11,Mobile App,Credit Card,Midwest,1,Books,20.82,10,2.08,19.16,9.12,0.0,0.84,No,0.0,18.74,29.12,-10.38,29.12,True,2025,2025-01-01,January,-0.5538954108858059
ORD-001762,C-0264,2025-07-10,Mobile App,Debit Card,West Coast,1,Books,26.5,0,0.0,5.5,8.06,0.0,1.07,No,0.0,26.5,14.63,11.87,14.63,True,2025,2025-07-01,July,0.4479245283018868
ORD-001763,C-0613,2024-10-01,Marketplace,Debit Card,Southeast,2,Books,58.82,0,0.0,14.58,22.08,8.82,2.01,No,0.0,58.82,47.49,11.33,47.489999999999995,True,2024,2024-10-01,October,0.1926215572934376
ORD-001764,C-0126,2025-09-14,Mobile App,Credit Card,Midwest,2,Toys,240.75,10,24.07,56.28,126.06,0.0,6.58,No,0.0,216.68,188.92,27.76,188.92000000000002,True,2025,2025-09-01,September,0.12811519291120546
ORD-001765,C-0232,2025-06-22,Mobile App,Credit Card,Southeast,1,Electronics,260.5,5,13.03,11.82,78.92,0.0,7.48,No,0.0,247.47,98.22,149.25,98.22000000000001,True,2025,2025-06-01,June,0.6031034064735119
ORD-001766,C-0125,2025-06-16,Marketplace,Credit Card,Northeast,3,Clothing,130.82,0,0.0,23.46,60.31,19.62,4.09,No,0.0,130.82,107.48,23.34,107.48000000000002,True,2025,2025-06-01,June,0.17841308668399328
ORD-001767,C-0430,2025-07-27,Marketplace,PayPal,Northeast,1,Books,19.31,20,3.86,5.9,6.23,2.32,0.75,Yes,15.45,0.0,15.2,-15.2,15.200000000000001,True,2025,2025-07-01,July,
ORD-001768,C-0630,2025-02-19,Website,Debit Card,Northeast,2,Sports,41.67,10,4.17,18.12,18.5,0.0,1.39,Yes,37.5,0.0,38.01,-38.01,38.010000000000005,True,2025,2025-02-01,February,
ORD-001769,C-0093,2024-03-24,Website,Gift Card,Southeast,1,Books,17.99,0,0.0,11.74,7.88,0.0,0.82,No,0.0,17.99,20.44,-2.45,20.44,True,2024,2024-03-01,March,-0.13618677042801558
ORD-001770,C-0482,2024-12-07,Marketplace,PayPal,Southeast,1,Books,20.0,10,2.0,12.28,6.7,2.7,0.82,No,0.0,18.0,22.5,-4.5,22.5,True,2024,2024-12-01,December,-0.25
ORD-001771,C-0176,2025-02-27,Mobile App,Buy Now Pay Later,West Coast,2,Home & Kitchen,91.35,5,4.57,14.12,43.15,0.0,2.82,Yes,86.78,0.0,60.09,-60.09,60.089999999999996,True,2025,2025-02-01,February,
ORD-001772,C-0778,2025-10-15,Mobile App,PayPal,Northeast,2,Books,201.22,10,20.12,20.12,72.58,0.0,5.55,No,0.0,181.1,98.25,82.85,98.25,True,2025,2025-10-01,October,0.4574820541137493
ORD-001773,C-0176,2025-08-24,Mobile App,Credit Card,Midwest,1,Food & Beverage,27.84,0,0.0,7.42,8.24,0.0,1.11,No,0.0,27.84,16.77,11.07,16.77,True,2025,2025-08-01,August,0.3976293103448276
ORD-001774,C-0610,2025-06-10,Social Commerce,Credit Card,Southeast,3,Toys,55.76,0,0.0,25.06,18.31,4.46,1.92,No,0.0,55.76,49.75,6.01,49.75,True,2025,2025-06-01,June,0.10778335724533716
ORD-001775,C-0392,2025-06-07,Mobile App,PayPal,West Coast,3,Home & Kitchen,316.73,0,0.0,30.96,92.33,0.0,9.49,No,0.0,316.73,132.78,183.95,132.78,True,2025,2025-06-01,June,0.58077858112588
ORD-001776,C-0545,2025-07-28,Marketplace,Debit Card,Midwest,3,Electronics,1081.14,0,0.0,57.04,364.93,162.17,31.65,No,0.0,1081.14,615.79,465.35,615.79,True,2025,2025-07-01,July,0.4304252918215957
ORD-001777,C-0249,2025-08-17,Website,Credit Card,Southwest,1,Electronics,78.79,0,0.0,13.5,31.36,0.0,2.58,Yes,78.79,0.0,47.44,-47.44,47.44,True,2025,2025-08-01,August,
ORD-001778,C-0797,2025-06-16,Website,Credit Card,Southeast,1,Electronics,24.38,5,1.22,13.9,16.19,0.0,0.97,No,0.0,23.16,31.06,-7.9,31.060000000000002,True,2025,2025-06-01,June,-0.34110535405872194
ORD-001779,C-0317,2025-05-05,Website,Gift Card,West Coast,1,Clothing,6.07,20,1.21,12.94,4.14,0.0,0.44,No,0.0,4.86,17.52,-12.66,17.52,True,2025,2025-05-01,May,-2.6049382716049383
ORD-001780,C-0180,2025-01-09,Mobile App,Buy Now Pay Later,Southwest,1,Books,9.94,5,0.5,7.34,6.71,0.0,0.57,No,0.0,9.44,14.62,-5.18,14.620000000000001,True,2025,2025-01-01,January,-0.548728813559322
ORD-001781,C-0583,2025-12-02,Website,PayPal,Northeast,1,Clothing,30.79,0,0.0,12.38,19.86,0.0,1.19,No,0.0,30.79,33.43,-2.64,33.43,True,2025,2025-12-01,December,-0.08574212406625528
ORD-001782,C-0631,2025-06-05,Website,Credit Card,West Coast,1,Beauty,16.16,0,0.0,4.54,7.01,0.0,0.77,Yes,16.16,0.0,12.32,-12.32,12.32,True,2025,2025-06-01,June,
ORD-001783,C-0178,2024-08-23,Marketplace,PayPal,Southeast,1,Sports,29.69,15,4.45,6.06,18.66,3.79,1.03,No,0.0,25.24,29.54,-4.3,29.54,True,2024,2024-08-01,August,-0.17036450079239304
ORD-001784,C-0141,2025-04-02,Website,Credit Card,Southwest,1,Sports,45.69,0,0.0,11.58,28.21,0.0,1.63,No,0.0,45.69,41.42,4.27,41.42,True,2025,2025-04-01,April,0.09345589844604946
ORD-001785,C-0410,2025-07-24,Website,PayPal,Southwest,2,Electronics,52.29,25,13.07,23.56,16.25,0.0,1.44,No,0.0,39.22,41.25,-2.03,41.25,True,2025,2025-07-01,July,-0.051759306476287605
ORD-001786,C-0320,2024-09-20,Social Commerce,Credit Card,Northeast,1,Electronics,370.06,20,74.01,10.84,133.38,23.68,8.89,No,0.0,296.05,176.79,119.26,176.79000000000002,True,2024,2024-09-01,September,0.40283735855429825
ORD-001787,C-0224,2024-07-20,Mobile App,PayPal,Midwest,1,Books,31.87,15,4.78,9.58,10.3,0.0,1.09,No,0.0,27.09,20.97,6.12,20.970000000000002,True,2024,2024-07-01,July,0.22591362126245848
ORD-001788,C-0322,2025-05-19,Mobile App,Buy Now Pay Later,West Coast,1,Sports,29.59,10,2.96,4.7,12.42,0.0,1.07,No,0.0,26.63,18.19,8.44,18.19,True,2025,2025-05-01,May,0.31693578670672173
ORD-001789,C-0539,2025-08-06,Mobile App,Credit Card,West Coast,2,Electronics,44.69,0,0.0,8.28,16.71,0.0,1.6,No,0.0,44.69,26.59,18.1,26.590000000000003,True,2025,2025-08-01,August,0.40501230700380403
ORD-001790,C-0544,2025-08-29,Website,PayPal,Southeast,1,Electronics,56.08,0,0.0,13.42,29.44,0.0,1.93,No,0.0,56.08,44.79,11.29,44.79,True,2025,2025-08-01,August,0.20131954350927245
ORD-001791,C-0280,2025-01-06,Website,Buy Now Pay Later,Northeast,3,Books,141.68,10,14.17,42.58,52.41,0.0,4.0,No,0.0,127.51,98.99,28.52,98.99,True,2025,2025-01-01,January,0.2236687318641675
ORD-001792,C-0598,2025-06-10,Mobile App,Gift Card,West Coast,3,Home & Kitchen,216.72,0,0.0,31.52,84.17,0.0,6.58,No,0.0,216.72,122.27,94.45,122.27,True,2025,2025-06-01,June,0.4358157991878922
ORD-001793,C-0592,2025-08-25,Marketplace,PayPal,Northeast,1,Home & Kitchen,26.25,10,2.62,7.18,10.78,3.54,0.99,No,0.0,23.63,22.49,1.14,22.49,True,2025,2025-08-01,August,0.04824375793482861
ORD-001794,C-0600,2025-09-27,Website,Gift Card,West Coast,3,Sports,266.46,10,26.65,55.5,85.26,0.0,7.25,No,0.0,239.81,148.01,91.8,148.01,True,2025,2025-09-01,September,0.38280305241649637
ORD-001795,C-0022,2025-04-03,Mobile App,PayPal,Midwest,1,Books,48.57,0,0.0,44.1,17.67,0.0,1.71,No,0.0,48.57,63.48,-14.91,63.480000000000004,True,2025,2025-04-01,April,-0.3069796170475602
ORD-001796,C-0167,2025-03-19,Marketplace,Credit Card,Midwest,1,Books,26.5,0,0.0,5.5,8.06,3.97,1.07,No,0.0,26.5,18.6,7.9,18.6,True,2025,2025-03-01,March,0.2981132075471698
ORD-001797,C-0604,2025-05-14,Mobile App,Debit Card,West Coast,1,Food & Beverage,57.92,0,0.0,18.04,16.6,0.0,1.98,No,0.0,57.92,36.62,21.3,36.62,True,2025,2025-05-01,May,0.3677486187845304
ORD-001798,C-0512,2024-02-24,Mobile App,PayPal,Northeast,1,Home & Kitchen,71.83,0,0.0,10.14,47.56,0.0,2.38,No,0.0,71.83,60.08,11.75,60.080000000000005,True,2024,2024-02-01,February,0.16358067659752193
ORD-001799,C-0082,2024-04-01,Mobile App,Buy Now Pay Later,Midwest,2,Books,64.58,0,0.0,18.68,30.22,0.0,2.17,No,0.0,64.58,51.07,13.51,51.07,True,2024,2024-04-01,April,0.209197894084856
ORD-001800,C-0565,2025-05-21,Marketplace,PayPal,Midwest,2,Electronics,452.33,15,67.85,25.76,164.34,57.67,11.45,No,0.0,384.48,259.22,125.26,259.21999999999997,True,2025,2025-05-01,May,0.3257906783187682
ORD-001801,C-0046,2025-07-09,Mobile App,Debit Card,Southwest,4,Food & Beverage,395.92,10,39.59,50.7,131.33,0.0,10.63,No,0.0,356.33,192.66,163.67,192.66000000000003,True,2025,2025-07-01,July,0.4593214155417731
ORD-001802,C-0091,2024-07-14,Marketplace,Credit Card,West Coast,3,Clothing,327.83,15,49.17,24.5,104.49,41.8,8.38,Yes,278.66,0.0,179.17,-179.17,179.17000000000002,True,2024,2024-07-01,July,
ORD-001803,C-0095,2024-10-05,Mobile App,Credit Card,Southwest,4,Electronics,300.41,15,45.06,68.9,131.44,0.0,7.71,No,0.0,255.35,208.05,47.3,208.05,True,2024,2024-10-01,October,0.1852359506559624
ORD-001804,C-0346,2025-09-06,Marketplace,Buy Now Pay Later,Southeast,3,Sports,70.87,15,10.63,37.22,43.76,9.04,2.05,No,0.0,60.24,92.07,-31.83,92.06999999999998,True,2025,2025-09-01,September,-0.5283864541832669
ORD-001805,C-0627,2025-11-09,Marketplace,PayPal,Southwest,5,Clothing,254.06,10,25.41,62.92,108.38,34.3,6.93,No,0.0,228.65,212.53,16.12,212.53000000000003,True,2025,2025-11-01,November,0.07050076536190684
ORD-001806,C-0475,2025-11-24,Social Commerce,Gift Card,West Coast,1,Food & Beverage,111.64,0,0.0,14.22,37.84,8.93,3.54,No,0.0,111.64,64.53,47.11,64.53,True,2025,2025-11-01,November,0.4219813686850591
ORD-001807,C-0585,2024-12-07,Marketplace,PayPal,Southwest,1,Beauty,52.86,20,10.57,34.98,25.59,6.34,1.53,No,0.0,42.29,68.44,-26.15,68.44,True,2024,2024-12-01,December,-0.6183494916055805
ORD-001808,C-0726,2025-09-10,Website,Debit Card,West Coast,1,Food & Beverage,66.05,0,0.0,14.86,23.44,0.0,2.22,No,0.0,66.05,40.52,25.53,40.519999999999996,True,2025,2025-09-01,September,0.38652535957607875
ORD-001809,C-0688,2024-04-03,Website,Gift Card,Midwest,3,Beauty,125.13,0,0.0,24.02,45.67,0.0,3.93,No,0.0,125.13,73.62,51.51,73.62,True,2024,2024-04-01,April,0.4116518820426756
ORD-001810,C-0474,2024-12-14,Mobile App,PayPal,Midwest,1,Home & Kitchen,210.21,5,10.51,29.7,91.11,0.0,6.09,No,0.0,199.7,126.9,72.8,126.9,True,2024,2024-12-01,December,0.3645468202303455
ORD-001811,C-0032,2025-07-13,Website,Debit Card,Southeast,1,Clothing,56.0,0,0.0,12.86,19.82,0.0,1.92,No,0.0,56.0,34.6,21.4,34.6,True,2025,2025-07-01,July,0.3821428571428571
ORD-001812,C-0033,2025-06-01,Website,PayPal,Southeast,3,Books,153.49,10,15.35,31.84,72.61,0.0,4.31,Yes,138.14,0.0,108.76,-108.76,108.76,True,2025,2025-06-01,June,
ORD-001813,C-0010,2024-12-17,Mobile App,Gift Card,Southwest,2,Sports,114.14,0,0.0,20.68,36.39,0.0,3.61,No,0.0,114.14,60.68,53.46,60.68,True,2024,2024-12-01,December,0.4683721745225162
ORD-001814,C-0782,2024-04-05,Marketplace,Buy Now Pay Later,Southeast,1,Beauty,73.84,0,0.0,15.48,25.9,11.08,2.44,No,0.0,73.84,54.9,18.94,54.89999999999999,True,2024,2024-04-01,April,0.2565005417118093
ORD-001815,C-0774,2024-12-06,Mobile App,PayPal,West Coast,1,Sports,27.71,15,4.16,12.94,11.44,0.0,0.98,No,0.0,23.55,25.36,-1.81,25.36,True,2024,2024-12-01,December,-0.07685774946921443
ORD-001816,C-0087,2025-08-20,Website,Buy Now Pay Later,Northeast,2,Sports,88.79,5,4.44,9.96,33.21,0.0,2.75,No,0.0,84.35,45.92,38.43,45.92,True,2025,2025-08-01,August,0.4556016597510374
ORD-001817,C-0756,2025-08-08,Mobile App,Credit Card,Southeast,2,Books,116.76,5,5.84,23.08,41.9,0.0,3.52,No,0.0,110.92,68.5,42.42,68.49999999999999,True,2025,2025-08-01,August,0.38243779300396685
ORD-001818,C-0025,2025-04-25,Marketplace,Credit Card,West Coast,2,Food & Beverage,63.99,10,6.4,19.0,19.84,8.64,1.97,No,0.0,57.59,49.45,8.14,49.45,True,2025,2025-04-01,April,0.14134398333043932
ORD-001819,C-0121,2025-07-03,Mobile App,Credit Card,Southwest,2,Books,175.89,25,43.97,20.34,56.64,0.0,4.13,No,0.0,131.92,81.11,50.81,81.11,True,2025,2025-07-01,July,0.38515767131594913
ORD-001820,C-0467,2025-07-09,Marketplace,Credit Card,Northeast,1,Home & Kitchen,115.01,15,17.25,13.18,35.49,14.66,3.14,No,0.0,97.76,66.47,31.29,66.47,True,2025,2025-07-01,July,0.320069558101473
ORD-001821,C-0253,2025-09-28,Marketplace,Credit Card,Midwest,2,Electronics,110.93,5,5.55,13.32,44.92,15.81,3.36,No,0.0,105.38,77.41,27.97,77.41,True,2025,2025-09-01,September,0.26542038337445434
ORD-001822,C-0473,2025-05-11,Mobile App,Credit Card,Southwest,1,Books,17.99,0,0.0,11.74,7.88,0.0,0.82,No,0.0,17.99,20.44,-2.45,20.44,True,2025,2025-05-01,May,-0.13618677042801558
ORD-001823,C-0680,2025-01-30,Website,Debit Card,Southeast,1,Beauty,106.23,0,0.0,36.42,56.67,0.0,3.38,No,0.0,106.23,96.47,9.76,96.47,True,2025,2025-01-01,January,0.09187611785747905
ORD-001824,C-0028,2025-06-14,Marketplace,Buy Now Pay Later,Southeast,2,Food & Beverage,75.64,0,0.0,50.24,36.06,11.35,2.49,No,0.0,75.64,100.14,-24.5,100.14,True,2025,2025-06-01,June,-0.3239026969857218
ORD-001825,C-0108,2025-05-07,Website,PayPal,Southwest,1,Home & Kitchen,70.07,25,17.52,9.9,30.37,0.0,1.82,No,0.0,52.55,42.09,10.46,42.09,True,2025,2025-05-01,May,0.19904852521408187
ORD-001826,C-0697,2025-01-10,Website,Debit Card,Northeast,3,Toys,184.17,10,18.42,23.14,59.72,0.0,5.11,No,0.0,165.75,87.97,77.78,87.97,True,2025,2025-01-01,January,0.4692609351432881
ORD-001827,C-0650,2025-08-28,Website,Debit Card,Northeast,1,Clothing,37.86,0,0.0,9.02,26.84,0.0,1.4,Yes,37.86,0.0,37.26,-37.26,37.26,True,2025,2025-08-01,August,
ORD-001828,C-0396,2025-12-22,Website,Credit Card,Midwest,4,Toys,336.3,0,0.0,49.44,112.33,0.0,10.05,No,0.0,336.3,171.82,164.48,171.82,True,2025,2025-12-01,December,0.48908712459113884
ORD-001829,C-0068,2024-11-11,Mobile App,Credit Card,Northeast,2,Sports,78.51,10,7.85,31.94,35.14,0.0,2.35,No,0.0,70.66,69.43,1.23,69.42999999999999,True,2024,2024-11-01,November,0.01740730257571469
ORD-001830,C-0124,2025-03-10,Marketplace,Debit Card,Northeast,1,Food & Beverage,27.16,10,2.72,11.34,13.64,3.67,1.01,No,0.0,24.44,29.66,-5.22,29.66,True,2025,2025-03-01,March,-0.21358428805237314
ORD-001831,C-0159,2025-10-02,Social Commerce,PayPal,Southeast,1,Electronics,68.98,10,6.9,14.54,25.39,4.97,2.1,No,0.0,62.08,47.0,15.08,47.0,True,2025,2025-10-01,October,0.24291237113402062
ORD-001832,C-0145,2025-06-21,Mobile App,Debit Card,West Coast,3,Clothing,161.19,0,0.0,71.18,65.24,0.0,4.97,No,0.0,161.19,141.39,19.8,141.39000000000001,True,2025,2025-06-01,June,0.12283640424343943
ORD-001833,C-0052,2025-06-12,Mobile App,PayPal,Northeast,3,Toys,202.11,0,0.0,29.38,78.28,0.0,6.16,No,0.0,202.11,113.82,88.29,113.82,True,2025,2025-06-01,June,0.436841324031468
ORD-001834,C-0582,2025-08-09,Social Commerce,Buy Now Pay Later,West Coast,3,Home & Kitchen,211.48,5,10.57,60.94,134.88,16.07,6.13,No,0.0,200.91,218.02,-17.11,218.01999999999998,True,2025,2025-08-01,August,-0.08516251057687521
ORD-001835,C-0120,2025-02-07,Mobile App,PayPal,Northeast,1,Toys,82.29,20,16.46,13.02,37.65,0.0,2.21,No,0.0,65.83,52.88,12.95,52.88,True,2025,2025-02-01,February,0.196718821206137
ORD-001836,C-0138,2024-07-06,Website,Debit Card,Northeast,1,Toys,44.22,5,2.21,16.74,13.71,0.0,1.52,No,0.0,42.01,31.97,10.04,31.97,True,2024,2024-07-01,July,0.23899071649607234
ORD-001837,C-0597,2024-09-25,Website,Credit Card,Midwest,1,Toys,10.05,0,0.0,9.18,6.91,0.0,0.59,No,0.0,10.05,16.68,-6.63,16.68,True,2024,2024-09-01,September,-0.6597014925373134
ORD-001838,C-0657,2024-05-09,Mobile App,PayPal,Southwest,3,Books,149.69,5,7.48,28.9,48.11,0.0,4.42,No,0.0,142.21,81.43,60.78,81.42999999999999,True,2024,2024-05-01,May,0.4273961043527178
ORD-001839,C-0208,2025-07-16,Social Commerce,Credit Card,West Coast,1,Books,23.18,5,1.16,9.26,9.55,1.76,0.94,No,0.0,22.02,21.51,0.51,21.510000000000005,True,2025,2025-07-01,July,0.023160762942779294
ORD-001840,C-0720,2024-07-20,Website,Gift Card,Southwest,2,Toys,129.37,10,12.94,14.84,57.89,0.0,3.68,No,0.0,116.43,76.41,40.02,76.41000000000001,True,2024,2024-07-01,July,0.34372584385467664
ORD-001841,C-0042,2025-10-10,Website,PayPal,Southeast,1,Sports,11.99,10,1.2,10.3,6.88,0.0,0.61,No,0.0,10.79,17.79,-7.0,17.79,True,2025,2025-10-01,October,-0.648748841519926
ORD-001842,C-0675,2025-05-30,Website,Credit Card,Southwest,1,Beauty,24.02,0,0.0,3.98,10.75,0.0,1.0,No,0.0,24.02,15.73,8.29,15.73,True,2025,2025-05-01,May,0.34512905911740216
ORD-001843,C-0414,2025-05-13,Website,Credit Card,West Coast,2,Sports,179.1,0,0.0,26.18,67.55,0.0,5.49,No,0.0,179.1,99.22,79.88,99.21999999999998,True,2025,2025-05-01,May,0.4460078168620882
ORD-001844,C-0048,2024-11-28,Website,PayPal,Southeast,1,Food & Beverage,110.36,5,5.52,5.1,37.85,0.0,3.34,No,0.0,104.84,46.29,58.55,46.290000000000006,True,2024,2024-11-01,November,0.5584700495993895
ORD-001845,C-0052,2024-11-06,Website,Debit Card,West Coast,2,Clothing,459.44,0,0.0,64.7,149.16,0.0,13.62,No,0.0,459.44,227.48,231.96,227.48000000000002,True,2024,2024-11-01,November,0.5048755006094376
ORD-001846,C-0749,2025-03-19,Website,Gift Card,Southeast,4,Toys,325.51,10,32.55,64.9,144.2,0.0,8.8,No,0.0,292.96,217.9,75.06,217.9,True,2025,2025-03-01,March,0.2562124522119061
ORD-001847,C-0185,2024-09-06,Mobile App,Gift Card,Northeast,2,Food & Beverage,158.57,0,0.0,22.36,61.74,0.0,4.9,Yes,158.57,0.0,89.0,-89.0,89.0,True,2024,2024-09-01,September,
ORD-001848,C-0788,2024-05-02,Marketplace,Credit Card,Southwest,2,Electronics,257.5,0,0.0,33.22,100.72,38.62,7.77,No,0.0,257.5,180.33,77.17,180.33,True,2024,2024-05-01,May,0.2996893203883495
ORD-001849,C-0700,2024-11-04,Mobile App,Credit Card,Midwest,1,Electronics,20.67,25,5.17,4.3,5.96,0.0,0.75,No,0.0,15.5,11.01,4.49,11.01,True,2024,2024-11-01,November,0.2896774193548387
ORD-001850,C-0073,2025-05-02,Website,Buy Now Pay Later,Northeast,2,Clothing,178.4,5,8.92,39.76,59.38,0.0,5.21,No,0.0,169.48,104.35,65.13,104.35,True,2025,2025-05-01,May,0.38429313193297143
ORD-001851,C-0309,2025-03-25,Marketplace,Credit Card,Northeast,2,Electronics,312.39,15,46.86,23.72,103.35,39.83,8.0,No,0.0,265.53,174.9,90.63,174.89999999999998,True,2025,2025-03-01,March,0.3413173652694611
ORD-001852,C-0441,2025-06-10,Mobile App,Credit Card,Northeast,1,Toys,168.08,15,25.21,8.44,51.94,0.0,4.44,No,0.0,142.87,64.82,78.05,64.82,True,2025,2025-06-01,June,0.5463008329250367
ORD-001853,C-0363,2024-06-13,Marketplace,Credit Card,Southwest,3,Electronics,140.47,5,7.02,55.58,60.87,20.02,4.17,No,0.0,133.45,140.64,-7.19,140.64,True,2024,2024-06-01,June,-0.05387785687523418
ORD-001854,C-0373,2024-06-18,Social Commerce,PayPal,West Coast,4,Clothing,283.88,15,42.58,43.9,90.92,19.3,7.3,Yes,241.3,0.0,161.42,-161.42,161.42000000000002,True,2024,2024-06-01,June,
ORD-001855,C-0151,2025-05-03,Social Commerce,Credit Card,Southeast,1,Beauty,11.82,0,0.0,11.9,5.81,0.95,0.64,No,0.0,11.82,19.3,-7.48,19.3,True,2025,2025-05-01,May,-0.6328257191201354
ORD-001856,C-0153,2024-12-05,Marketplace,Credit Card,Southeast,3,Books,247.23,0,0.0,39.36,86.0,37.08,7.47,No,0.0,247.23,169.91,77.32,169.91,True,2024,2024-12-01,December,0.3127452170044088
ORD-001857,C-0743,2025-07-12,Mobile App,PayPal,Midwest,4,Books,473.33,0,0.0,65.08,219.85,0.0,14.03,No,0.0,473.33,298.96,174.37,298.96,True,2025,2025-07-01,July,0.36838991823886086
ORD-001858,C-0184,2024-11-30,Social Commerce,Credit Card,Southwest,1,Clothing,187.78,0,0.0,12.28,65.62,15.02,5.75,No,0.0,187.78,98.67,89.11,98.67,True,2024,2024-11-01,November,0.474544679944616
ORD-001859,C-0094,2024-04-16,Marketplace,PayPal,Northeast,2,Electronics,53.41,5,2.67,26.36,30.39,7.61,1.77,No,0.0,50.74,66.13,-15.39,66.13,True,2024,2024-04-01,April,-0.30331099724083566
ORD-001860,C-0156,2024-09-11,Website,Buy Now Pay Later,West Coast,1,Sports,17.4,5,0.87,12.3,7.23,0.0,0.78,No,0.0,16.53,20.31,-3.78,20.310000000000002,True,2024,2024-09-01,September,-0.22867513611615242
ORD-001861,C-0390,2025-08-12,Website,PayPal,Southwest,3,Beauty,245.54,5,12.28,49.98,124.84,0.0,7.06,No,0.0,233.26,181.88,51.38,181.88,True,2025,2025-08-01,August,0.22026922747149105
ORD-001862,C-0033,2025-09-04,Website,Gift Card,Midwest,1,Food & Beverage,59.14,10,5.91,24.28,41.32,0.0,1.84,No,0.0,53.23,67.44,-14.21,67.44,True,2025,2025-09-01,September,-0.26695472477925986
ORD-001863,C-0703,2025-10-06,Mobile App,PayPal,Southeast,3,Food & Beverage,113.29,0,0.0,46.56,39.46,0.0,3.59,No,0.0,113.29,89.61,23.68,89.61000000000001,True,2025,2025-10-01,October,0.20902109630152704
ORD-001864,C-0281,2025-02-11,Marketplace,Credit Card,Northeast,5,Home & Kitchen,247.95,0,0.0,58.28,126.33,37.19,7.49,No,0.0,247.95,229.29,18.66,229.29000000000002,True,2025,2025-02-01,February,0.07525710828796128
ORD-001865,C-0346,2025-09-25,Website,Gift Card,Southeast,1,Toys,57.29,25,14.32,13.18,20.72,0.0,1.55,No,0.0,42.97,35.45,7.52,35.449999999999996,True,2025,2025-09-01,September,0.1750058180125669
ORD-001866,C-0650,2025-05-26,Website,Credit Card,Midwest,2,Clothing,110.25,20,22.05,16.44,60.88,0.0,2.86,No,0.0,88.2,80.18,8.02,80.18,True,2025,2025-05-01,May,0.09092970521541949
ORD-001867,C-0496,2024-05-31,Mobile App,Credit Card,Midwest,2,Food & Beverage,262.86,0,0.0,50.24,79.37,0.0,7.92,No,0.0,262.86,137.53,125.33,137.53,True,2024,2024-05-01,May,0.4767937305029293
ORD-001868,C-0040,2024-11-16,Mobile App,PayPal,Northeast,1,Books,40.32,5,2.02,11.96,14.16,0.0,1.41,No,0.0,38.3,27.53,10.77,27.53,True,2024,2024-11-01,November,0.28120104438642296
ORD-001869,C-0223,2024-06-12,Mobile App,PayPal,West Coast,1,Home & Kitchen,13.82,0,0.0,15.18,6.6,0.0,0.7,No,0.0,13.82,22.48,-8.66,22.48,True,2024,2024-06-01,June,-0.6266280752532561
ORD-001870,C-0011,2025-06-30,Marketplace,Buy Now Pay Later,Southeast,2,Clothing,141.88,0,0.0,51.28,76.11,21.28,4.41,No,0.0,141.88,153.08,-11.2,153.08,True,2025,2025-06-01,June,-0.07893994925288976
ORD-001871,C-0486,2024-06-28,Website,Credit Card,Southeast,3,Toys,260.59,25,65.15,30.48,89.25,0.0,5.97,No,0.0,195.44,125.7,69.74,125.7,True,2024,2024-06-01,June,0.3568358575521899
ORD-001872,C-0287,2024-08-07,Mobile App,Credit Card,West Coast,1,Toys,46.8,15,7.02,9.9,19.21,0.0,1.45,No,0.0,39.78,30.56,9.22,30.56,True,2024,2024-08-01,August,0.2317747611865259
ORD-001873,C-0718,2024-06-22,Mobile App,Credit Card,Midwest,3,Toys,69.29,0,0.0,54.14,30.56,0.0,2.31,No,0.0,69.29,87.01,-17.72,87.01,True,2024,2024-06-01,June,-0.2557367585510174
ORD-001874,C-0129,2024-09-19,Mobile App,PayPal,Midwest,1,Sports,47.4,20,9.48,11.98,32.39,0.0,1.4,No,0.0,37.92,45.77,-7.85,45.77,True,2024,2024-09-01,September,-0.20701476793248944
ORD-001875,C-0245,2024-07-21,Website,Credit Card,Southwest,4,Sports,944.64,10,94.46,85.52,319.79,0.0,24.96,No,0.0,850.18,430.27,419.91,430.27,True,2024,2024-07-01,July,0.49390717259874384
ORD-001876,C-0418,2025-02-06,Website,Credit Card,Southwest,2,Home & Kitchen,364.63,25,91.16,34.14,139.19,0.0,8.23,No,0.0,273.47,181.56,91.91,181.55999999999997,True,2025,2025-02-01,February,0.33608805353420845
ORD-001877,C-0790,2024-12-14,Mobile App,Buy Now Pay Later,West Coast,2,Electronics,216.18,20,43.24,39.92,64.7,0.0,5.32,No,0.0,172.94,109.94,63.0,109.94,True,2024,2024-12-01,December,0.36428819243668326
ORD-001878,C-0734,2024-05-04,Website,Credit Card,Southwest,1,Toys,124.51,20,24.9,5.98,38.53,0.0,3.19,No,0.0,99.61,47.7,51.91,47.7,True,2024,2024-05-01,May,0.5211324164240537
ORD-001879,C-0795,2025-09-11,Website,Credit Card,West Coast,3,Sports,223.08,10,22.31,55.88,87.49,0.0,6.12,Yes,200.77,-0.0,149.49,-149.49,149.49,True,2025,2025-09-01,September,
ORD-001880,C-0396,2025-01-24,Website,Credit Card,Midwest,1,Clothing,86.75,0,0.0,12.94,26.86,0.0,2.82,No,0.0,86.75,42.62,44.13,42.62,True,2025,2025-01-01,January,0.5087031700288185
ORD-001881,C-0350,2025-04-01,Website,Credit Card,Southeast,2,Toys,94.04,0,0.0,10.36,29.32,0.0,3.03,No,0.0,94.04,42.71,51.33,42.71,True,2025,2025-04-01,April,0.5458315610378561
ORD-001882,C-0177,2025-04-16,Mobile App,PayPal,Northeast,2,Clothing,86.49,15,12.97,18.92,48.03,0.0,2.43,No,0.0,73.52,69.38,4.14,69.38000000000001,True,2025,2025-04-01,April,0.056311207834602826
ORD-001883,C-0152,2025-07-12,Mobile App,Debit Card,Southwest,2,Food & Beverage,119.94,0,0.0,27.4,41.49,0.0,3.78,No,0.0,119.94,72.67,47.27,72.67,True,2025,2025-07-01,July,0.39411372352843094
ORD-001884,C-0295,2025-06-14,Mobile App,Debit Card,Midwest,1,Food & Beverage,48.99,10,4.9,34.98,32.07,0.0,1.58,No,0.0,44.09,68.63,-24.54,68.63,True,2025,2025-06-01,June,-0.556588795645271
ORD-001885,C-0648,2025-12-04,Mobile App,Buy Now Pay Later,Midwest,2,Sports,207.88,10,20.79,49.2,73.8,0.0,5.73,No,0.0,187.09,128.73,58.36,128.73,True,2025,2025-12-01,December,0.31193543214495695
ORD-001886,C-0548,2025-04-06,Mobile App,Credit Card,Southeast,2,Food & Beverage,144.09,5,7.2,40.02,53.76,0.0,4.27,No,0.0,136.89,98.05,38.84,98.05,True,2025,2025-04-01,April,0.28373146321864273
ORD-001887,C-0771,2025-05-03,Social Commerce,Debit Card,Northeast,2,Books,126.6,15,18.99,55.12,54.06,8.61,3.42,No,0.0,107.61,121.21,-13.6,121.21000000000001,True,2025,2025-05-01,May,-0.1263823064770932
ORD-001888,C-0554,2024-10-25,Website,Gift Card,Midwest,1,Toys,27.88,5,1.39,11.18,12.13,0.0,1.07,No,0.0,26.49,24.38,2.11,24.380000000000003,True,2024,2024-10-01,October,0.07965269913174783
ORD-001889,C-0041,2024-08-06,Marketplace,Credit Card,Southeast,1,Food & Beverage,136.04,5,6.8,6.3,39.68,19.39,4.05,No,0.0,129.24,69.42,59.82,69.42,True,2024,2024-08-01,August,0.4628597957288765
ORD-001890,C-0794,2024-09-14,Social Commerce,Debit Card,Southeast,2,Beauty,86.45,5,4.32,15.0,30.16,6.57,2.68,No,0.0,82.13,54.41,27.72,54.41,True,2024,2024-09-01,September,0.3375136977961768
ORD-001891,C-0752,2025-05-23,Social Commerce,Credit Card,Southwest,1,Home & Kitchen,134.18,20,26.84,21.08,53.92,8.59,3.41,No,0.0,107.34,87.0,20.34,87.0,True,2025,2025-05-01,May,0.18949133594186696
ORD-001892,C-0542,2024-09-28,Website,Credit Card,West Coast,3,Food & Beverage,105.91,10,10.59,44.24,61.82,0.0,3.06,No,0.0,95.32,109.12,-13.8,109.12,True,2024,2024-09-01,September,-0.1447754930759547
ORD-001893,C-0148,2025-10-07,Website,Buy Now Pay Later,Southwest,2,Books,69.98,0,0.0,37.14,37.68,0.0,2.33,No,0.0,69.98,77.15,-7.17,77.14999999999999,True,2025,2025-10-01,October,-0.10245784509859959
ORD-001894,C-0415,2025-03-06,Marketplace,PayPal,Southeast,1,Electronics,68.98,15,10.35,14.54,25.39,8.79,2.0,No,0.0,58.63,50.72,7.91,50.72,True,2025,2025-03-01,March,0.13491386662118368
ORD-001895,C-0318,2025-09-12,Marketplace,Buy Now Pay Later,Northeast,2,Books,32.35,15,4.85,39.3,12.84,4.12,1.1,No,0.0,27.5,57.36,-29.86,57.36,True,2025,2025-09-01,September,-1.0858181818181818
ORD-001896,C-0210,2025-03-07,Marketplace,Credit Card,Northeast,1,Food & Beverage,38.82,0,0.0,25.4,16.94,5.82,1.43,No,0.0,38.82,49.59,-10.77,49.59,True,2025,2025-03-01,March,-0.27743431221020093
ORD-001897,C-0623,2024-11-14,Mobile App,Buy Now Pay Later,Midwest,3,Home & Kitchen,170.2,10,17.02,24.1,63.26,0.0,4.74,No,0.0,153.18,92.1,61.08,92.1,True,2024,2024-11-01,November,0.3987465726596161
ORD-001898,C-0566,2025-02-16,Mobile App,PayPal,Southeast,2,Books,283.7,10,28.37,19.8,85.69,0.0,7.7,No,0.0,255.33,113.19,142.14,113.19,True,2025,2025-02-01,February,0.5566913406180236
ORD-001899,C-0760,2024-12-15,Marketplace,PayPal,Midwest,2,Electronics,155.03,20,31.01,18.44,59.68,18.6,3.9,No,0.0,124.02,100.62,23.4,100.62,True,2024,2024-12-01,December,0.18867924528301885
ORD-001900,C-0735,2025-05-22,Mobile App,Credit Card,Midwest,1,Books,36.54,20,7.31,18.52,22.9,0.0,1.15,No,0.0,29.23,42.57,-13.34,42.57,True,2025,2025-05-01,May,-0.45638043106397536
ORD-001901,C-0621,2024-11-23,Social Commerce,Credit Card,Northeast,2,Books,235.04,20,47.01,59.74,82.07,15.04,5.75,No,0.0,188.03,162.6,25.43,162.6,True,2024,2024-11-01,November,0.13524437589746316
ORD-001902,C-0137,2024-09-12,Marketplace,Credit Card,Southwest,1,Sports,192.7,25,48.17,7.64,77.22,21.68,4.49,No,0.0,144.53,111.03,33.5,111.02999999999999,True,2024,2024-09-01,September,0.23178578841762956
ORD-001903,C-0250,2025-07-28,Mobile App,Credit Card,West Coast,1,Food & Beverage,27.84,5,1.39,7.42,8.24,0.0,1.07,No,0.0,26.45,16.73,9.72,16.73,True,2025,2025-07-01,July,0.3674858223062382
ORD-001904,C-0379,2025-08-30,Website,PayPal,Midwest,2,Home & Kitchen,36.3,15,5.45,16.36,17.69,0.0,1.19,No,0.0,30.85,35.24,-4.39,35.239999999999995,True,2025,2025-08-01,August,-0.14230145867098865
ORD-001905,C-0758,2024-11-02,Mobile App,Buy Now Pay Later,West Coast,2,Sports,65.67,15,9.85,21.24,43.84,0.0,1.92,No,0.0,55.82,67.0,-11.18,67.0,True,2024,2024-11-01,November,-0.2002866356144751
ORD-001906,C-0293,2025-09-11,Website,Credit Card,Northeast,1,Toys,52.54,10,5.25,5.82,30.58,0.0,1.67,No,0.0,47.29,38.07,9.22,38.07,True,2025,2025-09-01,September,0.19496722351448512
ORD-001907,C-0573,2024-10-17,Mobile App,Credit Card,Northeast,1,Clothing,20.57,15,3.09,7.02,7.36,0.0,0.81,No,0.0,17.48,15.19,2.29,15.19,True,2024,2024-10-01,October,0.13100686498855835
ORD-001908,C-0393,2025-04-03,Website,Gift Card,Southeast,1,Clothing,62.7,0,0.0,7.5,20.79,0.0,2.12,No,0.0,62.7,30.41,32.29,30.41,True,2025,2025-04-01,April,0.5149920255183412
ORD-001909,C-0138,2025-05-26,Mobile App,Credit Card,Southeast,1,Books,30.61,0,0.0,9.9,9.18,0.0,1.19,No,0.0,30.61,20.27,10.34,20.27,True,2025,2025-05-01,May,0.3377981051943809
ORD-001910,C-0794,2025-01-24,Marketplace,Debit Card,Northeast,1,Food & Beverage,220.72,15,33.11,10.2,75.7,28.14,5.74,No,0.0,187.61,119.78,67.83,119.78,True,2025,2025-01-01,January,0.36154789190341663
ORD-001911,C-0235,2024-12-08,Website,PayPal,Southeast,2,Books,79.04,10,7.9,57.68,43.34,0.0,2.36,No,0.0,71.14,103.38,-32.24,103.38000000000001,True,2024,2024-12-01,December,-0.45319089120044986
ORD-001912,C-0266,2024-12-30,Marketplace,Credit Card,Northeast,1,Electronics,29.99,15,4.5,9.26,13.51,3.82,1.04,No,0.0,25.49,27.63,-2.14,27.63,True,2024,2024-12-01,December,-0.08395449195763045
ORD-001913,C-0752,2025-02-22,Website,PayPal,Southwest,1,Beauty,29.59,0,0.0,11.66,10.28,0.0,1.16,No,0.0,29.59,23.1,6.49,23.099999999999998,True,2025,2025-02-01,February,0.21933085501858737
ORD-001914,C-0660,2025-08-30,Marketplace,Credit Card,West Coast,1,Home & Kitchen,104.73,20,20.95,14.94,34.15,12.57,2.73,No,0.0,83.78,64.39,19.39,64.39,True,2025,2025-08-01,August,0.23143948436380998
ORD-001915,C-0732,2024-11-07,Website,Credit Card,Midwest,2,Toys,102.06,15,15.31,20.44,52.43,0.0,2.82,No,0.0,86.75,75.69,11.06,75.69,True,2024,2024-11-01,November,0.127492795389049
ORD-001916,C-0557,2025-05-10,Mobile App,PayPal,Midwest,1,Electronics,192.38,5,9.62,10.06,72.59,0.0,5.6,No,0.0,182.76,88.25,94.51,88.25,True,2025,2025-05-01,May,0.5171262858393522
ORD-001917,C-0198,2025-07-31,Mobile App,Buy Now Pay Later,Southwest,1,Books,38.62,0,0.0,11.8,12.46,0.0,1.42,No,0.0,38.62,25.68,12.94,25.68,True,2025,2025-07-01,July,0.3350595546349042
ORD-001918,C-0769,2024-10-29,Mobile App,Credit Card,Northeast,1,Sports,45.69,5,2.28,11.58,28.21,0.0,1.56,Yes,43.41,0.0,41.35,-41.35,41.35,True,2024,2024-10-01,October,
ORD-001919,C-0123,2025-10-15,Website,Gift Card,Midwest,1,Clothing,89.1,20,17.82,6.78,32.55,0.0,2.37,No,0.0,71.28,41.7,29.58,41.699999999999996,True,2025,2025-10-01,October,0.41498316498316495
ORD-001920,C-0028,2025-08-03,Social Commerce,Debit Card,Southwest,1,Toys,11.84,0,0.0,11.5,5.71,0.95,0.64,No,0.0,11.84,18.8,-6.96,18.8,True,2025,2025-08-01,August,-0.5878378378378378
ORD-001921,C-0242,2024-11-26,Website,Buy Now Pay Later,Southeast,2,Clothing,175.78,5,8.79,29.62,63.15,0.0,5.14,No,0.0,166.99,97.91,69.08,97.91,True,2024,2024-11-01,November,0.41367746571650993
ORD-001922,C-0165,2024-07-10,Mobile App,PayPal,West Coast,2,Sports,143.95,15,21.59,32.26,75.81,0.0,3.85,No,0.0,122.36,111.92,10.44,111.91999999999999,True,2024,2024-07-01,July,0.08532200065380843
ORD-001923,C-0189,2025-05-04,Mobile App,PayPal,West Coast,4,Beauty,138.14,0,0.0,57.56,55.06,0.0,4.31,No,0.0,138.14,116.93,21.21,116.93,True,2025,2025-05-01,May,0.15353988707108732
ORD-001924,C-0435,2025-03-27,Social Commerce,Credit Card,West Coast,1,Toys,176.91,5,8.85,18.66,70.53,13.44,5.17,No,0.0,168.06,107.8,60.26,107.8,True,2025,2025-03-01,March,0.3585624181839819
ORD-001925,C-0143,2024-10-25,Website,Debit Card,Midwest,3,Clothing,232.04,0,0.0,40.48,92.58,0.0,7.03,Yes,232.04,0.0,140.09,-140.09,140.09,True,2024,2024-10-01,October,
ORD-001926,C-0492,2024-12-14,Marketplace,Debit Card,Southeast,1,Toys,217.68,25,54.42,26.1,107.43,24.49,5.03,No,0.0,163.26,163.05,0.21,163.05,True,2024,2024-12-01,December,0.0012862918044836457
ORD-001927,C-0142,2025-07-12,Website,PayPal,West Coast,2,Beauty,146.0,0,0.0,12.42,52.66,0.0,4.53,No,0.0,146.0,69.61,76.39,69.61,True,2025,2025-07-01,July,0.5232191780821918
ORD-001928,C-0279,2024-12-19,Mobile App,Buy Now Pay Later,Southeast,1,Food & Beverage,115.09,0,0.0,8.22,33.95,0.0,3.64,No,0.0,115.09,45.81,69.28,45.81,True,2024,2024-12-01,December,0.601963680597793
ORD-001929,C-0459,2025-08-19,Marketplace,Gift Card,Northeast,1,Electronics,37.71,20,7.54,14.46,11.89,4.53,1.17,No,0.0,30.17,32.05,-1.88,32.050000000000004,True,2025,2025-08-01,August,-0.06231355651309247
ORD-001930,C-0517,2025-02-14,Website,Debit Card,Midwest,3,Clothing,123.62,15,18.54,29.22,56.97,0.0,3.35,No,0.0,105.08,89.54,15.54,89.53999999999999,True,2025,2025-02-01,February,0.14788732394366197
ORD-001931,C-0608,2025-06-02,Marketplace,Credit Card,Northeast,1,Home & Kitchen,164.85,10,16.48,4.7,49.88,22.26,4.6,No,0.0,148.37,81.44,66.93,81.44,True,2025,2025-06-01,June,0.4511019747927479
ORD-001932,C-0126,2025-07-02,Mobile App,PayPal,Midwest,2,Clothing,179.64,10,17.96,32.34,80.53,0.0,4.99,No,0.0,161.68,117.86,43.82,117.86,True,2025,2025-07-01,July,0.2710291934685799
ORD-001933,C-0463,2025-01-31,Mobile App,Credit Card,Southwest,1,Books,46.4,0,0.0,15.96,13.54,0.0,1.65,No,0.0,46.4,31.15,15.25,31.15,True,2025,2025-01-01,January,0.3286637931034483
ORD-001934,C-0211,2025-04-28,Social Commerce,Credit Card,Southwest,1,Sports,13.9,15,2.08,15.96,9.7,0.95,0.64,Yes,11.82,0.0,27.25,-27.25,27.25,True,2025,2025-04-01,April,
ORD-001935,C-0514,2025-10-21,Mobile App,Credit Card,Southwest,1,Toys,93.6,5,4.68,19.8,38.42,0.0,2.88,No,0.0,88.92,61.1,27.82,61.1,True,2025,2025-10-01,October,0.3128654970760234
ORD-001936,C-0187,2025-09-19,Mobile App,Gift Card,Southwest,1,Food & Beverage,27.16,0,0.0,11.34,13.64,0.0,1.09,No,0.0,27.16,26.07,1.09,26.07,True,2025,2025-09-01,September,0.04013254786450663
ORD-001937,C-0783,2025-02-11,Social Commerce,Debit Card,Northeast,1,Electronics,68.98,0,0.0,14.54,25.39,5.52,2.3,No,0.0,68.98,47.75,21.23,47.75,True,2025,2025-02-01,February,0.30777036822267323
ORD-001938,C-0545,2025-10-23,Website,Debit Card,Southwest,1,Food & Beverage,255.18,0,0.0,35.46,110.16,0.0,7.7,No,0.0,255.18,153.32,101.86,153.32,True,2025,2025-10-01,October,0.39916921388823573
ORD-001939,C-0005,2025-05-05,Mobile App,PayPal,Southeast,1,Books,17.64,0,0.0,15.42,10.55,0.0,0.81,No,0.0,17.64,26.78,-9.14,26.779999999999998,True,2025,2025-05-01,May,-0.518140589569161
ORD-001940,C-0630,2025-08-17,Mobile App,Gift Card,Midwest,2,Clothing,140.23,0,0.0,34.02,54.08,0.0,4.37,No,0.0,140.23,92.47,47.76,92.47,True,2025,2025-08-01,August,0.3405833273907153
ORD-001941,C-0171,2024-08-10,Website,PayPal,Southwest,3,Clothing,327.51,10,32.75,42.14,115.5,0.0,8.85,No,0.0,294.76,166.49,128.27,166.48999999999998,True,2024,2024-08-01,August,0.4351675939747592
ORD-001942,C-0165,2025-01-24,Marketplace,Gift Card,Midwest,4,Electronics,343.46,5,17.17,98.02,145.13,48.94,9.76,No,0.0,326.29,301.85,24.44,301.84999999999997,True,2025,2025-01-01,January,0.07490269392258421
ORD-001943,C-0088,2024-11-12,Social Commerce,Debit Card,Southwest,3,Beauty,313.12,15,46.97,72.7,101.78,21.29,8.02,No,0.0,266.15,203.79,62.36,203.79000000000002,True,2024,2024-11-01,November,0.23430396393011463
ORD-001944,C-0555,2024-12-25,Mobile App,PayPal,Northeast,4,Toys,404.27,10,40.43,39.26,126.86,0.0,10.85,No,0.0,363.84,176.97,186.87,176.97,True,2024,2024-12-01,December,0.5136048812664908
ORD-001945,C-0063,2025-08-12,Website,Credit Card,West Coast,1,Home & Kitchen,28.43,0,0.0,3.74,16.12,0.0,1.12,No,0.0,28.43,20.98,7.45,20.98,True,2025,2025-08-01,August,0.26204713330988394
ORD-001946,C-0680,2024-12-22,Website,PayPal,Southeast,3,Beauty,252.5,0,0.0,56.86,105.02,0.0,7.62,No,0.0,252.5,169.5,83.0,169.5,True,2024,2024-12-01,December,0.3287128712871287
ORD-001947,C-0287,2025-07-17,Mobile App,Credit Card,Southeast,1,Electronics,260.5,0,0.0,11.82,78.92,0.0,7.85,No,0.0,260.5,98.59,161.91,98.59,True,2025,2025-07-01,July,0.6215355086372361
ORD-001948,C-0617,2025-01-17,Mobile App,PayPal,West Coast,3,Toys,129.9,0,0.0,27.86,60.67,0.0,4.07,Yes,129.9,0.0,92.6,-92.6,92.6,True,2025,2025-01-01,January,
ORD-001949,C-0411,2024-09-20,Marketplace,Debit Card,Midwest,3,Sports,163.52,0,0.0,35.14,60.24,24.53,5.04,No,0.0,163.52,124.95,38.57,124.95,True,2024,2024-09-01,September,0.23587328767123286
ORD-001950,C-0493,2025-02-06,Mobile App,Credit Card,Midwest,4,Clothing,423.98,0,0.0,74.24,156.06,0.0,12.6,No,0.0,423.98,242.9,181.08,242.9,True,2025,2025-02-01,February,0.4270956177178169
ORD-001951,C-0438,2024-12-14,Marketplace,Credit Card,Southwest,1,Electronics,192.38,5,9.62,10.06,72.59,27.41,5.6,No,0.0,182.76,115.66,67.1,115.66,True,2024,2024-12-01,December,0.3671481724666229
ORD-001952,C-0048,2025-05-30,Website,PayPal,Southwest,3,Electronics,145.81,5,7.29,28.42,63.27,0.0,4.32,No,0.0,138.52,96.01,42.51,96.00999999999999,True,2025,2025-05-01,May,0.3068870921166618
ORD-001953,C-0165,2024-03-29,Mobile App,Buy Now Pay Later,West Coast,3,Beauty,113.82,10,11.38,36.34,42.4,0.0,3.27,No,0.0,102.44,82.01,20.43,82.01,True,2024,2024-03-01,March,0.19943381491604842
ORD-001954,C-0571,2025-01-16,Mobile App,PayPal,Southwest,1,Toys,135.48,0,0.0,29.7,65.58,0.0,4.23,No,0.0,135.48,99.51,35.97,99.51,True,2025,2025-01-01,January,0.2655004428697963
ORD-001955,C-0189,2025-03-29,Mobile App,Credit Card,Midwest,2,Clothing,132.51,15,19.88,17.94,45.27,0.0,3.57,No,0.0,112.63,66.78,45.85,66.78,True,2025,2025-03-01,March,0.40708514605344936
ORD-001956,C-0068,2025-10-30,Website,Buy Now Pay Later,Southwest,3,Clothing,316.13,25,79.03,49.74,102.05,0.0,7.18,No,0.0,237.1,158.97,78.13,158.97,True,2025,2025-10-01,October,0.3295234078447912
ORD-001957,C-0276,2024-09-08,Website,Credit Card,West Coast,1,Books,23.18,10,2.32,9.26,9.55,0.0,0.9,No,0.0,20.86,19.71,1.15,19.71,True,2024,2024-09-01,September,0.055129434324065196
ORD-001958,C-0638,2025-08-18,Website,PayPal,Southeast,1,Clothing,81.78,0,0.0,30.2,32.42,0.0,2.67,No,0.0,81.78,65.29,16.49,65.29,True,2025,2025-08-01,August,0.20163854243091217
ORD-001959,C-0633,2025-11-14,Website,Credit Card,Southwest,3,Sports,115.78,25,28.95,68.2,44.36,0.0,2.82,No,0.0,86.83,115.38,-28.55,115.38,True,2025,2025-11-01,November,-0.32880340896003685
ORD-001960,C-0779,2024-07-29,Social Commerce,PayPal,Northeast,5,Toys,420.17,0,0.0,66.96,142.07,33.61,12.48,No,0.0,420.17,255.12,165.05,255.11999999999998,True,2024,2024-07-01,July,0.392817193040912
ORD-001961,C-0563,2025-08-30,Marketplace,Buy Now Pay Later,West Coast,2,Beauty,40.56,10,4.06,26.52,14.42,5.47,1.36,No,0.0,36.5,47.77,-11.27,47.769999999999996,True,2025,2025-08-01,August,-0.3087671232876712
ORD-001962,C-0262,2024-07-15,Website,Credit Card,Northeast,4,Electronics,776.74,10,77.67,94.46,251.49,0.0,20.57,No,0.0,699.07,366.52,332.55,366.52,True,2024,2024-07-01,July,0.47570343456306236
ORD-001963,C-0354,2025-11-17,Website,Credit Card,West Coast,1,Toys,45.27,10,4.53,12.78,23.99,0.0,1.48,No,0.0,40.74,38.25,2.49,38.24999999999999,True,2025,2025-11-01,November,0.06111929307805597
ORD-001964,C-0449,2025-09-09,Social Commerce,Buy Now Pay Later,Southeast,1,Clothing,63.94,0,0.0,8.46,20.51,5.12,2.15,Yes,63.94,0.0,36.24,-36.24,36.24,True,2025,2025-09-01,September,
ORD-001965,C-0345,2025-03-06,Website,Buy Now Pay Later,Southeast,3,Home & Kitchen,336.13,0,0.0,46.46,202.14,0.0,10.05,Yes,336.13,0.0,258.65,-258.65,258.65,True,2025,2025-03-01,March,
ORD-001966,C-0064,2024-09-02,Mobile App,Buy Now Pay Later,Northeast,2,Electronics,61.33,0,0.0,21.56,28.35,0.0,2.08,No,0.0,61.33,51.99,9.34,51.989999999999995,True,2024,2024-09-01,September,0.15229088537420513
ORD-001967,C-0229,2025-07-15,Website,Buy Now Pay Later,West Coast,1,Toys,52.54,15,7.88,5.82,30.58,0.0,1.6,No,0.0,44.66,38.0,6.66,38.0,True,2025,2025-07-01,July,0.1491267353336319
ORD-001968,C-0257,2024-08-28,Mobile App,PayPal,West Coast,1,Books,9.77,10,0.98,11.74,4.49,0.0,0.55,No,0.0,8.79,16.78,-7.99,16.78,True,2024,2024-08-01,August,-0.9089874857792948
ORD-001969,C-0589,2024-05-29,Website,Credit Card,Southeast,3,Sports,70.65,5,3.53,29.54,29.0,0.0,2.25,No,0.0,67.12,60.79,6.33,60.79,True,2024,2024-05-01,May,0.09430870083432658
ORD-001970,C-0438,2025-07-09,Mobile App,PayPal,Southeast,1,Beauty,11.82,10,1.18,11.9,5.81,0.0,0.61,No,0.0,10.64,18.32,-7.68,18.32,True,2025,2025-07-01,July,-0.7218045112781954
ORD-001971,C-0767,2024-12-05,Social Commerce,PayPal,West Coast,1,Food & Beverage,50.95,20,10.19,14.38,18.74,3.26,1.48,No,0.0,40.76,37.86,2.9,37.85999999999999,True,2024,2024-12-01,December,0.07114818449460256
ORD-001972,C-0088,2025-02-09,Mobile App,Gift Card,Southeast,3,Home & Kitchen,127.47,0,0.0,32.72,51.05,0.0,4.0,No,0.0,127.47,87.77,39.7,87.77,True,2025,2025-02-01,February,0.3114458303914647
ORD-001973,C-0403,2024-12-26,Social Commerce,Debit Card,Southeast,2,Toys,240.64,15,36.1,17.14,87.75,16.36,6.23,Yes,204.54,0.0,127.48,-127.48,127.48,True,2024,2024-12-01,December,
ORD-001974,C-0744,2025-11-25,Marketplace,Debit Card,Southeast,5,Beauty,419.08,10,41.91,67.06,141.41,56.58,11.24,No,0.0,377.17,276.29,100.88,276.29,True,2025,2025-11-01,November,0.2674655990667338
ORD-001975,C-0709,2025-11-12,Website,Debit Card,Northeast,1,Clothing,93.89,10,9.39,6.14,32.81,0.0,2.75,No,0.0,84.5,41.7,42.8,41.7,True,2025,2025-11-01,November,0.506508875739645
ORD-001976,C-0414,2025-07-01,Mobile App,Credit Card,Midwest,1,Clothing,13.66,0,0.0,10.62,4.69,0.0,0.7,No,0.0,13.66,16.01,-2.35,16.009999999999998,True,2025,2025-07-01,July,-0.1720351390922401
ORD-001977,C-0627,2025-07-17,Mobile App,Credit Card,Midwest,1,Toys,69.12,20,13.82,9.1,20.88,0.0,1.9,No,0.0,55.3,31.88,23.42,31.879999999999995,True,2025,2025-07-01,July,0.4235081374321881
ORD-001978,C-0664,2024-06-21,Website,PayPal,Southwest,2,Books,94.67,5,4.73,29.46,37.97,0.0,2.91,No,0.0,89.94,70.34,19.6,70.34,True,2024,2024-06-01,June,0.21792305981765622
ORD-001979,C-0444,2025-04-06,Website,Credit Card,West Coast,1,Food & Beverage,32.04,10,3.2,14.22,19.99,0.0,1.14,No,0.0,28.84,35.35,-6.51,35.35,True,2025,2025-04-01,April,-0.2257281553398058
ORD-001980,C-0555,2025-01-01,Marketplace,Gift Card,Midwest,2,Clothing,110.74,0,0.0,37.98,35.03,16.61,3.51,No,0.0,110.74,93.13,17.61,93.13,True,2025,2025-01-01,January,0.15902113057612427
ORD-001981,C-0385,2024-10-06,Social Commerce,Credit Card,Southwest,1,Clothing,7.77,0,0.0,4.7,4.58,0.62,0.53,Yes,7.77,0.0,10.43,-10.43,10.43,True,2024,2024-10-01,October,
ORD-001982,C-0509,2025-05-19,Website,PayPal,Northeast,1,Clothing,62.28,10,6.23,10.54,23.32,0.0,1.93,No,0.0,56.05,35.79,20.26,35.79,True,2025,2025-05-01,May,0.36146297948260486
ORD-001983,C-0683,2024-12-03,Marketplace,PayPal,Southeast,3,Beauty,245.52,5,12.28,44.82,96.89,34.99,7.06,No,0.0,233.24,183.76,49.48,183.76000000000002,True,2024,2024-12-01,December,0.21214199965700564
ORD-001984,C-0366,2024-07-21,Website,Credit Card,Southeast,2,Clothing,119.58,0,0.0,35.46,55.23,0.0,3.77,No,0.0,119.58,94.46,25.12,94.46,True,2024,2024-07-01,July,0.21006857334002343
ORD-001985,C-0530,2025-05-17,Mobile App,Credit Card,Southwest,1,Home & Kitchen,83.78,0,0.0,14.22,25.22,0.0,2.73,No,0.0,83.78,42.17,41.61,42.169999999999995,True,2025,2025-05-01,May,0.49665791358319406
ORD-001986,C-0354,2025-08-03,Mobile App,Buy Now Pay Later,West Coast,3,Books,141.74,10,14.17,42.48,76.83,0.0,4.0,No,0.0,127.57,123.31,4.26,123.31,True,2025,2025-08-01,August,0.03339343105745865
ORD-001987,C-0620,2025-08-31,Mobile App,Credit Card,West Coast,1,Sports,48.46,0,0.0,13.4,25.94,0.0,1.71,Yes,48.46,0.0,41.05,-41.05,41.050000000000004,True,2025,2025-08-01,August,
ORD-001988,C-0261,2025-04-09,Mobile App,PayPal,West Coast,1,Sports,77.62,10,7.76,22.84,33.1,0.0,2.33,No,0.0,69.86,58.27,11.59,58.269999999999996,True,2025,2025-04-01,April,0.16590323504151158
ORD-001989,C-0467,2024-02-20,Website,PayPal,West Coast,2,Books,187.72,10,18.77,34.42,57.52,0.0,5.2,No,0.0,168.95,97.14,71.81,97.14,True,2024,2024-02-01,February,0.4250369931932525
ORD-001990,C-0473,2025-05-08,Mobile App,Credit Card,Northeast,1,Beauty,116.46,10,11.65,26.84,44.84,0.0,3.34,Yes,104.81,-0.0,75.02,-75.02,75.02000000000001,True,2025,2025-05-01,May,
ORD-001991,C-0215,2025-02-01,Mobile App,Credit Card,Southwest,2,Sports,176.77,0,0.0,40.5,67.33,0.0,5.43,No,0.0,176.77,113.26,63.51,113.25999999999999,True,2025,2025-02-01,February,0.3592804208858969
ORD-001992,C-0603,2024-07-16,Social Commerce,Buy Now Pay Later,Southeast,1,Food & Beverage,111.64,0,0.0,14.22,37.84,8.93,3.54,Yes,111.64,0.0,64.53,-64.53,64.53,True,2024,2024-07-01,July,
ORD-001993,C-0586,2025-08-25,Website,Gift Card,Southeast,1,Clothing,90.19,5,4.51,13.42,33.04,0.0,2.78,No,0.0,85.68,49.24,36.44,49.24,True,2025,2025-08-01,August,0.42530345471521935
ORD-001994,C-0007,2024-12-10,Website,Credit Card,Midwest,4,Clothing,368.42,15,55.26,37.12,121.25,0.0,9.38,No,0.0,313.16,167.75,145.41,167.75,True,2024,2024-12-01,December,0.46433133222633793
ORD-001995,C-0025,2025-02-05,Mobile App,Credit Card,Southeast,1,Books,26.5,15,3.98,5.5,8.06,0.0,0.95,No,0.0,22.52,14.51,8.01,14.51,True,2025,2025-02-01,February,0.35568383658969804
ORD-001996,C-0250,2025-09-06,Mobile App,Debit Card,Midwest,2,Electronics,178.22,0,0.0,51.04,80.51,0.0,5.47,No,0.0,178.22,137.02,41.2,137.02,True,2025,2025-09-01,September,0.2311749523061385
ORD-001997,C-0652,2025-06-27,Mobile App,Buy Now Pay Later,Midwest,3,Beauty,201.02,0,0.0,42.54,75.39,0.0,6.13,No,0.0,201.02,124.06,76.96,124.06,True,2025,2025-06-01,June,0.3828474778628992
ORD-001998,C-0473,2025-01-20,Marketplace,Credit Card,Southeast,1,Beauty,35.41,0,0.0,12.14,18.89,5.31,1.33,Yes,35.41,0.0,37.67,-37.67,37.67,True,2025,2025-01-01,January,
ORD-001999,C-0784,2025-08-14,Website,Credit Card,Northeast,2,Toys,81.67,10,8.17,27.08,36.91,0.0,2.43,No,0.0,73.5,66.42,7.08,66.42,True,2025,2025-08-01,August,0.0963265306122449
ORD-002000,C-0377,2025-11-21,Website,Credit Card,Southwest,1,Electronics,260.5,20,52.1,11.82,78.92,0.0,6.34,Yes,208.4,0.0,97.08,-97.08,97.08000000000001,True,2025,2025-11-01,November,
